"","Date.x","Station.x","get_ts","get_map","Station"
"1",2020-10-03 05:26:15,"B2",NA,0.15,"B2"
"2",2020-10-03 05:26:15,"I1",NA,0.16,"I1"
"3",2020-10-03 05:26:15,"I3",NA,0.18,"I3"
"4",2020-10-03 05:26:15,"M5",NA,NA,"M5"
"5",2020-10-03 05:26:15,"P1",NA,0.24,"P1"
"6",2020-10-03 05:26:15,"P2",NA,0.14,"P2"
"7",2020-10-03 05:26:15,"S2",NA,NA,"S2"
"8",2020-10-03 05:26:15,"S4",0.230593081011249,0.16,"S4"
"9",2020-10-04 17:14:35,"B2",NA,0.17,"B2"
"10",2020-10-04 17:14:35,"I1",NA,0.19,"I1"
"11",2020-10-04 17:14:35,"I3",NA,0.22,"I3"
"12",2020-10-04 17:14:35,"M5",NA,NA,"M5"
"13",2020-10-04 17:14:35,"P1",NA,0.19,"P1"
"14",2020-10-04 17:14:35,"P2",NA,0.21,"P2"
"15",2020-10-04 17:14:35,"S2",NA,NA,"S2"
"16",2020-10-04 17:14:35,"S4",0.152666763119521,0.14,"S4"
"17",2020-10-05 17:07:09,"B2",NA,0.2,"B2"
"18",2020-10-05 17:07:09,"I1",NA,0.25,"I1"
"19",2020-10-05 17:07:09,"I3",NA,0.16,"I3"
"20",2020-10-05 17:07:09,"M5",NA,NA,"M5"
"21",2020-10-05 17:07:09,"P1",NA,0.26,"P1"
"22",2020-10-05 17:07:09,"P2",NA,0.16,"P2"
"23",2020-10-05 17:07:09,"S2",NA,NA,"S2"
"24",2020-10-05 17:07:09,"S4",0.178585493116087,0.17,"S4"
"25",2020-10-09 05:26:55,"M5",NA,NA,"M5"
"26",2020-10-09 05:26:55,"S2",NA,NA,"S2"
"27",2020-10-09 05:26:55,"S4",0.187729662450065,0.15,"S4"
"28",2020-10-09 05:27:20,"B2",NA,0.13,"B2"
"29",2020-10-09 05:27:20,"I1",NA,0.19,"I1"
"30",2020-10-09 05:27:20,"I3",NA,0.21,"I3"
"31",2020-10-09 05:27:20,"P1",NA,0.2,"P1"
"32",2020-10-09 05:27:20,"P2",NA,0.31,"P2"
"33",2020-10-10 17:15:30,"B2",NA,0.21,"B2"
"34",2020-10-10 17:15:30,"I1",NA,0.27,"I1"
"35",2020-10-10 17:15:30,"I3",NA,0.21,"I3"
"36",2020-10-10 17:15:30,"M5",NA,NA,"M5"
"37",2020-10-10 17:15:30,"P1",NA,0.24,"P1"
"38",2020-10-10 17:15:30,"P2",NA,0.23,"P2"
"39",2020-10-10 17:15:30,"S2",NA,NA,"S2"
"40",2020-10-10 17:15:30,"S4",0.184817592258715,0.16,"S4"
"41",2020-10-11 17:06:26,"B2",NA,0.2,"B2"
"42",2020-10-11 17:06:26,"I1",NA,0.18,"I1"
"43",2020-10-11 17:06:26,"I3",NA,0.27,"I3"
"44",2020-10-11 17:06:26,"M5",NA,NA,"M5"
"45",2020-10-11 17:06:26,"P1",NA,0.24,"P1"
"46",2020-10-11 17:06:26,"P2",NA,0.22,"P2"
"47",2020-10-11 17:06:26,"S2",NA,NA,"S2"
"48",2020-10-11 17:06:26,"S4",0.178585493116087,0.27,"S4"
"49",2020-10-15 05:26:15,"B1",0.208617453816752,0.17,"B1"
"50",2020-10-15 05:26:15,"B2",0.125034310812007,0.15,"B2"
"51",2020-10-15 05:26:15,"B3",0.234339924693544,0.09,"B3"
"52",2020-10-15 05:26:15,"I1",0.135238412952966,0.24,"I1"
"53",2020-10-15 05:26:15,"I3",0.186707169599549,0.14,"I3"
"54",2020-10-15 05:26:15,"M5",NA,NA,"M5"
"55",2020-10-15 05:26:15,"P1",0.190979429550788,0.15,"P1"
"56",2020-10-15 05:26:15,"P2",0.199211045220975,0.26,"P2"
"57",2020-10-15 05:26:15,"P3",0.199947488041697,0.18,"P3"
"58",2020-10-15 05:26:15,"S2",NA,NA,"S2"
"59",2020-10-17 17:07:09,"B1",0.199909485871955,0.13,"B1"
"60",2020-10-17 17:07:09,"B2",0.182498114451734,0.18,"B2"
"61",2020-10-17 17:07:09,"B3",0.258486215785978,0.1,"B3"
"62",2020-10-17 17:07:09,"I1",0.149949812655048,0.16,"I1"
"63",2020-10-17 17:07:09,"I3",0.168193443555469,0.14,"I3"
"64",2020-10-17 17:07:09,"M5",NA,NA,"M5"
"65",2020-10-17 17:07:09,"P1",0.193325960919825,0.18,"P1"
"66",2020-10-17 17:07:09,"P2",0.210453087187664,0.16,"P2"
"67",2020-10-17 17:07:09,"P3",0.171495028856721,0.16,"P3"
"68",2020-10-17 17:07:09,"S2",NA,NA,"S2"
"69",2020-10-21 05:26:54,"M5",NA,NA,"M5"
"70",2020-10-21 05:26:54,"S2",NA,NA,"S2"
"71",2020-10-21 05:27:19,"B1",0.212528088072443,0.17,"B1"
"72",2020-10-21 05:27:19,"B2",0.130943642987939,0.17,"B2"
"73",2020-10-21 05:27:19,"B3",0.258056842458921,0.2,"B3"
"74",2020-10-21 05:27:19,"I1",0.147831689953603,0.18,"I1"
"75",2020-10-21 05:27:19,"I3",0.187768727011235,0.16,"I3"
"76",2020-10-21 05:27:19,"P1",0.20165901697383,0.22,"P1"
"77",2020-10-21 05:27:19,"P2",0.183985320863576,0.27,"P2"
"78",2020-10-21 05:27:19,"P3",0.169589543649438,0.16,"P3"
"79",2020-10-22 17:15:30,"B1",0.185221242453314,0.14,"B1"
"80",2020-10-22 17:15:30,"B2",0.184012775587781,0.16,"B2"
"81",2020-10-22 17:15:30,"B3",0.255947984740581,0.16,"B3"
"82",2020-10-22 17:15:30,"I1",0.163128515637715,0.2,"I1"
"83",2020-10-22 17:15:30,"I3",0.184868512488678,0.26,"I3"
"84",2020-10-22 17:15:30,"M5",NA,NA,"M5"
"85",2020-10-22 17:15:30,"P1",0.188453468789217,0.24,"P1"
"86",2020-10-22 17:15:30,"P2",0.182391924781316,0.22,"P2"
"87",2020-10-22 17:15:30,"P3",0.169589543649438,0.28,"P3"
"88",2020-10-22 17:15:30,"S2",NA,NA,"S2"
"89",2020-10-23 17:06:26,"B1",0.20177150724278,0.14,"B1"
"90",2020-10-23 17:06:26,"B2",0.171432350874588,0.16,"B2"
"91",2020-10-23 17:06:26,"B3",0.252680552442201,0.12,"B3"
"92",2020-10-23 17:06:26,"I1",0.154360941241276,0.22,"I1"
"93",2020-10-23 17:06:26,"I3",0.19280835815192,0.23,"I3"
"94",2020-10-23 17:06:26,"M5",NA,NA,"M5"
"95",2020-10-23 17:06:26,"P1",0.185410964695564,0.2,"P1"
"96",2020-10-23 17:06:26,"P2",0.185236823550884,0.18,"P2"
"97",2020-10-23 17:06:26,"P3",0.191885350459963,0.2,"P3"
"98",2020-10-23 17:06:26,"S2",NA,NA,"S2"
"99",2020-10-27 05:26:15,"B1",0.241697310634102,0.17,"B1"
"100",2020-10-27 05:26:15,"B2",0.179993959910209,0.21,"B2"
"101",2020-10-27 05:26:15,"B3",0.242592597889225,0.11,"B3"
"102",2020-10-27 05:26:15,"I1",0.149826436184282,0.27,"I1"
"103",2020-10-27 05:26:15,"I3",0.178547207064583,0.19,"I3"
"104",2020-10-27 05:26:15,"M5",NA,NA,"M5"
"105",2020-10-27 05:26:15,"P1",0.197118484228445,0.23,"P1"
"106",2020-10-27 05:26:15,"P2",0.196696174784154,0.29,"P2"
"107",2020-10-27 05:26:15,"P3",0.206053559826155,0.3,"P3"
"108",2020-10-27 05:26:15,"S2",NA,NA,"S2"
"109",2020-10-28 17:14:36,"B1",0.216408469693348,0.16,"B1"
"110",2020-10-28 17:14:36,"B2",0.184012775587781,0.14,"B2"
"111",2020-10-28 17:14:36,"B3",0.240465099601267,0.22,"B3"
"112",2020-10-28 17:14:36,"I1",0.158907199628581,0.17,"I1"
"113",2020-10-28 17:14:36,"I3",0.19280835815192,0.21,"I3"
"114",2020-10-28 17:14:36,"M5",NA,NA,"M5"
"115",2020-10-28 17:14:36,"P1",0.19553937351679,0.21,"P1"
"116",2020-10-28 17:14:36,"P2",0.19096010613452,0.24,"P2"
"117",2020-10-28 17:14:36,"P3",0.201131041053468,0.23,"P3"
"118",2020-10-28 17:14:36,"S2",NA,NA,"S2"
"119",2020-10-29 17:07:09,"B1",0.208359849225075,0.16,"B1"
"120",2020-10-29 17:07:09,"B2",0.156784214236218,0.17,"B2"
"121",2020-10-29 17:07:09,"B3",0.244222562684748,0.08,"B3"
"122",2020-10-29 17:07:09,"I1",0.157930435734689,0.22,"I1"
"123",2020-10-29 17:07:09,"I3",0.193808548676892,0.21,"I3"
"124",2020-10-29 17:07:09,"M5",NA,NA,"M5"
"125",2020-10-29 17:07:09,"P1",0.198013837984004,0.24,"P1"
"126",2020-10-29 17:07:09,"P2",0.213158740470266,0.25,"P2"
"127",2020-10-29 17:07:09,"P3",0.185629567411525,0.17,"P3"
"128",2020-10-29 17:07:09,"S2",NA,NA,"S2"
"129",2020-11-02 05:26:54,"M5",NA,NA,"M5"
"130",2020-11-02 05:26:54,"S2",NA,NA,"S2"
"131",2020-11-02 05:27:19,"B1",0.219252309199132,0.13,"B1"
"132",2020-11-02 05:27:19,"B2",0.146624092381354,0.14,"B2"
"133",2020-11-02 05:27:19,"B3",0.242592597889225,0.09,"B3"
"134",2020-11-02 05:27:19,"I1",0.146524274631577,0.18,"I1"
"135",2020-11-02 05:27:19,"I3",0.179257491327819,0.18,"I3"
"136",2020-11-02 05:27:19,"P1",0.210649156058507,0.22,"P1"
"137",2020-11-02 05:27:19,"P2",0.190666594586089,0.28,"P2"
"138",2020-11-02 05:27:19,"P3",0.169589543649438,0.21,"P3"
"139",2020-11-03 17:15:30,"B1",0.218415487489813,0.14,"B1"
"140",2020-11-03 17:15:30,"B2",0.190021056562895,0.15,"B2"
"141",2020-11-03 17:15:30,"B3",0.254233636676534,0.11,"B3"
"142",2020-11-03 17:15:30,"I1",0.151697856598482,0.18,"I1"
"143",2020-11-03 17:15:30,"I3",0.185875882211807,0.16,"I3"
"144",2020-11-03 17:15:30,"M5",NA,NA,"M5"
"145",2020-11-03 17:15:30,"P1",0.19553937351679,0.24,"P1"
"146",2020-11-03 17:15:30,"P2",0.182751709584974,0.24,"P2"
"147",2020-11-03 17:15:30,"P3",0.204692990143871,0.24,"P3"
"148",2020-11-03 17:15:30,"S2",NA,NA,"S2"
"149",2020-11-04 17:06:26,"B1",0.214045547739425,0.16,"B1"
"150",2020-11-04 17:06:26,"B2",0.174424527133989,0.16,"B2"
"151",2020-11-04 17:06:26,"B3",0.242975030963543,0.11,"B3"
"152",2020-11-04 17:06:26,"I1",0.154576385520735,0.18,"I1"
"153",2020-11-04 17:06:26,"I3",0.193574468745924,0.21,"I3"
"154",2020-11-04 17:06:26,"M5",NA,NA,"M5"
"155",2020-11-04 17:06:26,"P1",0.190518690733531,0.17,"P1"
"156",2020-11-04 17:06:26,"P2",0.199503444970448,0.23,"P2"
"157",2020-11-04 17:06:26,"P3",0.183661720504862,0.23,"P3"
"158",2020-11-04 17:06:26,"S2",NA,NA,"S2"
"159",2020-11-08 05:26:15,"B1",0.181156375454081,0.17,"B1"
"160",2020-11-08 05:26:15,"B2",0.136031725352763,0.18,"B2"
"161",2020-11-08 05:26:15,"B3",0.247503206987243,0.09,"B3"
"162",2020-11-08 05:26:15,"I1",0.160832687837201,0.24,"I1"
"163",2020-11-08 05:26:15,"I3",0.154803314938561,0.17,"I3"
"164",2020-11-08 05:26:15,"M5",NA,NA,"M5"
"165",2020-11-08 05:26:15,"P1",0.190339855285755,0.22,"P1"
"166",2020-11-08 05:26:15,"P2",0.175334211462739,0.26,"P2"
"167",2020-11-08 05:26:15,"P3",0.167957813671906,0.18,"P3"
"168",2020-11-08 05:26:15,"S2",NA,NA,"S2"
"169",2020-11-09 17:14:35,"B1",0.206487965628164,0.16,"B1"
"170",2020-11-09 17:14:35,"B2",0.153804090098493,0.15,"B2"
"171",2020-11-09 17:14:35,"B3",0.254445888792572,0.11,"B3"
"172",2020-11-09 17:14:35,"I1",0.164039737476533,0.2,"I1"
"173",2020-11-09 17:14:35,"I3",0.183947161297503,0.18,"I3"
"174",2020-11-09 17:14:35,"M5",NA,NA,"M5"
"175",2020-11-09 17:14:35,"P1",0.190491287494752,0.27,"P1"
"176",2020-11-09 17:14:35,"P2",0.181719148822441,0.23,"P2"
"177",2020-11-09 17:14:35,"P3",0.207269772488387,0.27,"P3"
"178",2020-11-09 17:14:35,"S2",NA,NA,"S2"
"179",2020-11-10 17:07:09,"B1",0.183719078910672,0.17,"B1"
"180",2020-11-10 17:07:09,"B2",0.182368325828195,0.15,"B2"
"181",2020-11-10 17:07:09,"B3",0.254445888792572,0.1,"B3"
"182",2020-11-10 17:07:09,"I1",0.166840667856953,0.25,"I1"
"183",2020-11-10 17:07:09,"I3",0.174984159724469,0.2,"I3"
"184",2020-11-10 17:07:09,"M5",NA,NA,"M5"
"185",2020-11-10 17:07:09,"P1",0.192561425046431,0.21,"P1"
"186",2020-11-10 17:07:09,"P2",0.202918663740092,0.23,"P2"
"187",2020-11-10 17:07:09,"P3",0.169589543649438,0.21,"P3"
"188",2020-11-10 17:07:09,"S2",NA,NA,"S2"
"189",2020-11-14 05:26:54,"M5",NA,NA,"M5"
"190",2020-11-14 05:26:54,"S2",NA,NA,"S2"
"191",2020-11-14 05:27:19,"B1",0.1859255307364,0.14,"B1"
"192",2020-11-14 05:27:19,"B2",0.114171993778398,0.14,"B2"
"193",2020-11-14 05:27:19,"B3",0.261659018658743,0.11,"B3"
"194",2020-11-14 05:27:19,"I1",0.151273403353211,0.18,"I1"
"195",2020-11-14 05:27:19,"I3",0.176150987489099,0.14,"I3"
"196",2020-11-14 05:27:19,"P1",0.197790011372408,0.19,"P1"
"197",2020-11-14 05:27:19,"P2",0.139758168021511,0.21,"P2"
"198",2020-11-14 05:27:19,"P3",0.133692876623545,0.14,"P3"
"199",2020-11-15 17:15:30,"B1",0.186253019706071,0.18,"B1"
"200",2020-11-15 17:15:30,"B2",0.153804090098493,0.14,"B2"
"201",2020-11-15 17:15:30,"B3",0.205773676783891,0.07,"B3"
"202",2020-11-15 17:15:30,"I1",0.160832687837201,0.18,"I1"
"203",2020-11-15 17:15:30,"I3",0.171219534894742,0.23,"I3"
"204",2020-11-15 17:15:30,"M5",NA,NA,"M5"
"205",2020-11-15 17:15:30,"P1",0.183405382767179,0.25,"P1"
"206",2020-11-15 17:15:30,"P2",0.139281649982382,0.17,"P2"
"207",2020-11-15 17:15:30,"P3",0.185880347164284,0.16,"P3"
"208",2020-11-15 17:15:30,"S2",NA,NA,"S2"
"209",2020-11-16 17:06:26,"B1",0.208611982391876,0.14,"B1"
"210",2020-11-16 17:06:26,"B2",0.185591052920417,0.14,"B2"
"211",2020-11-16 17:06:26,"B3",0.252501021535929,0.09,"B3"
"212",2020-11-16 17:06:26,"I1",0.174502817671846,0.26,"I1"
"213",2020-11-16 17:06:26,"I3",0.183922397154936,0.14,"I3"
"214",2020-11-16 17:06:26,"M5",NA,NA,"M5"
"215",2020-11-16 17:06:26,"P1",0.192561425046431,0.17,"P1"
"216",2020-11-16 17:06:26,"P2",0.206166610914917,0.23,"P2"
"217",2020-11-16 17:06:26,"P3",0.170616091766136,0.25,"P3"
"218",2020-11-16 17:06:26,"S2",NA,NA,"S2"
"219",2020-11-20 05:26:15,"B1",0.179445883741258,0.15,"B1"
"220",2020-11-20 05:26:15,"B2",0.128586754172072,0.16,"B2"
"221",2020-11-20 05:26:15,"B3",0.20609997133021,0.09,"B3"
"222",2020-11-20 05:26:15,"I1",0.155617839515063,0.17,"I1"
"223",2020-11-20 05:26:15,"I3",0.174984159724469,0.14,"I3"
"224",2020-11-20 05:26:15,"M5",NA,NA,"M5"
"225",2020-11-20 05:26:15,"P1",0.165518153413906,0.15,"P1"
"226",2020-11-20 05:26:15,"P2",0.176619002766433,0.27,"P2"
"227",2020-11-20 05:26:15,"P3",0.171495028856721,0.14,"P3"
"228",2020-11-20 05:26:15,"S2",NA,NA,"S2"
"229",2020-11-21 17:14:35,"B1",0.186741892651914,0.18,"B1"
"230",2020-11-21 17:14:35,"B2",0.147885796518737,0.14,"B2"
"231",2020-11-21 17:14:35,"B3",0.225146407816316,0.1,"B3"
"232",2020-11-21 17:14:35,"I1",0.163067995601717,0.19,"I1"
"233",2020-11-21 17:14:35,"I3",0.161089462976109,0.16,"I3"
"234",2020-11-21 17:14:35,"M5",NA,NA,"M5"
"235",2020-11-21 17:14:35,"P1",0.22912405988329,0.18,"P1"
"236",2020-11-21 17:14:35,"P2",0.121009038115898,0.17,"P2"
"237",2020-11-21 17:14:35,"P3",0.171495028856721,0.2,"P3"
"238",2020-11-21 17:14:35,"S2",NA,NA,"S2"
"239",2020-11-22 17:07:09,"B1",0.186444591503016,0.18,"B1"
"240",2020-11-22 17:07:09,"B2",0.146753424705073,0.14,"B2"
"241",2020-11-22 17:07:09,"B3",0.254445888792572,0.17,"B3"
"242",2020-11-22 17:07:09,"I1",0.155617839515063,0.18,"I1"
"243",2020-11-22 17:07:09,"I3",0.178403544140578,0.17,"I3"
"244",2020-11-22 17:07:09,"M5",NA,NA,"M5"
"245",2020-11-22 17:07:09,"P1",0.181388407199655,0.18,"P1"
"246",2020-11-22 17:07:09,"P2",0.16084572396126,0.17,"P2"
"247",2020-11-22 17:07:09,"P3",0.171495028856721,0.17,"P3"
"248",2020-11-22 17:07:09,"S2",NA,NA,"S2"
"249",2020-11-26 05:26:54,"M5",NA,NA,"M5"
"250",2020-11-26 05:26:54,"S2",NA,NA,"S2"
"251",2020-11-26 05:27:19,"B1",0.180726344176076,0.16,"B1"
"252",2020-11-26 05:27:19,"B2",0.110593396435052,0.16,"B2"
"253",2020-11-26 05:27:19,"B3",0.247503206987243,0.11,"B3"
"254",2020-11-26 05:27:19,"I1",0.138842867155984,0.23,"I1"
"255",2020-11-26 05:27:19,"I3",0.155500190543534,0.17,"I3"
"256",2020-11-26 05:27:19,"P1",0.197790011372408,0.21,"P1"
"257",2020-11-26 05:27:19,"P2",0.135884147249575,0.21,"P2"
"258",2020-11-26 05:27:19,"P3",0.129467231516328,0.2,"P3"
"259",2020-11-27 17:15:29,"B1",0.177278093189992,0.15,"B1"
"260",2020-11-27 17:15:29,"B2",0.15133034589423,0.15,"B2"
"261",2020-11-27 17:15:29,"B3",0.254445888792572,0.1,"B3"
"262",2020-11-27 17:15:29,"I1",0.155617839515063,0.19,"I1"
"263",2020-11-27 17:15:29,"I3",0.146068069086537,0.16,"I3"
"264",2020-11-27 17:15:29,"M5",NA,NA,"M5"
"265",2020-11-27 17:15:29,"P1",0.179545769253891,0.18,"P1"
"266",2020-11-27 17:15:29,"P2",0.14377060456861,0.2,"P2"
"267",2020-11-27 17:15:29,"P3",0.171495028856721,0.17,"P3"
"268",2020-11-27 17:15:29,"S2",NA,NA,"S2"
"269",2020-11-28 17:06:26,"B1",0.184938414245424,0.15,"B1"
"270",2020-11-28 17:06:26,"B2",0.143054838516405,0.12,"B2"
"271",2020-11-28 17:06:26,"B3",0.252524149703424,0.11,"B3"
"272",2020-11-28 17:06:26,"I1",0.151695563825689,0.18,"I1"
"273",2020-11-28 17:06:26,"I3",0.154803314938561,0.16,"I3"
"274",2020-11-28 17:06:26,"M5",NA,NA,"M5"
"275",2020-11-28 17:06:26,"P1",0.209315040288711,0.19,"P1"
"276",2020-11-28 17:06:26,"P2",0.160063785509856,0.16,"P2"
"277",2020-11-28 17:06:26,"P3",0.169589543649438,0.16,"P3"
"278",2020-11-28 17:06:26,"S2",NA,NA,"S2"
"279",2021-05-25 05:26:53,"S4",0.238471186576004,0.27,"S4"
"280",2021-05-25 05:27:18,"B2",NA,NA,"B2"
"281",2021-05-25 05:27:18,"B3",0.227148378441896,0.11,"B3"
"282",2021-05-25 05:27:18,"I1",NA,NA,"I1"
"283",2021-05-25 05:27:18,"I3",NA,NA,"I3"
"284",2021-05-25 05:27:18,"P1",NA,NA,"P1"
"285",2021-05-25 05:27:18,"P2",NA,NA,"P2"
"286",2021-05-26 17:15:29,"B2",NA,NA,"B2"
"287",2021-05-26 17:15:29,"B3",0.215403475832077,0.12,"B3"
"288",2021-05-26 17:15:29,"I1",NA,NA,"I1"
"289",2021-05-26 17:15:29,"I3",NA,NA,"I3"
"290",2021-05-26 17:15:29,"P1",NA,NA,"P1"
"291",2021-05-26 17:15:29,"P2",NA,NA,"P2"
"292",2021-05-26 17:15:29,"S4",0.226350349534694,0.13,"S4"
"293",2021-05-27 17:06:39,"B2",NA,NA,"B2"
"294",2021-05-27 17:06:39,"B3",0.249890953373968,0.15,"B3"
"295",2021-05-27 17:06:39,"I1",NA,NA,"I1"
"296",2021-05-27 17:06:39,"I3",NA,NA,"I3"
"297",2021-05-27 17:06:39,"P1",NA,NA,"P1"
"298",2021-05-27 17:06:39,"P2",NA,NA,"P2"
"299",2021-05-27 17:06:39,"S4",0.219063227821626,0.12,"S4"
"300",2021-05-31 05:26:14,"B2",NA,0.13,"B2"
"301",2021-05-31 05:26:14,"B3",0.227148378441896,0.12,"B3"
"302",2021-05-31 05:26:14,"I1",NA,0.16,"I1"
"303",2021-05-31 05:26:14,"I3",NA,0.18,"I3"
"304",2021-05-31 05:26:14,"P1",NA,0.15,"P1"
"305",2021-05-31 05:26:14,"P2",NA,0.22,"P2"
"306",2021-05-31 05:26:14,"S4",0.206808200432185,0.16,"S4"
"307",2021-06-01 17:14:35,"B2",NA,0.18,"B2"
"308",2021-06-01 17:14:35,"B3",0.220017666091907,0.13,"B3"
"309",2021-06-01 17:14:35,"I1",NA,0.16,"I1"
"310",2021-06-01 17:14:35,"I3",NA,0.2,"I3"
"311",2021-06-01 17:14:35,"P1",NA,0.24,"P1"
"312",2021-06-01 17:14:35,"P2",NA,0.21,"P2"
"313",2021-06-01 17:14:35,"S4",0.229316089667518,0.21,"S4"
"314",2021-06-02 17:07:09,"B2",NA,0.12,"B2"
"315",2021-06-02 17:07:09,"B3",0.218405162191742,0.18,"B3"
"316",2021-06-02 17:07:09,"I1",NA,0.16,"I1"
"317",2021-06-02 17:07:09,"I3",NA,0.18,"I3"
"318",2021-06-02 17:07:09,"P1",NA,0.18,"P1"
"319",2021-06-02 17:07:09,"P2",NA,0.17,"P2"
"320",2021-06-02 17:07:09,"S4",0.215298602991898,0.14,"S4"
"321",2021-06-06 05:26:54,"S4",0.226350349534694,0.16,"S4"
"322",2021-06-06 05:27:19,"B2",NA,0.17,"B2"
"323",2021-06-06 05:27:19,"B3",0.234343924317846,0.16,"B3"
"324",2021-06-06 05:27:19,"I1",NA,0.27,"I1"
"325",2021-06-06 05:27:19,"I3",NA,0.19,"I3"
"326",2021-06-06 05:27:19,"P1",NA,0.22,"P1"
"327",2021-06-06 05:27:19,"P2",NA,0.25,"P2"
"328",2021-06-07 17:15:30,"B2",NA,0.16,"B2"
"329",2021-06-07 17:15:30,"B3",0.213489428411949,0.14,"B3"
"330",2021-06-07 17:15:30,"I1",NA,0.21,"I1"
"331",2021-06-07 17:15:30,"I3",NA,0.17,"I3"
"332",2021-06-07 17:15:30,"P1",NA,0.28,"P1"
"333",2021-06-07 17:15:30,"P2",NA,0.27,"P2"
"334",2021-06-07 17:15:30,"S4",0.255644700665591,0.27,"S4"
"335",2021-06-12 05:26:15,"B2",0.274166597563151,0.18,"B2"
"336",2021-06-12 05:26:15,"B3",0.25607370828579,0.11,"B3"
"337",2021-06-12 05:26:15,"I1",0.251739010936874,0.17,"I1"
"338",2021-06-12 05:26:15,"I3",0.280815003328114,0.16,"I3"
"339",2021-06-12 05:26:15,"P1",0.178726772600623,0.2,"P1"
"340",2021-06-12 05:26:15,"P2",0.172656162255298,0.16,"P2"
"341",2021-06-12 05:26:15,"P3",0.166248109986015,0.16,"P3"
"342",2021-06-12 05:26:15,"S4",0.226350349534694,0.16,"S4"
"343",2021-06-13 17:14:36,"B2",0.272769499234616,0.11,"B2"
"344",2021-06-13 17:14:36,"B3",0.272937333933765,0.13,"B3"
"345",2021-06-13 17:14:36,"I1",0.264742503779549,0.2,"I1"
"346",2021-06-13 17:14:36,"I3",0.270446368670259,0.17,"I3"
"347",2021-06-13 17:14:36,"P1",0.186683314641362,0.21,"P1"
"348",2021-06-13 17:14:36,"P2",0.198306342544824,0.22,"P2"
"349",2021-06-13 17:14:36,"P3",0.13450360044363,0.19,"P3"
"350",2021-06-13 17:14:36,"S4",0.183486116791694,0.16,"S4"
"351",2021-06-18 05:26:55,"S4",0.179455054231271,0.15,"S4"
"352",2021-06-18 05:27:20,"B2",0.262371130075497,0.16,"B2"
"353",2021-06-18 05:27:20,"B3",0.280611308574747,0.13,"B3"
"354",2021-06-18 05:27:20,"I1",0.265164664252027,0.16,"I1"
"355",2021-06-18 05:27:20,"I3",0.280815003328114,0.15,"I3"
"356",2021-06-18 05:27:20,"P1",0.186683314641362,0.18,"P1"
"357",2021-06-18 05:27:20,"P2",0.192149181283672,0.17,"P2"
"358",2021-06-18 05:27:20,"P3",0.166248109986015,0.17,"P3"
"359",2021-06-19 17:15:31,"B2",0.280143600773827,0.17,"B2"
"360",2021-06-19 17:15:31,"B3",0.247287705225548,0.17,"B3"
"361",2021-06-19 17:15:31,"I1",0.265164664252027,0.22,"I1"
"362",2021-06-19 17:15:31,"I3",0.276513870713617,0.17,"I3"
"363",2021-06-19 17:15:31,"P1",0.172288245341828,0.26,"P1"
"364",2021-06-19 17:15:31,"P2",0.176423058191816,0.18,"P2"
"365",2021-06-19 17:15:31,"P3",0.137937249997722,0.21,"P3"
"366",2021-06-19 17:15:31,"S4",0.180014994687147,0.14,"S4"
"367",2021-06-20 17:06:36,"B2",0.294353635558576,0.2,"B2"
"368",2021-06-20 17:06:36,"B3",0.248123387176957,0.15,"B3"
"369",2021-06-20 17:06:36,"I1",0.265240077127713,0.25,"I1"
"370",2021-06-20 17:06:36,"I3",0.270756930537232,0.21,"I3"
"371",2021-06-20 17:06:36,"P1",0.207688941660755,0.22,"P1"
"372",2021-06-20 17:06:36,"P2",0.192149181283672,0.19,"P2"
"373",2021-06-20 17:06:36,"P3",0.137937249997722,0.23,"P3"
"374",2021-06-20 17:06:36,"S4",0.223473718692784,0.26,"S4"
"375",2021-06-24 05:26:16,"B2",0.252414450148909,0.14,"B2"
"376",2021-06-24 05:26:16,"B3",0.229755955657001,0.17,"B3"
"377",2021-06-24 05:26:16,"I1",0.251045884439779,0.17,"I1"
"378",2021-06-24 05:26:16,"I3",0.309050203347595,0.24,"I3"
"379",2021-06-24 05:26:16,"P1",0.152774984160904,0.18,"P1"
"380",2021-06-24 05:26:16,"P2",0.197961886602799,0.18,"P2"
"381",2021-06-24 05:26:16,"P3",0.169574961950228,0.23,"P3"
"382",2021-06-24 05:26:16,"S4",0.177217762906983,0.3,"S4"
"383",2021-06-25 17:14:36,"B2",0.262812819308028,0.15,"B2"
"384",2021-06-25 17:14:36,"B3",0.21492747796496,0.12,"B3"
"385",2021-06-25 17:14:36,"I1",0.243066326082982,0.2,"I1"
"386",2021-06-25 17:14:36,"I3",0.28491605063579,0.16,"I3"
"387",2021-06-25 17:14:36,"P1",0.186683314641362,0.19,"P1"
"388",2021-06-25 17:14:36,"P2",0.181847963327504,0.2,"P2"
"389",2021-06-25 17:14:36,"P3",0.129440547189955,0.23,"P3"
"390",2021-06-25 17:14:36,"S4",0.179455054231271,0.17,"S4"
"391",2021-06-26 17:07:10,"B2",0.267819079196343,0.16,"B2"
"392",2021-06-26 17:07:10,"I1",0.25557619017135,0.17,"I1"
"393",2021-06-26 17:07:10,"I3",0.270756930537232,0.15,"I3"
"394",2021-06-26 17:07:10,"M2",0.19442853717995,0.22,"M2"
"395",2021-06-26 17:07:10,"P1",0.17888920595999,0.18,"P1"
"396",2021-06-26 17:07:10,"P2",0.144642648029589,0.16,"P2"
"397",2021-06-26 17:07:10,"P3",0.129440547189955,0.18,"P3"
"398",2021-06-30 05:26:56,"M2",0.197463181434765,0.2,"M2"
"399",2021-06-30 05:27:21,"B2",0.281101805283912,0.13,"B2"
"400",2021-06-30 05:27:21,"I1",0.26347585637532,0.22,"I1"
"401",2021-06-30 05:27:21,"I3",0.304524183242569,0.17,"I3"
"402",2021-06-30 05:27:21,"P1",0.186823009406953,0.17,"P1"
"403",2021-06-30 05:27:21,"P2",0.195679600536739,0.15,"P2"
"404",2021-06-30 05:27:21,"P3",0.173630894309879,0.23,"P3"
"405",2021-07-01 17:15:31,"B2",0.267686163775044,0.12,"B2"
"406",2021-07-01 17:15:31,"I1",0.268516420934638,0.21,"I1"
"407",2021-07-01 17:15:31,"I3",0.276513870713617,0.23,"I3"
"408",2021-07-01 17:15:31,"M2",0.197731564992296,0.13,"M2"
"409",2021-07-01 17:15:31,"P1",0.189131119245882,0.18,"P1"
"410",2021-07-01 17:15:31,"P2",0.173457318058992,0.18,"P2"
"411",2021-07-01 17:15:31,"P3",0.13450360044363,0.25,"P3"
"412",2021-07-02 17:06:28,"B2",0.256559266680893,0.14,"B2"
"413",2021-07-02 17:06:28,"I1",0.26075710298893,0.24,"I1"
"414",2021-07-02 17:06:28,"I3",0.28280083964301,0.17,"I3"
"415",2021-07-02 17:06:28,"M2",0.207220489750849,0.14,"M2"
"416",2021-07-02 17:06:28,"P1",0.156673437308711,0.17,"P1"
"417",2021-07-02 17:06:28,"P2",0.168658366479379,0.16,"P2"
"418",2021-07-02 17:06:28,"P3",0.129440547189955,0.23,"P3"
"419",2021-07-06 05:26:16,"B2",0.277216432320594,0.14,"B2"
"420",2021-07-06 05:26:16,"I1",0.265240077127713,0.2,"I1"
"421",2021-07-06 05:26:16,"I3",0.276513870713617,0.23,"I3"
"422",2021-07-06 05:26:16,"M2",0.198782853757657,0.18,"M2"
"423",2021-07-06 05:26:16,"P1",0.186683314641362,0.22,"P1"
"424",2021-07-06 05:26:16,"P2",0.172656162255298,0.2,"P2"
"425",2021-07-06 05:26:16,"P3",0.173661491837198,0.22,"P3"
"426",2021-07-07 17:14:37,"B2",0.2628311238213,0.15,"B2"
"427",2021-07-07 17:14:37,"I1",0.251851267791877,0.21,"I1"
"428",2021-07-07 17:14:37,"I3",0.274190278189401,0.23,"I3"
"429",2021-07-07 17:14:37,"M2",0.190086216666483,0.15,"M2"
"430",2021-07-07 17:14:37,"P1",0.217478196851722,0.25,"P1"
"431",2021-07-07 17:14:37,"P2",0.17445191830689,0.23,"P2"
"432",2021-07-07 17:14:37,"P3",0.164964210012356,0.23,"P3"
"433",2021-07-08 17:07:11,"B2",0.297190363970244,0.2,"B2"
"434",2021-07-08 17:07:11,"I1",0.254112627362661,0.26,"I1"
"435",2021-07-08 17:07:11,"I3",0.310930907376011,0.21,"I3"
"436",2021-07-08 17:07:11,"M2",0.18601698878011,0.18,"M2"
"437",2021-07-08 17:07:11,"P1",0.270874166715581,0.24,"P1"
"438",2021-07-08 17:07:11,"P2",0.205377340154261,0.2,"P2"
"439",2021-07-08 17:07:11,"P3",0.164528148774729,0.2,"P3"
"440",2021-07-12 05:26:56,"M2",0.204031752531698,0.18,"M2"
"441",2021-07-12 05:26:56,"M3",NA,NA,"M3"
"442",2021-07-12 05:26:56,"S4",0.186691031005367,0.25,"S4"
"443",2021-07-12 05:27:21,"P1",NA,0.24,"P1"
"444",2021-07-12 05:27:21,"P2",NA,0.17,"P2"
"445",2021-07-12 05:27:21,"P3",NA,0.23,"P3"
"446",2021-07-13 17:15:32,"M2",0.208865105226124,0.25,"M2"
"447",2021-07-13 17:15:32,"M3",NA,NA,"M3"
"448",2021-07-13 17:15:32,"P1",NA,0.21,"P1"
"449",2021-07-13 17:15:32,"P2",NA,0.17,"P2"
"450",2021-07-13 17:15:32,"P3",NA,0.25,"P3"
"451",2021-07-13 17:15:32,"S4",0.190969013022054,0.12,"S4"
"452",2021-07-14 17:06:42,"M2",0.215911500465704,0.24,"M2"
"453",2021-07-14 17:06:42,"M3",NA,NA,"M3"
"454",2021-07-14 17:06:42,"P1",NA,0.24,"P1"
"455",2021-07-14 17:06:42,"P2",NA,0.23,"P2"
"456",2021-07-14 17:06:42,"P3",NA,0.21,"P3"
"457",2021-07-14 17:06:42,"S4",0.208177040732832,0.32,"S4"
"458",2021-07-18 05:26:17,"M2",0.25953744915643,0.17,"M2"
"459",2021-07-18 05:26:17,"M3",NA,NA,"M3"
"460",2021-07-18 05:26:17,"P1",NA,0.2,"P1"
"461",2021-07-18 05:26:17,"P2",NA,0.16,"P2"
"462",2021-07-18 05:26:17,"P3",NA,0.2,"P3"
"463",2021-07-18 05:26:17,"S4",0.21265485286413,0.16,"S4"
"464",2021-07-19 17:14:38,"M2",0.256060358155601,0.14,"M2"
"465",2021-07-19 17:14:38,"M3",NA,NA,"M3"
"466",2021-07-19 17:14:38,"P1",NA,0.24,"P1"
"467",2021-07-19 17:14:38,"P2",NA,0.23,"P2"
"468",2021-07-19 17:14:38,"P3",NA,0.18,"P3"
"469",2021-07-19 17:14:38,"S4",0.184339055904564,0.16,"S4"
"470",2021-07-20 17:07:12,"M2",NA,0.15,"M2"
"471",2021-07-20 17:07:12,"M3",NA,NA,"M3"
"472",2021-07-20 17:07:12,"P1",NA,0.2,"P1"
"473",2021-07-20 17:07:12,"P2",NA,0.18,"P2"
"474",2021-07-20 17:07:12,"P3",NA,0.19,"P3"
"475",2021-07-20 17:07:12,"S4",0.184339055904564,0.24,"S4"
"476",2021-07-24 05:26:57,"M2",NA,0.2,"M2"
"477",2021-07-24 05:26:57,"M3",NA,NA,"M3"
"478",2021-07-24 05:26:57,"S4",0.184339055904564,0.17,"S4"
"479",2021-07-24 05:27:22,"P1",NA,0.22,"P1"
"480",2021-07-24 05:27:22,"P2",NA,0.2,"P2"
"481",2021-07-24 05:27:22,"P3",NA,0.22,"P3"
"482",2021-07-25 17:15:33,"M2",NA,0.15,"M2"
"483",2021-07-25 17:15:33,"M3",NA,NA,"M3"
"484",2021-07-25 17:15:33,"P1",NA,0.25,"P1"
"485",2021-07-25 17:15:33,"P2",NA,0.18,"P2"
"486",2021-07-25 17:15:33,"P3",NA,0.18,"P3"
"487",2021-07-25 17:15:33,"S4",0.184339055904564,0.17,"S4"
"488",2021-07-26 17:06:42,"M2",NA,0.14,"M2"
"489",2021-07-26 17:06:42,"M3",NA,NA,"M3"
"490",2021-07-26 17:06:42,"P1",NA,0.24,"P1"
"491",2021-07-26 17:06:42,"P2",NA,0.27,"P2"
"492",2021-07-26 17:06:42,"P3",NA,0.21,"P3"
"493",2021-07-26 17:06:42,"S4",0.207193539144303,0.16,"S4"
"494",2021-07-30 05:26:18,"B3",0.229931486001592,0.11,"B3"
"495",2021-07-30 05:26:18,"M2",NA,0.17,"M2"
"496",2021-07-30 05:26:18,"M3",NA,NA,"M3"
"497",2021-07-30 05:26:18,"P1",NA,NA,"P1"
"498",2021-07-30 05:26:18,"P2",NA,NA,"P2"
"499",2021-07-30 05:26:18,"P3",NA,NA,"P3"
"500",2021-07-30 05:26:18,"S4",0.211265912845923,0.18,"S4"
"501",2021-07-31 17:14:39,"B3",0.245946958352489,0.21,"B3"
"502",2021-07-31 17:14:39,"M2",NA,0.28,"M2"
"503",2021-07-31 17:14:39,"M3",NA,NA,"M3"
"504",2021-07-31 17:14:39,"P1",NA,NA,"P1"
"505",2021-07-31 17:14:39,"P2",NA,NA,"P2"
"506",2021-07-31 17:14:39,"P3",NA,NA,"P3"
"507",2021-07-31 17:14:39,"S4",0.237241126511782,0.2,"S4"
"508",2021-08-01 17:07:12,"B3",0.245946958352489,0.24,"B3"
"509",2021-08-01 17:07:12,"M2",NA,0.16,"M2"
"510",2021-08-01 17:07:12,"M3",NA,NA,"M3"
"511",2021-08-01 17:07:12,"P1",NA,NA,"P1"
"512",2021-08-01 17:07:12,"P2",NA,NA,"P2"
"513",2021-08-01 17:07:12,"P3",NA,NA,"P3"
"514",2021-08-01 17:07:12,"S4",0.233352713490907,0.25,"S4"
"515",2021-08-05 05:26:58,"M2",0.243278869521262,0.24,"M2"
"516",2021-08-05 05:26:58,"M3",NA,NA,"M3"
"517",2021-08-05 05:26:58,"M4",NA,0.29,"M4"
"518",2021-08-05 05:26:58,"S4",0.253201419878463,0.19,"S4"
"519",2021-08-05 05:27:23,"B1",0.204372429958087,0.21,"B1"
"520",2021-08-05 05:27:23,"B3",0.235547997682425,0.24,"B3"
"521",2021-08-06 17:15:34,"B1",0.171489312230356,0.17,"B1"
"522",2021-08-06 17:15:34,"B3",0.228957854537192,0.16,"B3"
"523",2021-08-06 17:15:34,"M2",0.203766664079091,0.15,"M2"
"524",2021-08-06 17:15:34,"M3",NA,NA,"M3"
"525",2021-08-06 17:15:34,"M4",NA,0.2,"M4"
"526",2021-08-06 17:15:34,"S4",0.192906156920342,0.16,"S4"
"527",2021-08-07 17:06:28,"B1",0.192664396615012,0.18,"B1"
"528",2021-08-07 17:06:28,"B3",0.254876285957381,0.2,"B3"
"529",2021-08-07 17:06:28,"M2",0.232574134628495,0.23,"M2"
"530",2021-08-07 17:06:28,"M3",NA,NA,"M3"
"531",2021-08-07 17:06:28,"M4",NA,0.22,"M4"
"532",2021-08-07 17:06:28,"S4",0.235394427128015,0.22,"S4"
"533",2021-08-11 05:26:18,"B1",0.204372429958087,0.18,"B1"
"534",2021-08-11 05:26:18,"B3",0.229931486001592,0.13,"B3"
"535",2021-08-11 05:26:18,"M2",0.207497053110119,0.18,"M2"
"536",2021-08-11 05:26:18,"M3",NA,NA,"M3"
"537",2021-08-11 05:26:18,"M4",NA,0.19,"M4"
"538",2021-08-11 05:26:18,"S4",0.187581388975648,0.21,"S4"
"539",2021-08-12 17:14:39,"B1",0.187103710637746,0.19,"B1"
"540",2021-08-12 17:14:39,"B3",0.242470166724366,0.25,"B3"
"541",2021-08-12 17:14:39,"M2",0.213486878680925,0.21,"M2"
"542",2021-08-12 17:14:39,"M3",NA,NA,"M3"
"543",2021-08-12 17:14:39,"M4",NA,0.25,"M4"
"544",2021-08-12 17:14:39,"S4",0.195871897053166,0.12,"S4"
"545",2021-08-13 17:07:13,"B1",0.204343242354251,0.17,"B1"
"546",2021-08-13 17:07:13,"B3",0.244935751592523,0.21,"B3"
"547",2021-08-13 17:07:13,"M2",0.214857441924273,0.15,"M2"
"548",2021-08-13 17:07:13,"M4",NA,0.18,"M4"
"549",2021-08-13 17:07:13,"S4",0.179987164012027,0.17,"S4"
"550",2021-08-17 05:26:58,"M2",0.197606736710433,0.22,"M2"
"551",2021-08-17 05:26:58,"M4",NA,0.17,"M4"
"552",2021-08-17 05:26:58,"S4",0.200985591877475,0.18,"S4"
"553",2021-08-17 05:27:23,"B1",0.227637124219929,0.19,"B1"
"554",2021-08-17 05:27:23,"B3",0.236752536927879,0.11,"B3"
"555",2021-08-18 17:15:34,"B1",0.21016129352789,0.16,"B1"
"556",2021-08-18 17:15:34,"B3",0.231889247582602,0.18,"B3"
"557",2021-08-18 17:15:34,"M2",0.202134000047782,0.14,"M2"
"558",2021-08-18 17:15:34,"M4",NA,0.19,"M4"
"559",2021-08-18 17:15:34,"S4",0.182960807247272,0.24,"S4"
"560",2021-08-23 05:26:19,"B3",0.184556195748412,0.18,"B3"
"561",2021-08-23 05:26:19,"M2",0.206265240039956,0.22,"M2"
"562",2021-08-23 05:26:19,"M4",0.222351644114932,0.23,"M4"
"563",2021-08-23 05:26:19,"P3",NA,0.22,"P3"
"564",2021-08-23 05:26:19,"S4",0.223067611194314,0.2,"S4"
"565",2021-08-24 17:14:40,"B3",0.221331151339984,0.17,"B3"
"566",2021-08-24 17:14:40,"M2",0.227918563878209,0.26,"M2"
"567",2021-08-24 17:14:40,"M4",0.183317909493791,0.2,"M4"
"568",2021-08-24 17:14:40,"P3",NA,0.2,"P3"
"569",2021-08-24 17:14:40,"S4",0.168074794295362,0.16,"S4"
"570",2021-08-29 05:26:59,"M2",0.228229180417937,0.18,"M2"
"571",2021-08-29 05:26:59,"M3",NA,NA,"M3"
"572",2021-08-29 05:26:59,"M4",0.205803431248952,0.24,"M4"
"573",2021-08-29 05:26:59,"S4",0.154592020894103,0.15,"S4"
"574",2021-08-29 05:27:24,"B3",0.217526623403943,0.15,"B3"
"575",2021-08-29 05:27:24,"P3",NA,0.16,"P3"
"576",2021-08-30 17:15:35,"B3",0.221331151339984,0.23,"B3"
"577",2021-08-30 17:15:35,"M2",0.218344705337156,0.14,"M2"
"578",2021-08-30 17:15:35,"M3",NA,NA,"M3"
"579",2021-08-30 17:15:35,"M4",0.207933129261352,0.24,"M4"
"580",2021-08-30 17:15:35,"P3",NA,0.24,"P3"
"581",2021-08-30 17:15:35,"S4",0.182960807247272,0.24,"S4"
"582",2021-08-31 17:06:44,"B3",0.220770319532892,0.13,"B3"
"583",2021-08-31 17:06:44,"M2",0.213928695466786,0.18,"M2"
"584",2021-08-31 17:06:44,"M3",NA,NA,"M3"
"585",2021-08-31 17:06:44,"M4",0.201932684832513,0.2,"M4"
"586",2021-08-31 17:06:44,"P3",NA,0.28,"P3"
"587",2021-08-31 17:06:44,"S4",0.198732983670079,0.14,"S4"
"588",2021-09-04 05:26:20,"B3",0.184427286205671,0.12,"B3"
"589",2021-09-04 05:26:20,"M2",0.212343081285111,0.14,"M2"
"590",2021-09-04 05:26:20,"M3",NA,NA,"M3"
"591",2021-09-04 05:26:20,"M4",0.207834987422494,0.19,"M4"
"592",2021-09-04 05:26:20,"P3",NA,0.16,"P3"
"593",2021-09-04 05:26:20,"S4",0.159207410668759,0.17,"S4"
"594",2021-09-05 17:14:40,"B3",0.213349059320336,0.14,"B3"
"595",2021-09-05 17:14:40,"M2",0.226066087130073,0.2,"M2"
"596",2021-09-05 17:14:40,"M3",NA,NA,"M3"
"597",2021-09-05 17:14:40,"M4",0.195488170737615,0.19,"M4"
"598",2021-09-05 17:14:40,"P3",NA,0.18,"P3"
"599",2021-09-05 17:14:40,"S4",0.182960807247272,0.16,"S4"
"600",2021-09-06 17:07:14,"B3",0.229935041122365,0.13,"B3"
"601",2021-09-06 17:07:14,"M1",0.170783438413176,NA,"M1"
"602",2021-09-06 17:07:14,"M2",0.20802042044101,0.15,"M2"
"603",2021-09-06 17:07:14,"M3",NA,NA,"M3"
"604",2021-09-06 17:07:14,"M4",0.201932684832513,0.22,"M4"
"605",2021-09-06 17:07:14,"P1",NA,0.18,"P1"
"606",2021-09-06 17:07:14,"P2",0.160802121159089,0.16,"P2"
"607",2021-09-06 17:07:14,"P3",0.154888530503757,0.22,"P3"
"608",2021-09-06 17:07:14,"S4",0.188876713740752,0.13,"S4"
"609",2021-09-10 05:26:59,"M1",0.148814426223824,NA,"M1"
"610",2021-09-10 05:26:59,"M2",0.250460826553557,0.15,"M2"
"611",2021-09-10 05:26:59,"M3",NA,NA,"M3"
"612",2021-09-10 05:26:59,"M4",0.190183267841765,0.21,"M4"
"613",2021-09-10 05:26:59,"S4",0.169871607174037,0.18,"S4"
"614",2021-09-10 05:27:24,"B3",0.231416523222064,0.18,"B3"
"615",2021-09-10 05:27:24,"P1",NA,0.18,"P1"
"616",2021-09-10 05:27:24,"P2",0.164748850467516,0.19,"P2"
"617",2021-09-10 05:27:24,"P3",0.161140996454128,0.23,"P3"
"618",2021-09-11 17:15:35,"B3",0.226835452583531,0.14,"B3"
"619",2021-09-11 17:15:35,"M1",0.160997546771236,NA,"M1"
"620",2021-09-11 17:15:35,"M2",0.258070553476507,0.27,"M2"
"621",2021-09-11 17:15:35,"M3",NA,NA,"M3"
"622",2021-09-11 17:15:35,"M4",0.181219691376966,0.24,"M4"
"623",2021-09-11 17:15:35,"P1",NA,0.18,"P1"
"624",2021-09-11 17:15:35,"P2",0.152288135531791,0.21,"P2"
"625",2021-09-11 17:15:35,"P3",0.146688807876347,0.24,"P3"
"626",2021-09-11 17:15:35,"S4",0.207046621637193,0.26,"S4"
"627",2021-09-12 17:06:45,"B3",0.225723329292622,0.15,"B3"
"628",2021-09-12 17:06:45,"M1",0.153978292847956,NA,"M1"
"629",2021-09-12 17:06:45,"M2",0.264705815378625,0.18,"M2"
"630",2021-09-12 17:06:45,"M3",NA,NA,"M3"
"631",2021-09-12 17:06:45,"M4",0.187681046309665,0.19,"M4"
"632",2021-09-12 17:06:45,"P1",NA,0.18,"P1"
"633",2021-09-12 17:06:45,"P2",0.160385669862651,0.17,"P2"
"634",2021-09-12 17:06:45,"P3",0.128909568662441,0.24,"P3"
"635",2021-09-12 17:06:45,"S4",0.195798791246065,0.21,"S4"
"636",2021-09-16 05:26:20,"B3",0.196195544754551,0.18,"B3"
"637",2021-09-16 05:26:20,"M1",0.157451968744299,NA,"M1"
"638",2021-09-16 05:26:20,"M2",0.265308707895613,0.16,"M2"
"639",2021-09-16 05:26:20,"M3",NA,NA,"M3"
"640",2021-09-16 05:26:20,"M4",0.159490879809009,0.23,"M4"
"641",2021-09-16 05:26:20,"P1",NA,0.21,"P1"
"642",2021-09-16 05:26:20,"P2",0.194632638301421,0.27,"P2"
"643",2021-09-16 05:26:20,"P3",0.172144424814031,0.22,"P3"
"644",2021-09-16 05:26:20,"S4",0.210273084182545,0.19,"S4"
"645",2021-09-17 17:14:41,"B3",0.234083672574199,0.11,"B3"
"646",2021-09-17 17:14:41,"M1",0.147249593220392,NA,"M1"
"647",2021-09-17 17:14:41,"M2",0.252551811336376,0.15,"M2"
"648",2021-09-17 17:14:41,"M3",NA,NA,"M3"
"649",2021-09-17 17:14:41,"M4",0.176111150638065,0.18,"M4"
"650",2021-09-17 17:14:41,"P1",NA,0.17,"P1"
"651",2021-09-17 17:14:41,"P2",0.187596828501384,0.18,"P2"
"652",2021-09-17 17:14:41,"P3",0.157125022063158,0.26,"P3"
"653",2021-09-17 17:14:41,"S4",0.158822005676373,0.12,"S4"
"654",2021-09-18 17:07:15,"B3",0.234024252908366,0.12,"B3"
"655",2021-09-18 17:07:15,"M1",0.132786876440971,NA,"M1"
"656",2021-09-18 17:07:15,"M2",0.249893778727786,0.15,"M2"
"657",2021-09-18 17:07:15,"M3",NA,NA,"M3"
"658",2021-09-18 17:07:15,"M4",0.164261634939278,0.23,"M4"
"659",2021-09-18 17:07:15,"P1",NA,0.17,"P1"
"660",2021-09-18 17:07:15,"P2",0.197360473788155,0.17,"P2"
"661",2021-09-18 17:07:15,"P3",0.161140996454128,0.19,"P3"
"662",2021-09-18 17:07:15,"S4",0.18314930843471,0.24,"S4"
"663",2021-09-22 05:27:00,"M1",0.14183069172476,NA,"M1"
"664",2021-09-22 05:27:00,"M2",0.228708656638872,0.15,"M2"
"665",2021-09-22 05:27:00,"M3",NA,NA,"M3"
"666",2021-09-22 05:27:00,"M4",0.188709006383396,0.18,"M4"
"667",2021-09-22 05:27:00,"M5",NA,NA,"M5"
"668",2021-09-22 05:27:00,"S4",0.190911385389205,0.15,"S4"
"669",2021-09-22 05:27:25,"B1",0.215880890253061,0.15,"B1"
"670",2021-09-22 05:27:25,"B3",0.233961249653972,0.13,"B3"
"671",2021-09-22 05:27:25,"I3",0.184428968220381,0.17,"I3"
"672",2021-09-22 05:27:25,"P1",0.172546769611497,0.18,"P1"
"673",2021-09-22 05:27:25,"P2",0.171429358642411,0.18,"P2"
"674",2021-09-22 05:27:25,"P3",0.188885195888433,0.25,"P3"
"675",2021-09-23 17:15:36,"B1",0.179618234585009,0.16,"B1"
"676",2021-09-23 17:15:36,"B3",0.233693638940161,0.14,"B3"
"677",2021-09-23 17:15:36,"I3",0.181070562231914,0.22,"I3"
"678",2021-09-23 17:15:36,"M1",0.141102989265764,NA,"M1"
"679",2021-09-23 17:15:36,"M2",0.226717595586132,0.18,"M2"
"680",2021-09-23 17:15:36,"M3",NA,NA,"M3"
"681",2021-09-23 17:15:36,"M4",0.176111150638065,0.22,"M4"
"682",2021-09-23 17:15:36,"M5",NA,NA,"M5"
"683",2021-09-23 17:15:36,"P1",0.172405822883873,0.22,"P1"
"684",2021-09-23 17:15:36,"P2",0.158968643706685,0.17,"P2"
"685",2021-09-23 17:15:36,"P3",0.19128392481431,0.19,"P3"
"686",2021-09-23 17:15:36,"S4",0.150433680399848,0.15,"S4"
"687",2021-09-24 17:06:45,"B1",0.216948428418631,0.14,"B1"
"688",2021-09-24 17:06:45,"B3",0.243191360805644,0.19,"B3"
"689",2021-09-24 17:06:45,"I3",0.164626316470902,0.23,"I3"
"690",2021-09-24 17:06:45,"M1",0.148044580382211,NA,"M1"
"691",2021-09-24 17:06:45,"M2",0.21273100687624,0.24,"M2"
"692",2021-09-24 17:06:45,"M3",NA,NA,"M3"
"693",2021-09-24 17:06:45,"M4",0.191473744542344,0.2,"M4"
"694",2021-09-24 17:06:45,"M5",NA,NA,"M5"
"695",2021-09-24 17:06:45,"P1",0.17625124918696,0.2,"P1"
"696",2021-09-24 17:06:45,"P2",0.171429358642411,0.19,"P2"
"697",2021-09-24 17:06:45,"P3",0.19128392481431,0.2,"P3"
"698",2021-09-24 17:06:45,"S4",0.18988553139232,0.18,"S4"
"699",2021-09-28 05:26:21,"B1",0.193558802687912,0.17,"B1"
"700",2021-09-28 05:26:21,"B3",0.202646445672408,0.13,"B3"
"701",2021-09-28 05:26:21,"I3",0.164626316470902,0.16,"I3"
"702",2021-09-28 05:26:21,"M1",0.141102989265764,NA,"M1"
"703",2021-09-28 05:26:21,"M2",0.225035447391973,0.13,"M2"
"704",2021-09-28 05:26:21,"M3",NA,NA,"M3"
"705",2021-09-28 05:26:21,"M4",0.188709006383396,0.2,"M4"
"706",2021-09-28 05:26:21,"M5",NA,NA,"M5"
"707",2021-09-28 05:26:21,"P1",0.167029994578765,0.16,"P1"
"708",2021-09-28 05:26:21,"P2",0.172193946698751,0.24,"P2"
"709",2021-09-28 05:26:21,"P3",0.167929250811498,0.17,"P3"
"710",2021-09-28 05:26:21,"S4",0.160954966491688,0.14,"S4"
"711",2021-09-29 17:14:41,"B1",0.201940322150157,0.14,"B1"
"712",2021-09-29 17:14:41,"B3",0.241994562555906,0.12,"B3"
"713",2021-09-29 17:14:41,"I3",0.181070562231914,0.15,"I3"
"714",2021-09-29 17:14:41,"M1",0.142042814765458,NA,"M1"
"715",2021-09-29 17:14:41,"M2",0.228708656638872,0.16,"M2"
"716",2021-09-29 17:14:41,"M3",NA,NA,"M3"
"717",2021-09-29 17:14:41,"M4",0.177647283858887,0.16,"M4"
"718",2021-09-29 17:14:41,"M5",NA,NA,"M5"
"719",2021-09-29 17:14:41,"P1",0.233276968163403,0.17,"P1"
"720",2021-09-29 17:14:41,"P2",0.191164236390793,0.17,"P2"
"721",2021-09-29 17:14:41,"P3",0.20609604997756,0.25,"P3"
"722",2021-09-29 17:14:41,"S4",0.168300749129557,0.13,"S4"
"723",2021-09-30 17:07:15,"B1",0.20295410342413,0.16,"B1"
"724",2021-09-30 17:07:15,"B3",0.238028636274092,0.11,"B3"
"725",2021-09-30 17:07:15,"I3",0.184428968220381,0.16,"I3"
"726",2021-09-30 17:07:15,"M1",0.137842204858305,NA,"M1"
"727",2021-09-30 17:07:15,"M2",0.212572563585361,0.15,"M2"
"728",2021-09-30 17:07:15,"M3",NA,NA,"M3"
"729",2021-09-30 17:07:15,"M4",NA,0.21,"M4"
"730",2021-09-30 17:07:15,"M5",NA,NA,"M5"
"731",2021-09-30 17:07:15,"P1",0.159865382075075,0.17,"P1"
"732",2021-09-30 17:07:15,"P2",0.184888216291653,0.18,"P2"
"733",2021-09-30 17:07:15,"P3",0.190303654142176,0.23,"P3"
"734",2021-09-30 17:07:15,"S3",NA,NA,"S3"
"735",2021-09-30 17:07:15,"S4",0.18988553139232,0.14,"S4"
"736",2021-10-04 05:27:00,"M1",0.13139645108073,NA,"M1"
"737",2021-10-04 05:27:00,"M2",0.209108018473968,0.14,"M2"
"738",2021-10-04 05:27:00,"M3",NA,NA,"M3"
"739",2021-10-04 05:27:00,"M4",NA,0.17,"M4"
"740",2021-10-04 05:27:00,"M5",NA,NA,"M5"
"741",2021-10-04 05:27:00,"S3",NA,NA,"S3"
"742",2021-10-04 05:27:00,"S4",0.180332597803229,0.18,"S4"
"743",2021-10-04 05:27:25,"B1",0.215880890253061,0.14,"B1"
"744",2021-10-04 05:27:25,"B3",0.202724169923318,0.17,"B3"
"745",2021-10-04 05:27:25,"I3",0.184382616280529,0.21,"I3"
"746",2021-10-04 05:27:25,"P1",0.165475986774973,0.21,"P1"
"747",2021-10-04 05:27:25,"P2",0.201693636078228,0.23,"P2"
"748",2021-10-04 05:27:25,"P3",0.179762294027993,0.22,"P3"
"749",2021-10-05 17:15:36,"B1",0.201940322150157,0.16,"B1"
"750",2021-10-05 17:15:36,"B3",0.24037997818657,0.12,"B3"
"751",2021-10-05 17:15:36,"I3",0.188813130545528,0.27,"I3"
"752",2021-10-05 17:15:36,"M1",0.13871559849585,NA,"M1"
"753",2021-10-05 17:15:36,"M2",0.218473006026998,0.28,"M2"
"754",2021-10-05 17:15:36,"M3",NA,NA,"M3"
"755",2021-10-05 17:15:36,"M4",NA,0.16,"M4"
"756",2021-10-05 17:15:36,"M5",NA,NA,"M5"
"757",2021-10-05 17:15:36,"P1",0.222704735184407,0.28,"P1"
"758",2021-10-05 17:15:36,"P2",0.198093151936488,0.22,"P2"
"759",2021-10-05 17:15:36,"P3",0.206339842004275,0.27,"P3"
"760",2021-10-05 17:15:36,"S3",NA,NA,"S3"
"761",2021-10-05 17:15:36,"S4",0.2373830932917,0.26,"S4"
"762",2021-10-06 17:06:45,"B1",0.197495704956978,0.15,"B1"
"763",2021-10-06 17:06:45,"B3",0.216704535124864,0.2,"B3"
"764",2021-10-06 17:06:45,"I3",0.165438067823366,0.19,"I3"
"765",2021-10-06 17:06:45,"M1",0.137629313369422,NA,"M1"
"766",2021-10-06 17:06:45,"M2",0.218461443968823,0.22,"M2"
"767",2021-10-06 17:06:45,"M3",NA,NA,"M3"
"768",2021-10-06 17:06:45,"M4",NA,0.2,"M4"
"769",2021-10-06 17:06:45,"M5",NA,NA,"M5"
"770",2021-10-06 17:06:45,"P1",0.232345969340885,0.22,"P1"
"771",2021-10-06 17:06:45,"P2",0.205128961736525,0.22,"P2"
"772",2021-10-06 17:06:45,"P3",0.199386236096246,0.25,"P3"
"773",2021-10-06 17:06:45,"S3",NA,NA,"S3"
"774",2021-10-06 17:06:45,"S4",0.208262865497782,0.13,"S4"
"775",2021-10-10 05:26:21,"B1",0.209285668526753,0.19,"B1"
"776",2021-10-10 05:26:21,"B2",0.197464698274291,0.13,"B2"
"777",2021-10-10 05:26:21,"B3",0.232424064600619,0.19,"B3"
"778",2021-10-10 05:26:21,"I1",0.21406819116494,0.2,"I1"
"779",2021-10-10 05:26:21,"I3",0.159952763699022,0.17,"I3"
"780",2021-10-10 05:26:21,"M1",0.150845669927474,NA,"M1"
"781",2021-10-10 05:26:21,"M2",0.23271645765467,0.16,"M2"
"782",2021-10-10 05:26:21,"M3",NA,NA,"M3"
"783",2021-10-10 05:26:21,"M4",NA,0.2,"M4"
"784",2021-10-10 05:26:21,"M5",NA,NA,"M5"
"785",2021-10-10 05:26:21,"P1",0.170260649543293,0.2,"P1"
"786",2021-10-10 05:26:21,"P2",0.168690096313349,0.24,"P2"
"787",2021-10-10 05:26:21,"P3",0.199293355890756,0.18,"P3"
"788",2021-10-10 05:26:21,"S2",NA,NA,"S2"
"789",2021-10-10 05:26:21,"S3",NA,NA,"S3"
"790",2021-10-10 05:26:21,"S4",0.178953247950474,0.17,"S4"
"791",2021-10-11 17:14:41,"B1",0.206025779261685,0.15,"B1"
"792",2021-10-11 17:14:41,"B2",0.218978347319919,0.13,"B2"
"793",2021-10-11 17:14:41,"B3",0.211312918390535,0.13,"B3"
"794",2021-10-11 17:14:41,"I1",0.195497721971564,0.19,"I1"
"795",2021-10-11 17:14:41,"I3",0.172133529121174,0.23,"I3"
"796",2021-10-11 17:14:41,"M1",0.115381263751031,NA,"M1"
"797",2021-10-11 17:14:41,"M2",0.208949575183088,0.17,"M2"
"798",2021-10-11 17:14:41,"M3",NA,NA,"M3"
"799",2021-10-11 17:14:41,"M4",NA,0.2,"M4"
"800",2021-10-11 17:14:41,"M5",NA,NA,"M5"
"801",2021-10-11 17:14:41,"P1",0.217755647578472,0.23,"P1"
"802",2021-10-11 17:14:41,"P2",0.172354060525411,0.19,"P2"
"803",2021-10-11 17:14:41,"P3",0.185027896993896,0.2,"P3"
"804",2021-10-11 17:14:41,"S2",NA,NA,"S2"
"805",2021-10-11 17:14:41,"S3",NA,NA,"S3"
"806",2021-10-11 17:14:41,"S4",0.153206085801767,0.25,"S4"
"807",2021-10-12 17:07:15,"B1",0.215747280473645,0.14,"B1"
"808",2021-10-12 17:07:15,"B2",0.18869571735387,0.14,"B2"
"809",2021-10-12 17:07:15,"B3",0.221330143156462,0.14,"B3"
"810",2021-10-12 17:07:15,"I1",0.173114637277689,0.18,"I1"
"811",2021-10-12 17:07:15,"I3",0.172128344215211,0.2,"I3"
"812",2021-10-12 17:07:15,"M1",0.149233658098159,NA,"M1"
"813",2021-10-12 17:07:15,"M2",0.223246457184727,0.16,"M2"
"814",2021-10-12 17:07:15,"M3",NA,NA,"M3"
"815",2021-10-12 17:07:15,"M4",NA,0.2,"M4"
"816",2021-10-12 17:07:15,"M5",NA,NA,"M5"
"817",2021-10-12 17:07:15,"P1",0.170669141846646,0.2,"P1"
"818",2021-10-12 17:07:15,"P2",0.167283858510377,0.26,"P2"
"819",2021-10-12 17:07:15,"P3",0.189430555432265,0.22,"P3"
"820",2021-10-12 17:07:15,"S2",NA,NA,"S2"
"821",2021-10-12 17:07:15,"S3",NA,NA,"S3"
"822",2021-10-12 17:07:15,"S4",0.152981151568441,0.15,"S4"
"823",2021-10-16 05:27:00,"M1",0.112259821833807,NA,"M1"
"824",2021-10-16 05:27:00,"M3",NA,NA,"M3"
"825",2021-10-16 05:27:00,"M5",NA,NA,"M5"
"826",2021-10-16 05:27:00,"S2",NA,NA,"S2"
"827",2021-10-16 05:27:00,"S3",NA,NA,"S3"
"828",2021-10-16 05:27:00,"S4",0.178431494201721,0.15,"S4"
"829",2021-10-16 05:27:25,"B1",0.203102658266592,0.15,"B1"
"830",2021-10-16 05:27:25,"B2",0.190174809938552,0.16,"B2"
"831",2021-10-16 05:27:25,"B3",0.208408389213852,0.12,"B3"
"832",2021-10-16 05:27:25,"I1",0.188389084650069,0.17,"I1"
"833",2021-10-16 05:27:25,"I3",0.177399493066487,0.18,"I3"
"834",2021-10-16 05:27:25,"P1",0.167934578531841,0.21,"P1"
"835",2021-10-16 05:27:25,"P2",0.177337512962125,0.16,"P2"
"836",2021-10-16 05:27:25,"P3",0.156714592634824,0.16,"P3"
"837",2021-10-17 17:15:36,"B1",0.170600703666569,0.14,"B1"
"838",2021-10-17 17:15:36,"B2",0.200573179097671,0.15,"B2"
"839",2021-10-17 17:15:36,"B3",0.209918206282064,0.11,"B3"
"840",2021-10-17 17:15:36,"I1",0.205215359478844,0.16,"I1"
"841",2021-10-17 17:15:36,"I3",0.153959279156257,0.23,"I3"
"842",2021-10-17 17:15:36,"M1",0.112259821833807,NA,"M1"
"843",2021-10-17 17:15:36,"M3",NA,NA,"M3"
"844",2021-10-17 17:15:36,"M5",NA,NA,"M5"
"845",2021-10-17 17:15:36,"P1",0.156138913226442,0.17,"P1"
"846",2021-10-17 17:15:36,"P2",0.173208806755478,0.17,"P2"
"847",2021-10-17 17:15:36,"P3",0.185027896993896,0.15,"P3"
"848",2021-10-17 17:15:36,"S2",NA,NA,"S2"
"849",2021-10-17 17:15:36,"S3",NA,NA,"S3"
"850",2021-10-17 17:15:36,"S4",0.152981151568441,0.2,"S4"
"851",2021-10-18 17:06:46,"B1",0.217083489942014,0.14,"B1"
"852",2021-10-18 17:06:46,"B2",0.191135702648185,0.12,"B2"
"853",2021-10-18 17:06:46,"B3",0.209918206282064,0.13,"B3"
"854",2021-10-18 17:06:46,"I1",0.177954834094,0.23,"I1"
"855",2021-10-18 17:06:46,"I3",0.176775600482158,0.2,"I3"
"856",2021-10-18 17:06:46,"M1",0.146283533120624,NA,"M1"
"857",2021-10-18 17:06:46,"M3",NA,NA,"M3"
"858",2021-10-18 17:06:46,"M5",NA,NA,"M5"
"859",2021-10-18 17:06:46,"P1",0.162504022653956,0.24,"P1"
"860",2021-10-18 17:06:46,"P2",0.162978832920334,0.15,"P2"
"861",2021-10-18 17:06:46,"P3",0.197293988778538,0.22,"P3"
"862",2021-10-18 17:06:46,"S2",NA,NA,"S2"
"863",2021-10-18 17:06:46,"S3",NA,NA,"S3"
"864",2021-10-18 17:06:46,"S4",0.178431494201721,0.13,"S4"
"865",2021-10-22 05:26:21,"B1",0.175786037576491,0.17,"B1"
"866",2021-10-22 05:26:21,"B2",0.166635857080816,0.13,"B2"
"867",2021-10-22 05:26:21,"B3",0.208139790967556,0.12,"B3"
"868",2021-10-22 05:26:21,"I1",0.164797190228342,0.17,"I1"
"869",2021-10-22 05:26:21,"I3",0.189950255750107,0.17,"I3"
"870",2021-10-22 05:26:21,"M1",0.169326253382851,NA,"M1"
"871",2021-10-22 05:26:21,"M3",NA,NA,"M3"
"872",2021-10-22 05:26:21,"M5",NA,NA,"M5"
"873",2021-10-22 05:26:21,"P1",0.185667955103023,0.17,"P1"
"874",2021-10-22 05:26:21,"P2",0.150368238993229,0.17,"P2"
"875",2021-10-22 05:26:21,"P3",0.122283272089381,0.16,"P3"
"876",2021-10-22 05:26:21,"S2",NA,NA,"S2"
"877",2021-10-22 05:26:21,"S3",NA,NA,"S3"
"878",2021-10-22 05:26:21,"S4",0.166950303566767,0.15,"S4"
"879",2021-10-23 17:14:42,"B1",0.162458756237013,0.13,"B1"
"880",2021-10-23 17:14:42,"B2",0.171830603846689,0.13,"B2"
"881",2021-10-23 17:14:42,"B3",0.204931469389313,0.13,"B3"
"882",2021-10-23 17:14:42,"I1",0.151939123507962,0.18,"I1"
"883",2021-10-23 17:14:42,"I3",0.151586857798119,0.18,"I3"
"884",2021-10-23 17:14:42,"M1",0.194441635978602,NA,"M1"
"885",2021-10-23 17:14:42,"M3",NA,NA,"M3"
"886",2021-10-23 17:14:42,"M5",NA,NA,"M5"
"887",2021-10-23 17:14:42,"P1",0.185667955103023,0.18,"P1"
"888",2021-10-23 17:14:42,"P2",0.151242732084186,0.18,"P2"
"889",2021-10-23 17:14:42,"P3",0.150356824164803,0.19,"P3"
"890",2021-10-23 17:14:42,"S2",NA,NA,"S2"
"891",2021-10-23 17:14:42,"S3",NA,NA,"S3"
"892",2021-10-23 17:14:42,"S4",0.145353487947703,0.14,"S4"
"893",2021-10-24 17:07:15,"B1",0.157414507205531,0.15,"B1"
"894",2021-10-24 17:07:15,"B2",0.186059382621299,0.16,"B2"
"895",2021-10-24 17:07:15,"B3",0.231065868005108,0.14,"B3"
"896",2021-10-24 17:07:15,"I1",0.161400206604314,0.16,"I1"
"897",2021-10-24 17:07:15,"I3",0.152840302766712,0.17,"I3"
"898",2021-10-24 17:07:15,"M1",0.162226777151322,NA,"M1"
"899",2021-10-24 17:07:15,"M3",NA,NA,"M3"
"900",2021-10-24 17:07:15,"M5",NA,NA,"M5"
"901",2021-10-24 17:07:15,"P1",0.180145641049766,0.2,"P1"
"902",2021-10-24 17:07:15,"P2",0.166675560694378,0.18,"P2"
"903",2021-10-24 17:07:15,"P3",0.150484938448787,0.18,"P3"
"904",2021-10-24 17:07:15,"S2",NA,NA,"S2"
"905",2021-10-24 17:07:15,"S3",NA,NA,"S3"
"906",2021-10-24 17:07:15,"S4",0.15780801030318,0.13,"S4"
"907",2021-10-28 05:27:00,"M1",0.169326253382851,NA,"M1"
"908",2021-10-28 05:27:00,"M3",NA,NA,"M3"
"909",2021-10-28 05:27:00,"M5",NA,NA,"M5"
"910",2021-10-28 05:27:00,"S2",NA,NA,"S2"
"911",2021-10-28 05:27:00,"S3",NA,NA,"S3"
"912",2021-10-28 05:27:00,"S4",0.178431494201721,0.26,"S4"
"913",2021-10-28 05:27:25,"B1",0.142040203990465,0.15,"B1"
"914",2021-10-28 05:27:25,"B2",0.162834567882977,0.11,"B2"
"915",2021-10-28 05:27:25,"B3",0.228311256321018,0.15,"B3"
"916",2021-10-28 05:27:25,"I1",0.135317338896999,0.2,"I1"
"917",2021-10-28 05:27:25,"I3",0.147355127867041,0.17,"I3"
"918",2021-10-28 05:27:25,"P1",0.198902726572783,0.18,"P1"
"919",2021-10-28 05:27:25,"P2",0.157818395079882,0.25,"P2"
"920",2021-10-28 05:27:25,"P3",0.14625929334157,0.18,"P3"
"921",2021-10-29 17:15:36,"B1",0.156185818043307,0.13,"B1"
"922",2021-10-29 17:15:36,"B2",0.160147948275621,0.12,"B2"
"923",2021-10-29 17:15:36,"B3",0.226719954087142,0.12,"B3"
"924",2021-10-29 17:15:36,"I1",0.149436490658907,0.23,"I1"
"925",2021-10-29 17:15:36,"I3",0.155298344939253,0.15,"I3"
"926",2021-10-29 17:15:36,"M1",0.190730860615894,NA,"M1"
"927",2021-10-29 17:15:36,"M3",NA,NA,"M3"
"928",2021-10-29 17:15:36,"M5",NA,NA,"M5"
"929",2021-10-29 17:15:36,"P1",0.198480566100305,0.18,"P1"
"930",2021-10-29 17:15:36,"P2",0.152090547024792,0.17,"P2"
"931",2021-10-29 17:15:36,"P3",0.117266257307071,0.19,"P3"
"932",2021-10-29 17:15:36,"S2",NA,NA,"S2"
"933",2021-10-29 17:15:36,"S3",NA,NA,"S3"
"934",2021-10-29 17:15:36,"S4",0.153206085801767,0.13,"S4"
"935",2021-11-03 05:26:21,"B2",NA,0.13,"B2"
"936",2021-11-03 05:26:21,"I1",NA,0.2,"I1"
"937",2021-11-03 05:26:21,"I3",NA,0.16,"I3"
"938",2021-11-03 05:26:21,"P1",NA,0.24,"P1"
"939",2021-11-03 05:26:21,"P2",NA,0.22,"P2"
"940",2021-11-04 17:14:41,"B2",NA,0.13,"B2"
"941",2021-11-04 17:14:41,"I1",NA,0.16,"I1"
"942",2021-11-04 17:14:41,"I3",NA,0.2,"I3"
"943",2021-11-04 17:14:41,"P1",NA,0.2,"P1"
"944",2021-11-04 17:14:41,"P2",NA,0.24,"P2"
"945",2021-11-05 17:07:15,"B2",NA,0.14,"B2"
"946",2021-11-05 17:07:15,"I1",NA,0.19,"I1"
"947",2021-11-05 17:07:15,"I3",NA,0.17,"I3"
"948",2021-11-05 17:07:15,"P1",NA,0.16,"P1"
"949",2021-11-05 17:07:15,"P2",NA,0.27,"P2"
"950",2021-11-09 05:27:25,"B2",NA,0.13,"B2"
"951",2021-11-09 05:27:25,"I1",NA,0.17,"I1"
"952",2021-11-09 05:27:25,"I3",NA,0.16,"I3"
"953",2021-11-09 05:27:25,"P1",NA,0.17,"P1"
"954",2021-11-09 05:27:25,"P2",NA,0.18,"P2"
"955",2021-11-10 17:15:36,"B2",NA,0.11,"B2"
"956",2021-11-10 17:15:36,"I1",NA,0.16,"I1"
"957",2021-11-10 17:15:36,"I3",NA,0.17,"I3"
"958",2021-11-10 17:15:36,"P1",NA,0.2,"P1"
"959",2021-11-10 17:15:36,"P2",NA,0.23,"P2"
"960",2021-11-11 17:06:45,"B2",NA,0.14,"B2"
"961",2021-11-11 17:06:45,"I1",NA,0.18,"I1"
"962",2021-11-11 17:06:45,"I3",NA,0.19,"I3"
"963",2021-11-11 17:06:45,"P1",NA,0.25,"P1"
"964",2021-11-11 17:06:45,"P2",NA,0.26,"P2"
"965",2021-11-15 05:26:20,"B2",NA,0.17,"B2"
"966",2021-11-15 05:26:20,"I1",NA,0.18,"I1"
"967",2021-11-15 05:26:20,"I3",NA,0.17,"I3"
"968",2021-11-15 05:26:20,"P1",NA,0.23,"P1"
"969",2021-11-15 05:26:20,"P2",NA,0.22,"P2"
"970",2021-11-16 17:14:41,"B2",NA,NA,"B2"
"971",2021-11-16 17:14:41,"I1",NA,NA,"I1"
"972",2021-11-16 17:14:41,"I3",NA,NA,"I3"
"973",2021-11-16 17:14:41,"P1",NA,NA,"P1"
"974",2021-11-16 17:14:41,"P2",NA,NA,"P2"
"975",2021-11-17 17:07:15,"B2",NA,NA,"B2"
"976",2021-11-17 17:07:15,"I1",NA,NA,"I1"
"977",2021-11-17 17:07:15,"I3",NA,NA,"I3"
"978",2021-11-17 17:07:15,"P1",NA,NA,"P1"
"979",2021-11-17 17:07:15,"P2",NA,NA,"P2"
"980",2021-11-21 05:27:25,"B2",NA,NA,"B2"
"981",2021-11-21 05:27:25,"I1",NA,NA,"I1"
"982",2021-11-21 05:27:25,"I3",NA,NA,"I3"
"983",2021-11-21 05:27:25,"P1",NA,NA,"P1"
"984",2021-11-21 05:27:25,"P2",NA,NA,"P2"
"985",2021-11-22 17:15:35,"B2",NA,NA,"B2"
"986",2021-11-22 17:15:35,"I1",NA,NA,"I1"
"987",2021-11-22 17:15:35,"I3",NA,NA,"I3"
"988",2021-11-22 17:15:35,"P1",NA,NA,"P1"
"989",2021-11-22 17:15:35,"P2",NA,NA,"P2"
"990",2021-11-23 17:06:45,"B2",NA,NA,"B2"
"991",2021-11-23 17:06:45,"I1",NA,NA,"I1"
"992",2021-11-23 17:06:45,"I3",NA,NA,"I3"
"993",2021-11-23 17:06:45,"P1",NA,NA,"P1"
"994",2021-11-23 17:06:45,"P2",NA,NA,"P2"
"995",2021-11-27 05:26:35,"B2",NA,NA,"B2"
"996",2021-11-27 05:26:35,"I1",NA,NA,"I1"
"997",2021-11-27 05:26:35,"I3",NA,NA,"I3"
"998",2021-11-27 05:26:35,"P1",NA,NA,"P1"
"999",2021-11-27 05:26:35,"P2",NA,NA,"P2"
"1000",2021-11-28 17:14:41,"B2",NA,NA,"B2"
"1001",2021-11-28 17:14:41,"I1",NA,NA,"I1"
"1002",2021-11-28 17:14:41,"I3",NA,NA,"I3"
"1003",2021-11-28 17:14:41,"P1",NA,NA,"P1"
"1004",2021-11-28 17:14:41,"P2",NA,NA,"P2"
"1005",2021-11-29 17:07:14,"B2",NA,NA,"B2"
"1006",2021-11-29 17:07:14,"I1",NA,NA,"I1"
"1007",2021-11-29 17:07:14,"I3",NA,NA,"I3"
"1008",2021-11-29 17:07:14,"P1",NA,NA,"P1"
"1009",2021-11-29 17:07:14,"P2",NA,NA,"P2"
"1010",2022-04-10 17:07:12,"B2",NA,NA,"B2"
"1011",2022-04-10 17:07:12,"I1",NA,NA,"I1"
"1012",2022-04-10 17:07:12,"I3",NA,NA,"I3"
"1013",2022-04-10 17:07:12,"P1",NA,NA,"P1"
"1014",2022-04-10 17:07:12,"P2",NA,NA,"P2"
"1015",2022-04-15 17:15:33,"B2",NA,NA,"B2"
"1016",2022-04-15 17:15:33,"I1",NA,NA,"I1"
"1017",2022-04-15 17:15:33,"I3",NA,NA,"I3"
"1018",2022-04-15 17:15:33,"P1",NA,NA,"P1"
"1019",2022-04-15 17:15:33,"P2",NA,NA,"P2"
"1020",2022-04-22 17:07:12,"B2",NA,NA,"B2"
"1021",2022-04-22 17:07:12,"I1",NA,NA,"I1"
"1022",2022-04-22 17:07:12,"I3",NA,NA,"I3"
"1023",2022-04-22 17:07:12,"P1",NA,NA,"P1"
"1024",2022-04-22 17:07:12,"P2",NA,NA,"P2"
"1025",2022-04-26 05:27:23,"B2",NA,NA,"B2"
"1026",2022-04-26 05:27:23,"I1",NA,NA,"I1"
"1027",2022-04-26 05:27:23,"I3",NA,0.17,"I3"
"1028",2022-04-26 05:27:23,"P1",NA,0.2,"P1"
"1029",2022-04-26 05:27:23,"P2",NA,0.16,"P2"
"1030",2022-04-27 17:15:33,"B2",NA,NA,"B2"
"1031",2022-04-27 17:15:33,"I1",NA,NA,"I1"
"1032",2022-04-27 17:15:33,"I3",NA,0.17,"I3"
"1033",2022-04-27 17:15:33,"P1",NA,0.19,"P1"
"1034",2022-04-27 17:15:33,"P2",NA,0.16,"P2"
"1035",2022-05-04 17:07:12,"B2",NA,NA,"B2"
"1036",2022-05-04 17:07:12,"I1",NA,NA,"I1"
"1037",2022-05-04 17:07:12,"I3",NA,0.21,"I3"
"1038",2022-05-04 17:07:12,"P1",NA,0.25,"P1"
"1039",2022-05-04 17:07:12,"P2",NA,0.22,"P2"
"1040",2022-05-08 05:27:23,"B2",NA,NA,"B2"
"1041",2022-05-08 05:27:23,"I1",NA,NA,"I1"
"1042",2022-05-08 05:27:23,"I3",NA,0.24,"I3"
"1043",2022-05-08 05:27:23,"P1",NA,0.2,"P1"
"1044",2022-05-08 05:27:23,"P2",NA,0.26,"P2"
"1045",2022-05-09 17:15:34,"B1",0.171389713825789,0.14,"B1"
"1046",2022-05-09 17:15:34,"B2",NA,NA,"B2"
"1047",2022-05-09 17:15:34,"B3",0.203674010374873,0.17,"B3"
"1048",2022-05-09 17:15:34,"I1",NA,NA,"I1"
"1049",2022-05-09 17:15:34,"I3",0.189740277230562,0.19,"I3"
"1050",2022-05-09 17:15:34,"M1",NA,NA,"M1"
"1051",2022-05-09 17:15:34,"M5",NA,NA,"M5"
"1052",2022-05-09 17:15:34,"P1",0.262286602890488,0.22,"P1"
"1053",2022-05-09 17:15:34,"P2",0.261176799360526,0.25,"P2"
"1054",2022-05-09 17:15:34,"P3",0.180095836399315,0.22,"P3"
"1055",2022-05-09 17:15:34,"S4",0.169839209448531,0.17,"S4"
"1056",2022-05-16 17:07:14,"B1",0.198795828934998,0.17,"B1"
"1057",2022-05-16 17:07:14,"B2",NA,NA,"B2"
"1058",2022-05-16 17:07:14,"B3",0.223608042535789,0.17,"B3"
"1059",2022-05-16 17:07:14,"I1",NA,NA,"I1"
"1060",2022-05-16 17:07:14,"I3",0.184328659511094,0.14,"I3"
"1061",2022-05-16 17:07:14,"M1",NA,NA,"M1"
"1062",2022-05-16 17:07:14,"M5",NA,NA,"M5"
"1063",2022-05-16 17:07:14,"P1",0.25211977815672,0.24,"P1"
"1064",2022-05-16 17:07:14,"P2",0.280012370411769,0.21,"P2"
"1065",2022-05-16 17:07:14,"P3",0.16239900044273,0.26,"P3"
"1066",2022-05-16 17:07:14,"S4",0.249879041784729,0.28,"S4"
"1067",2022-05-20 05:26:59,"M1",NA,NA,"M1"
"1068",2022-05-20 05:26:59,"M5",NA,NA,"M5"
"1069",2022-05-20 05:26:59,"S4",0.249879041784729,0.29,"S4"
"1070",2022-05-20 05:27:24,"B1",0.187073912157294,0.14,"B1"
"1071",2022-05-20 05:27:24,"B2",NA,NA,"B2"
"1072",2022-05-20 05:27:24,"B3",0.211069361813015,0.18,"B3"
"1073",2022-05-20 05:27:24,"I1",NA,NA,"I1"
"1074",2022-05-20 05:27:24,"I3",0.179615156540851,0.16,"I3"
"1075",2022-05-20 05:27:24,"P1",0.254921663499168,0.2,"P1"
"1076",2022-05-20 05:27:24,"P2",0.203503147104028,0.22,"P2"
"1077",2022-05-20 05:27:24,"P3",0.135951264656092,0.17,"P3"
"1078",2022-05-21 17:15:35,"B1",0.160718673668977,0.15,"B1"
"1079",2022-05-21 17:15:35,"B2",NA,NA,"B2"
"1080",2022-05-21 17:15:35,"B3",0.224023748186216,0.17,"B3"
"1081",2022-05-21 17:15:35,"I1",NA,NA,"I1"
"1082",2022-05-21 17:15:35,"I3",0.152391388138985,0.19,"I3"
"1083",2022-05-21 17:15:35,"M1",NA,NA,"M1"
"1084",2022-05-21 17:15:35,"M5",NA,NA,"M5"
"1085",2022-05-21 17:15:35,"P1",0.238486828971395,0.21,"P1"
"1086",2022-05-21 17:15:35,"P2",0.167991447607045,0.18,"P2"
"1087",2022-05-21 17:15:35,"P3",0.118755200343368,0.17,"P3"
"1088",2022-05-21 17:15:35,"S4",0.170360963197284,0.15,"S4"
"1089",2022-05-28 17:07:14,"B1",0.169501664022922,0.15,"B1"
"1090",2022-05-28 17:07:14,"B2",NA,0.14,"B2"
"1091",2022-05-28 17:07:14,"B3",0.212884079854166,0.12,"B3"
"1092",2022-05-28 17:07:14,"I1",NA,0.17,"I1"
"1093",2022-05-28 17:07:14,"I3",0.146625838374566,0.16,"I3"
"1094",2022-05-28 17:07:14,"M1",NA,NA,"M1"
"1095",2022-05-28 17:07:14,"M2",0.251475210751079,0.17,"M2"
"1096",2022-05-28 17:07:14,"M3",NA,NA,"M3"
"1097",2022-05-28 17:07:14,"M5",NA,NA,"M5"
"1098",2022-05-28 17:07:14,"P1",0.188909421460902,0.17,"P1"
"1099",2022-05-28 17:07:14,"P2",0.161886001820329,0.16,"P2"
"1100",2022-05-28 17:07:14,"P3",0.103531985754309,0.18,"P3"
"1101",2022-05-28 17:07:14,"S3",NA,NA,"S3"
"1102",2022-05-28 17:07:14,"S4",0.166663142103583,0.14,"S4"
"1103",2022-06-02 17:15:36,"B3",0.240140856320311,0.14,"B3"
"1104",2022-06-02 17:15:36,"M2",0.27024104422997,0.18,"M2"
"1105",2022-06-02 17:15:36,"M3",NA,NA,"M3"
"1106",2022-06-02 17:15:36,"P1",NA,0.16,"P1"
"1107",2022-06-02 17:15:36,"P2",0.166216655351447,0.19,"P2"
"1108",2022-06-02 17:15:36,"P3",0.14038678086301,0.17,"P3"
"1109",2022-06-02 17:15:36,"S3",NA,NA,"S3"
"1110",2022-06-02 17:15:36,"S4",0.166823837358697,0.15,"S4"
"1111",2022-06-13 05:27:01,"M2",0.252572947557006,0.23,"M2"
"1112",2022-06-13 05:27:01,"M3",NA,NA,"M3"
"1113",2022-06-13 05:27:01,"S3",0.182339841287507,NA,"S3"
"1114",2022-06-13 05:27:01,"S4",0.227527058699597,0.25,"S4"
"1115",2022-06-13 05:27:26,"B3",0.233360898688575,0.18,"B3"
"1116",2022-06-13 05:27:26,"P1",NA,0.18,"P1"
"1117",2022-06-13 05:27:26,"P2",0.205840274378192,0.18,"P2"
"1118",2022-06-13 05:27:26,"P3",0.138827182267045,0.15,"P3"
"1119",2022-06-14 17:15:36,"B3",0.245711551762918,0.19,"B3"
"1120",2022-06-14 17:15:36,"M2",0.268249983177229,0.2,"M2"
"1121",2022-06-14 17:15:36,"M3",NA,NA,"M3"
"1122",2022-06-14 17:15:36,"P1",NA,0.16,"P1"
"1123",2022-06-14 17:15:36,"P2",0.166910286471934,0.17,"P2"
"1124",2022-06-14 17:15:36,"P3",0.122935847993035,0.21,"P3"
"1125",2022-06-14 17:15:36,"S3",0.185630861685934,NA,"S3"
"1126",2022-06-14 17:15:36,"S4",0.178158162715817,0.15,"S4"
"1127",2022-06-21 17:07:16,"B1",0.140982357200438,0.14,"B1"
"1128",2022-06-21 17:07:16,"B2",0.221136136159121,0.13,"B2"
"1129",2022-06-21 17:07:16,"B3",0.235221051158105,0.14,"B3"
"1130",2022-06-21 17:07:16,"I1",0.156614610187811,0.25,"I1"
"1131",2022-06-21 17:07:16,"I3",0.198630037110048,0.17,"I3"
"1132",2022-06-21 17:07:16,"M2",0.250424632807556,0.14,"M2"
"1133",2022-06-21 17:07:16,"M3",NA,NA,"M3"
"1134",2022-06-21 17:07:16,"M4",NA,NA,"M4"
"1135",2022-06-21 17:07:16,"P1",0.214729667097211,0.17,"P1"
"1136",2022-06-21 17:07:16,"P2",0.171436789492139,0.17,"P2"
"1137",2022-06-21 17:07:16,"P3",0.138040994421468,0.17,"P3"
"1138",2022-06-21 17:07:16,"S3",0.145564783933403,NA,"S3"
"1139",2022-06-21 17:07:16,"S4",0.180238141447903,0.28,"S4"
"1140",2022-06-25 05:27:01,"M2",0.258509999258837,0.2,"M2"
"1141",2022-06-25 05:27:01,"M3",NA,NA,"M3"
"1142",2022-06-25 05:27:01,"M4",NA,NA,"M4"
"1143",2022-06-25 05:27:01,"S3",0.185630861685934,NA,"S3"
"1144",2022-06-25 05:27:01,"S4",0.213407133076308,0.28,"S4"
"1145",2022-06-25 05:27:26,"B1",0.155666902605428,0.15,"B1"
"1146",2022-06-25 05:27:26,"B2",0.195175609214496,0.15,"B2"
"1147",2022-06-25 05:27:26,"B3",0.186014790059068,0.18,"B3"
"1148",2022-06-25 05:27:26,"I1",0.166180549427674,0.23,"I1"
"1149",2022-06-25 05:27:26,"I3",0.229277771909867,0.19,"I3"
"1150",2022-06-25 05:27:26,"P1",0.283806524138351,0.26,"P1"
"1151",2022-06-25 05:27:26,"P2",0.21786349707869,0.21,"P2"
"1152",2022-06-25 05:27:26,"P3",0.191533593588022,0.27,"P3"
"1153",2022-06-26 17:15:37,"B1",0.161416709866001,0.15,"B1"
"1154",2022-06-26 17:15:37,"B2",0.208386677164854,0.18,"B2"
"1155",2022-06-26 17:15:37,"B3",0.207957031613812,0.17,"B3"
"1156",2022-06-26 17:15:37,"I1",0.152471567354164,0.22,"I1"
"1157",2022-06-26 17:15:37,"I3",0.191029462588975,0.17,"I3"
"1158",2022-06-26 17:15:37,"M2",0.254844466890006,0.21,"M2"
"1159",2022-06-26 17:15:37,"M3",0.181538089379903,NA,"M3"
"1160",2022-06-26 17:15:37,"M4",NA,NA,"M4"
"1161",2022-06-26 17:15:37,"P1",0.242819789035154,0.17,"P1"
"1162",2022-06-26 17:15:37,"P2",0.182774159162657,0.17,"P2"
"1163",2022-06-26 17:15:37,"P3",0.182628503069606,0.18,"P3"
"1164",2022-06-26 17:15:37,"S3",0.185092593386658,NA,"S3"
"1165",2022-06-26 17:15:37,"S4",0.190042689164878,0.14,"S4"
"1166",2022-07-03 17:07:17,"B1",0.128303462723749,0.14,"B1"
"1167",2022-07-03 17:07:17,"B2",0.187152973513262,0.16,"B2"
"1168",2022-07-03 17:07:17,"B3",0.225723329292622,0.12,"B3"
"1169",2022-07-03 17:07:17,"I1",0.141032677695811,0.21,"I1"
"1170",2022-07-03 17:07:17,"I3",0.195109720293238,0.16,"I3"
"1171",2022-07-03 17:07:17,"M2",0.250424632807556,0.17,"M2"
"1172",2022-07-03 17:07:17,"M3",0.200982136328685,NA,"M3"
"1173",2022-07-03 17:07:17,"M4",NA,0.24,"M4"
"1174",2022-07-03 17:07:17,"P1",0.248758409158424,0.26,"P1"
"1175",2022-07-03 17:07:17,"P2",0.18662150231165,0.17,"P2"
"1176",2022-07-03 17:07:17,"P3",0.120173642152795,0.21,"P3"
"1177",2022-07-03 17:07:17,"S3",0.145564783933403,NA,"S3"
"1178",2022-07-03 17:07:17,"S4",0.169839209448531,0.16,"S4"
"1179",2022-07-07 05:27:02,"M1",NA,NA,"M1"
"1180",2022-07-07 05:27:02,"M2",NA,0.15,"M2"
"1181",2022-07-07 05:27:02,"M3",0.205109325267512,NA,"M3"
"1182",2022-07-07 05:27:02,"M4",NA,0.23,"M4"
"1183",2022-07-07 05:27:02,"M5",NA,NA,"M5"
"1184",2022-07-07 05:27:02,"S2",NA,NA,"S2"
"1185",2022-07-07 05:27:02,"S3",0.142845547716367,NA,"S3"
"1186",2022-07-07 05:27:02,"S4",0.18988553139232,0.16,"S4"
"1187",2022-07-07 05:27:27,"B1",0.154486190954478,0.16,"B1"
"1188",2022-07-07 05:27:27,"B2",0.19370420554167,0.14,"B2"
"1189",2022-07-07 05:27:27,"B3",0.228785146564054,0.14,"B3"
"1190",2022-07-07 05:27:27,"I1",0.135576261341395,0.18,"I1"
"1191",2022-07-07 05:27:27,"I3",0.197871658146354,0.18,"I3"
"1192",2022-07-07 05:27:27,"P1",0.276582104346823,0.16,"P1"
"1193",2022-07-07 05:27:27,"P2",0.183093307865526,0.18,"P2"
"1194",2022-07-07 05:27:27,"P3",0.157615833922741,0.18,"P3"
"1195",2022-07-08 17:15:38,"B1",0.186228089535512,0.17,"B1"
"1196",2022-07-08 17:15:38,"B2",0.214783670808232,0.14,"B2"
"1197",2022-07-08 17:15:38,"B3",0.243191360805644,0.15,"B3"
"1198",2022-07-08 17:15:38,"I1",0.135576261341395,0.18,"I1"
"1199",2022-07-08 17:15:38,"I3",0.191029462588975,0.18,"I3"
"1200",2022-07-08 17:15:38,"M1",NA,NA,"M1"
"1201",2022-07-08 17:15:38,"M2",NA,0.19,"M2"
"1202",2022-07-08 17:15:38,"M3",0.188398540551021,NA,"M3"
"1203",2022-07-08 17:15:38,"M4",NA,0.19,"M4"
"1204",2022-07-08 17:15:38,"M5",NA,NA,"M5"
"1205",2022-07-08 17:15:38,"P1",0.226292153432964,0.19,"P1"
"1206",2022-07-08 17:15:38,"P2",0.212967540088464,0.2,"P2"
"1207",2022-07-08 17:15:38,"P3",0.138166974226465,0.23,"P3"
"1208",2022-07-08 17:15:38,"S2",NA,NA,"S2"
"1209",2022-07-08 17:15:38,"S3",0.15096534225102,NA,"S3"
"1210",2022-07-08 17:15:38,"S4",0.204214101663295,0.17,"S4"
"1211",2022-07-15 17:07:18,"B1",0.157635909309865,0.14,"B1"
"1212",2022-07-15 17:07:18,"B2",0.165163234088531,0.17,"B2"
"1213",2022-07-15 17:07:18,"B3",0.243607066456071,0.11,"B3"
"1214",2022-07-15 17:07:18,"I1",0.137086121282336,0.23,"I1"
"1215",2022-07-15 17:07:18,"I3",0.198630037110048,0.15,"I3"
"1216",2022-07-15 17:07:18,"M1",NA,NA,"M1"
"1217",2022-07-15 17:07:18,"M2",NA,0.23,"M2"
"1218",2022-07-15 17:07:18,"M3",0.190456883513656,NA,"M3"
"1219",2022-07-15 17:07:18,"M4",NA,0.27,"M4"
"1220",2022-07-15 17:07:18,"M5",NA,NA,"M5"
"1221",2022-07-15 17:07:18,"P1",0.192888877798128,0.16,"P1"
"1222",2022-07-15 17:07:18,"P2",0.184401496459242,0.19,"P2"
"1223",2022-07-15 17:07:18,"P3",0.160337149222487,0.25,"P3"
"1224",2022-07-15 17:07:18,"S2",NA,NA,"S2"
"1225",2022-07-15 17:07:18,"S3",0.127940601050381,NA,"S3"
"1226",2022-07-15 17:07:18,"S4",0.194336923412676,0.14,"S4"
"1227",2022-07-19 05:27:03,"M1",NA,NA,"M1"
"1228",2022-07-19 05:27:03,"M2",NA,0.15,"M2"
"1229",2022-07-19 05:27:03,"M3",0.171059181157716,NA,"M3"
"1230",2022-07-19 05:27:03,"M4",NA,0.18,"M4"
"1231",2022-07-19 05:27:03,"M5",NA,NA,"M5"
"1232",2022-07-19 05:27:03,"S2",NA,NA,"S2"
"1233",2022-07-19 05:27:03,"S3",0.142845547716367,NA,"S3"
"1234",2022-07-19 05:27:03,"S4",0.188321967947537,0.17,"S4"
"1235",2022-07-19 05:27:28,"B1",0.178420058837699,0.15,"B1"
"1236",2022-07-19 05:27:28,"B2",0.19370420554167,0.15,"B2"
"1237",2022-07-19 05:27:28,"B3",0.203991669312304,0.13,"B3"
"1238",2022-07-19 05:27:28,"I1",0.137086121282336,0.17,"I1"
"1239",2022-07-19 05:27:28,"I3",0.195131186535142,0.15,"I3"
"1240",2022-07-19 05:27:28,"P1",0.27730856527643,0.19,"P1"
"1241",2022-07-19 05:27:28,"P2",0.189175462819806,0.17,"P2"
"1242",2022-07-19 05:27:28,"P3",0.157615833922741,0.19,"P3"
"1243",2022-07-20 17:15:39,"B1",0.149578073252345,0.2,"B1"
"1244",2022-07-20 17:15:39,"B3",0.248842377174979,0.16,"B3"
"1245",2022-07-20 17:15:39,"M1",NA,NA,"M1"
"1246",2022-07-20 17:15:39,"M2",0.249762563731951,0.13,"M2"
"1247",2022-07-20 17:15:39,"M3",0.183316792487274,NA,"M3"
"1248",2022-07-20 17:15:39,"M4",0.19423767265241,0.18,"M4"
"1249",2022-07-20 17:15:39,"M5",NA,NA,"M5"
"1250",2022-07-20 17:15:39,"P1",NA,0.26,"P1"
"1251",2022-07-20 17:15:39,"P2",0.2640340156507,0.27,"P2"
"1252",2022-07-20 17:15:39,"P3",0.1773537554592,0.18,"P3"
"1253",2022-07-20 17:15:39,"S3",0.157083703582784,NA,"S3"
"1254",2022-07-20 17:15:39,"S4",0.227908905902852,0.24,"S4"
"1255",2022-07-27 17:07:18,"B1",0.168966802089518,0.14,"B1"
"1256",2022-07-27 17:07:18,"B3",0.215974015002625,0.19,"B3"
"1257",2022-07-27 17:07:18,"M1",NA,NA,"M1"
"1258",2022-07-27 17:07:18,"M2",0.238861988348223,0.24,"M2"
"1259",2022-07-27 17:07:18,"M3",0.197907039600309,NA,"M3"
"1260",2022-07-27 17:07:18,"M4",0.208526825927507,0.21,"M4"
"1261",2022-07-27 17:07:18,"M5",NA,NA,"M5"
"1262",2022-07-27 17:07:18,"P1",NA,0.19,"P1"
"1263",2022-07-27 17:07:18,"P2",0.223773126656135,0.22,"P2"
"1264",2022-07-27 17:07:18,"P3",0.144203042349572,0.2,"P3"
"1265",2022-07-27 17:07:18,"S3",0.137526735815651,NA,"S3"
"1266",2022-07-27 17:07:18,"S4",0.17723340194123,0.14,"S4"
"1267",2022-07-31 05:27:04,"M1",0.22620983196128,NA,"M1"
"1268",2022-07-31 05:27:04,"M2",0.26218185761026,0.14,"M2"
"1269",2022-07-31 05:27:04,"M3",NA,NA,"M3"
"1270",2022-07-31 05:27:04,"M4",0.175769910640891,0.19,"M4"
"1271",2022-07-31 05:27:04,"M5",NA,NA,"M5"
"1272",2022-07-31 05:27:04,"S3",0.15815810845734,NA,"S3"
"1273",2022-07-31 05:27:04,"S4",0.20851633493268,0.18,"S4"
"1274",2022-07-31 05:27:29,"B1",0.15353100125589,0.15,"B1"
"1275",2022-07-31 05:27:29,"B3",0.235503868339275,0.12,"B3"
"1276",2022-07-31 05:27:29,"P1",NA,0.17,"P1"
"1277",2022-07-31 05:27:29,"P2",0.204050868267431,0.25,"P2"
"1278",2022-07-31 05:27:29,"P3",0.171264043266513,0.2,"P3"
"1279",2022-08-01 17:15:39,"B1",0.150956439461165,0.16,"B1"
"1280",2022-08-01 17:15:39,"B3",0.215974015002625,0.12,"B3"
"1281",2022-08-01 17:15:39,"M1",0.172643116975926,NA,"M1"
"1282",2022-08-01 17:15:39,"M2",0.235238999945951,0.13,"M2"
"1283",2022-08-01 17:15:39,"M3",NA,NA,"M3"
"1284",2022-08-01 17:15:39,"M4",0.181679796607819,0.16,"M4"
"1285",2022-08-01 17:15:39,"M5",NA,NA,"M5"
"1286",2022-08-01 17:15:39,"P1",NA,0.19,"P1"
"1287",2022-08-01 17:15:39,"P2",0.166216655351447,0.21,"P2"
"1288",2022-08-01 17:15:39,"P3",0.139925124396899,0.26,"P3"
"1289",2022-08-01 17:15:39,"S3",0.155324109529196,NA,"S3"
"1290",2022-08-01 17:15:39,"S4",0.17723340194123,0.17,"S4"
"1291",2022-08-08 17:07:19,"B3",0.206570454170655,0.18,"B3"
"1292",2022-08-08 17:07:19,"I1",NA,0.16,"I1"
"1293",2022-08-08 17:07:19,"M1",0.195325160128682,NA,"M1"
"1294",2022-08-08 17:07:19,"M2",NA,0.15,"M2"
"1295",2022-08-08 17:07:19,"M3",NA,NA,"M3"
"1296",2022-08-08 17:07:19,"M4",NA,0.22,"M4"
"1297",2022-08-08 17:07:19,"P1",0.271619237103254,0.23,"P1"
"1298",2022-08-08 17:07:19,"P2",0.198955677929281,0.16,"P2"
"1299",2022-08-08 17:07:19,"P3",0.165962651091161,0.17,"P3"
"1300",2022-08-08 17:07:19,"S3",0.144211180732348,NA,"S3"
"1301",2022-08-08 17:07:19,"S4",0.153651246882358,0.19,"S4"
"1302",2022-08-12 05:27:04,"M1",0.172643116975926,NA,"M1"
"1303",2022-08-12 05:27:04,"M2",NA,0.21,"M2"
"1304",2022-08-12 05:27:04,"M3",NA,NA,"M3"
"1305",2022-08-12 05:27:04,"M4",NA,0.25,"M4"
"1306",2022-08-12 05:27:04,"S3",0.151433449486362,NA,"S3"
"1307",2022-08-12 05:27:04,"S4",0.156796624507581,0.19,"S4"
"1308",2022-08-12 05:27:29,"B3",0.217724840330538,0.18,"B3"
"1309",2022-08-12 05:27:29,"I1",NA,NA,"I1"
"1310",2022-08-12 05:27:29,"P1",0.243942835422264,0.17,"P1"
"1311",2022-08-12 05:27:29,"P2",0.199497916722736,0.19,"P2"
"1312",2022-08-12 05:27:29,"P3",0.169965283629988,0.19,"P3"
"1313",2022-08-13 17:15:40,"B3",0.230263521053312,0.18,"B3"
"1314",2022-08-13 17:15:40,"I1",NA,NA,"I1"
"1315",2022-08-13 17:15:40,"M1",0.185983722503097,NA,"M1"
"1316",2022-08-13 17:15:40,"M2",NA,0.19,"M2"
"1317",2022-08-13 17:15:40,"M3",NA,NA,"M3"
"1318",2022-08-13 17:15:40,"M4",NA,0.24,"M4"
"1319",2022-08-13 17:15:40,"P1",0.205664871988162,0.18,"P1"
"1320",2022-08-13 17:15:40,"P2",0.158641382736673,0.17,"P2"
"1321",2022-08-13 17:15:40,"P3",0.1407035505892,0.16,"P3"
"1322",2022-08-13 17:15:40,"S3",NA,NA,"S3"
"1323",2022-08-13 17:15:40,"S4",0.160997029520227,0.15,"S4"
"1324",2022-08-20 17:07:20,"B3",0.233740312681435,0.14,"B3"
"1325",2022-08-20 17:07:20,"I1",NA,0.18,"I1"
"1326",2022-08-20 17:07:20,"M1",0.167333015591711,NA,"M1"
"1327",2022-08-20 17:07:20,"M2",NA,0.16,"M2"
"1328",2022-08-20 17:07:20,"M3",NA,NA,"M3"
"1329",2022-08-20 17:07:20,"M4",NA,0.17,"M4"
"1330",2022-08-20 17:07:20,"P1",0.245780380549288,0.16,"P1"
"1331",2022-08-20 17:07:20,"P2",0.185983758150979,0.18,"P2"
"1332",2022-08-20 17:07:20,"P3",0.164123454405605,0.17,"P3"
"1333",2022-08-20 17:07:20,"S3",NA,NA,"S3"
"1334",2022-08-20 17:07:20,"S4",0.179696040993917,0.25,"S4"
"1335",2022-08-25 17:15:41,"B3",0.238111598025577,0.14,"B3"
"1336",2022-08-25 17:15:41,"M1",0.184836281947598,NA,"M1"
"1337",2022-08-25 17:15:41,"M2",0.249453984005015,0.14,"M2"
"1338",2022-08-25 17:15:41,"M3",NA,NA,"M3"
"1339",2022-08-25 17:15:41,"M4",NA,0.18,"M4"
"1340",2022-08-25 17:15:41,"M5",NA,NA,"M5"
"1341",2022-08-25 17:15:41,"P1",NA,0.18,"P1"
"1342",2022-08-25 17:15:41,"P2",0.173090756362382,0.17,"P2"
"1343",2022-08-25 17:15:41,"P3",0.100925888244435,0.17,"P3"
"1344",2022-08-25 17:15:41,"S2",NA,NA,"S2"
"1345",2022-08-25 17:15:41,"S3",NA,NA,"S3"
"1346",2022-08-25 17:15:41,"S4",0.199059103610763,0.13,"S4"
"1347",2022-09-01 17:07:20,"B3",0.230922797700741,0.13,"B3"
"1348",2022-09-01 17:07:20,"M1",0.17684893508876,NA,"M1"
"1349",2022-09-01 17:07:20,"M2",0.27009393636835,0.14,"M2"
"1350",2022-09-01 17:07:20,"M3",NA,NA,"M3"
"1351",2022-09-01 17:07:20,"M4",0.204899548501062,0.16,"M4"
"1352",2022-09-01 17:07:20,"M5",NA,NA,"M5"
"1353",2022-09-01 17:07:20,"P1",NA,0.26,"P1"
"1354",2022-09-01 17:07:20,"P2",0.152377335708789,0.17,"P2"
"1355",2022-09-01 17:07:20,"P3",0.0748541686066875,0.19,"P3"
"1356",2022-09-01 17:07:20,"S2",NA,NA,"S2"
"1357",2022-09-01 17:07:20,"S3",NA,NA,"S3"
"1358",2022-09-01 17:07:20,"S4",0.174259758705985,0.18,"S4"
"1359",2022-09-05 05:27:06,"M1",0.172561069009078,NA,"M1"
"1360",2022-09-05 05:27:06,"M2",0.25101427980768,0.16,"M2"
"1361",2022-09-05 05:27:06,"M3",NA,NA,"M3"
"1362",2022-09-05 05:27:06,"M4",0.197016180127438,0.24,"M4"
"1363",2022-09-05 05:27:06,"M5",NA,NA,"M5"
"1364",2022-09-05 05:27:06,"S2",NA,NA,"S2"
"1365",2022-09-05 05:27:06,"S3",NA,NA,"S3"
"1366",2022-09-05 05:27:06,"S4",0.17723340194123,0.15,"S4"
"1367",2022-09-05 05:27:31,"B3",0.196212559060301,0.12,"B3"
"1368",2022-09-05 05:27:31,"P1",NA,0.21,"P1"
"1369",2022-09-05 05:27:31,"P2",0.173090756362382,0.16,"P2"
"1370",2022-09-05 05:27:31,"P3",0.11887041813324,0.15,"P3"
"1371",2022-09-06 17:15:42,"B2",0.19633658749708,0.17,"B2"
"1372",2022-09-06 17:15:42,"B3",0.234790886421649,0.12,"B3"
"1373",2022-09-06 17:15:42,"I1",0.149081632588618,0.18,"I1"
"1374",2022-09-06 17:15:42,"I3",NA,NA,"I3"
"1375",2022-09-06 17:15:42,"M1",0.199592582132456,NA,"M1"
"1376",2022-09-06 17:15:42,"M2",0.245632184205223,0.15,"M2"
"1377",2022-09-06 17:15:42,"M3",NA,NA,"M3"
"1378",2022-09-06 17:15:42,"M4",0.209785750090626,0.21,"M4"
"1379",2022-09-06 17:15:42,"M5",NA,NA,"M5"
"1380",2022-09-06 17:15:42,"P1",0.196626532959348,0.16,"P1"
"1381",2022-09-06 17:15:42,"P2",NA,0.16,"P2"
"1382",2022-09-06 17:15:42,"P3",NA,0.16,"P3"
"1383",2022-09-06 17:15:42,"S2",NA,NA,"S2"
"1384",2022-09-06 17:15:42,"S3",NA,NA,"S3"
"1385",2022-09-06 17:15:42,"S4",0.194336923412676,0.13,"S4"
"1386",2022-09-13 17:07:21,"B2",0.228927583716169,0.14,"B2"
"1387",2022-09-13 17:07:21,"B3",0.225723329292622,0.15,"B3"
"1388",2022-09-13 17:07:21,"I1",0.149048306701167,0.2,"I1"
"1389",2022-09-13 17:07:21,"I3",NA,NA,"I3"
"1390",2022-09-13 17:07:21,"M1",0.176052125894511,NA,"M1"
"1391",2022-09-13 17:07:21,"M2",0.237084391156958,0.18,"M2"
"1392",2022-09-13 17:07:21,"M3",NA,NA,"M3"
"1393",2022-09-13 17:07:21,"M4",0.205882882506743,0.2,"M4"
"1394",2022-09-13 17:07:21,"M5",NA,NA,"M5"
"1395",2022-09-13 17:07:21,"P1",0.252335053840227,0.19,"P1"
"1396",2022-09-13 17:07:21,"P2",NA,0.23,"P2"
"1397",2022-09-13 17:07:21,"P3",NA,0.23,"P3"
"1398",2022-09-13 17:07:21,"S2",NA,NA,"S2"
"1399",2022-09-13 17:07:21,"S3",NA,NA,"S3"
"1400",2022-09-13 17:07:21,"S4",0.18988553139232,0.19,"S4"
"1401",2022-09-17 05:27:06,"M1",0.175253343073457,NA,"M1"
"1402",2022-09-17 05:27:06,"M2",0.24284267859418,0.2,"M2"
"1403",2022-09-17 05:27:06,"M3",NA,NA,"M3"
"1404",2022-09-17 05:27:06,"M4",0.207251980927658,0.24,"M4"
"1405",2022-09-17 05:27:06,"M5",NA,NA,"M5"
"1406",2022-09-17 05:27:06,"S2",NA,NA,"S2"
"1407",2022-09-17 05:27:06,"S3",NA,NA,"S3"
"1408",2022-09-17 05:27:06,"S4",0.156929620544042,0.16,"S4"
"1409",2022-09-17 05:27:31,"B2",0.179312915577449,0.17,"B2"
"1410",2022-09-17 05:27:31,"B3",0.195988910960899,0.14,"B3"
"1411",2022-09-17 05:27:31,"I1",0.134609410454493,0.17,"I1"
"1412",2022-09-17 05:27:31,"I3",NA,NA,"I3"
"1413",2022-09-17 05:27:31,"P1",0.26619588514329,0.15,"P1"
"1414",2022-09-17 05:27:31,"P2",NA,0.17,"P2"
"1415",2022-09-17 05:27:31,"P3",NA,0.15,"P3"
"1416",2022-09-18 17:15:41,"B2",0.15482482341577,0.16,"B2"
"1417",2022-09-18 17:15:41,"B3",0.234790886421649,0.14,"B3"
"1418",2022-09-18 17:15:41,"I1",0.134723198385141,0.17,"I1"
"1419",2022-09-18 17:15:41,"I3",NA,NA,"I3"
"1420",2022-09-18 17:15:41,"M1",0.159167290511481,NA,"M1"
"1421",2022-09-18 17:15:41,"M2",0.227427348378361,0.15,"M2"
"1422",2022-09-18 17:15:41,"M3",NA,NA,"M3"
"1423",2022-09-18 17:15:41,"M4",0.193897675629999,0.16,"M4"
"1424",2022-09-18 17:15:41,"M5",NA,NA,"M5"
"1425",2022-09-18 17:15:41,"P1",0.224356230593633,0.16,"P1"
"1426",2022-09-18 17:15:41,"P2",NA,0.18,"P2"
"1427",2022-09-18 17:15:41,"P3",NA,0.17,"P3"
"1428",2022-09-18 17:15:41,"S2",NA,NA,"S2"
"1429",2022-09-18 17:15:41,"S3",NA,NA,"S3"
"1430",2022-09-18 17:15:41,"S4",0.18988553139232,0.14,"S4"
"1431",2022-09-25 17:07:21,"B1",0.151418615584935,NA,"B1"
"1432",2022-09-25 17:07:21,"B2",0.215211442953638,0.17,"B2"
"1433",2022-09-25 17:07:21,"B3",0.255074269915638,0.24,"B3"
"1434",2022-09-25 17:07:21,"I1",0.149123425566675,0.21,"I1"
"1435",2022-09-25 17:07:21,"I3",0.199073303150069,NA,"I3"
"1436",2022-09-25 17:07:21,"M1",0.199592582132456,NA,"M1"
"1437",2022-09-25 17:07:21,"M2",0.233680077206013,0.17,"M2"
"1438",2022-09-25 17:07:21,"M3",NA,NA,"M3"
"1439",2022-09-25 17:07:21,"M4",0.206190025201641,0.19,"M4"
"1440",2022-09-25 17:07:21,"M5",NA,NA,"M5"
"1441",2022-09-25 17:07:21,"P1",0.244116974252645,0.21,"P1"
"1442",2022-09-25 17:07:21,"P2",0.232751245558937,0.24,"P2"
"1443",2022-09-25 17:07:21,"P3",0.173528402042254,0.17,"P3"
"1444",2022-09-25 17:07:21,"S2",NA,NA,"S2"
"1445",2022-09-25 17:07:21,"S3",NA,NA,"S3"
"1446",2022-09-25 17:07:21,"S4",0.176249885929639,0.18,"S4"
"1447",2022-09-29 05:27:06,"M1",0.222904064885032,NA,"M1"
"1448",2022-09-29 05:27:06,"M2",0.250272983574212,0.16,"M2"
"1449",2022-09-29 05:27:06,"M3",NA,NA,"M3"
"1450",2022-09-29 05:27:06,"M4",0.181614395404076,0.21,"M4"
"1451",2022-09-29 05:27:06,"M5",NA,NA,"M5"
"1452",2022-09-29 05:27:06,"S2",NA,NA,"S2"
"1453",2022-09-29 05:27:06,"S3",NA,NA,"S3"
"1454",2022-09-29 05:27:06,"S4",0.178158162715817,0.17,"S4"
"1455",2022-09-29 05:27:31,"B1",0.145754005951951,NA,"B1"
"1456",2022-09-29 05:27:31,"B2",0.196952829195776,0.19,"B2"
"1457",2022-09-29 05:27:31,"B3",0.235177967379808,0.15,"B3"
"1458",2022-09-29 05:27:31,"I1",0.139539333556147,0.17,"I1"
"1459",2022-09-29 05:27:31,"I3",0.193063641840531,NA,"I3"
"1460",2022-09-29 05:27:31,"P1",0.242362047212136,0.16,"P1"
"1461",2022-09-29 05:27:31,"P2",0.179682431415006,NA,"P2"
"1462",2022-09-29 05:27:31,"P3",0.173528402042254,NA,"P3"
