"Date","Track_100m","Pred_100m","Track_200m","Pred_200m","Track_500m","Pred_500m","Track_50m","Pred_50m","Station"
"2014-10-17 05:26:30",168,0.226595357178041,168,0.179183425805896,168,0.199546570186069,168,0.208674483204037,"P1"
"2014-11-10 05:26:16",168,0.218245356011563,168,0.177242770969923,168,0.199546570186069,168,0.200324482037559,"P1"
"2015-05-29 17:06:43",NA,NA,NA,NA,117,0.123608465667185,NA,NA,"P1"
"2015-06-02 05:26:31",NA,NA,NA,NA,168,0.141562137497872,NA,NA,"P1"
"2015-06-03 17:14:51",NA,NA,NA,NA,15,0.124336691815698,NA,NA,"P1"
"2015-06-10 17:06:44",NA,NA,NA,NA,117,0.126820039244643,NA,NA,"P1"
"2015-06-14 05:26:42",NA,NA,NA,NA,168,0.127311089003832,NA,NA,"P1"
"2015-06-15 17:14:51",NA,NA,NA,NA,15,0.127311089003832,NA,NA,"P1"
"2015-06-22 17:06:45",117,0.135259908134827,117,0.140909224830541,117,0.106163295779882,117,0.156275516047872,"P1"
"2015-06-26 05:26:42",168,0.174399199083563,168,0.157262218779,168,0.105792223897093,168,0.176410870720855,"P1"
"2015-06-27 17:14:52",15,0.161943848536456,15,0.152473158494078,15,0.100407768721653,15,0.163270367504961,"P1"
"2015-08-13 05:26:44",168,0.20419992850886,168,0.184118580246238,168,0.116880120407184,168,0.21627558410471,"P1"
"2015-08-14 17:14:54",15,0.174811839727892,15,0.148218613386011,15,0.115613939050853,15,0.180235717393075,"P1"
"2015-08-25 05:26:45",168,0.196625437468524,168,0.185890619209468,168,0.158525258519026,168,0.228845111546121,"P1"
"2015-08-26 17:14:54",15,0.187469304268126,15,0.186907260873843,15,0.140459175439198,15,0.212420735838019,"P1"
"2015-09-30 05:26:46",168,0.155956816305354,168,0.162036357397056,NA,NA,168,0.16832311933358,"P1"
"2015-10-01 17:14:55",15,0.157012195710053,15,0.161218541320474,NA,NA,15,0.178826481539108,"P1"
"2015-10-12 05:26:46",168,0.173381230261963,168,0.170440030276576,168,0.13824807946666,168,0.206950269548394,"P1"
"2015-10-13 17:14:55",15,0.187416998209167,15,0.175347628245121,15,0.14121838848635,15,0.207617041001853,"P1"
"2015-10-20 17:06:54",117,0.220012018712723,117,0.21514242314716,117,0.182373436706055,117,0.253231531239156,"P1"
"2015-10-24 05:26:40",168,0.209517216918041,168,0.173172188692335,168,0.167185356734132,168,0.214642269734965,"P1"
"2015-10-25 17:14:55",15,0.249691249462393,15,0.205575799413399,15,0.188315417099607,15,0.222530945492822,"P1"
"2015-11-01 17:06:54",117,0.256719304567713,117,0.206215902914176,117,0.171113305697081,117,0.242985194826379,"P1"
"2015-11-05 05:26:40",168,0.221340699095973,168,0.184133708928511,168,0.155052349216767,168,0.225120275005064,"P1"
"2015-11-06 17:14:55",15,0.259476130612059,15,0.219303382111242,15,0.176156603362472,15,0.234491705408806,"P1"
"2015-11-17 05:26:45",168,0.207753349654592,168,0.177312716951998,168,0.156924160147279,168,0.225040033202377,"P1"
"2015-11-18 17:14:50",15,0.244628552561806,15,0.206890564181021,15,0.169544515555199,15,0.243497563667324,"P1"
"2015-11-25 17:06:53",117,0.161146825352426,117,0.142448042026361,117,0.136109742713024,117,0.165657618264279,"P1"
"2015-11-29 05:26:44",168,0.145266095233687,168,0.129988862670397,168,0.140529080828965,168,0.150703198639548,"P1"
"2015-11-30 17:14:55",15,0.161548273182948,15,0.143355460328081,15,0.14028551843959,15,0.159535962272173,"P1"
"2015-12-07 17:06:53",117,0.144864647403165,117,0.129988862670397,117,0.140529080828965,117,0.150703198639548,"P1"
"2015-12-12 17:14:49",15,0.161753848593576,15,0.142127619754364,15,0.146192890404561,15,0.156690851484878,"P1"
"2015-12-19 17:06:53",117,0.165344637778416,117,0.139441000147007,117,0.144181670853561,117,0.156690851484878,"P1"
"2015-12-23 05:26:43",168,0.146659107851542,168,0.139441000147007,168,0.144181670853561,168,0.158293588780777,"P1"
"2015-12-24 17:14:54",15,0.145471670644315,15,0.138735042039124,15,0.142662971073683,15,0.154901011065537,"P1"
"2016-01-04 05:26:43",168,0.171116728239487,168,0.148811069615943,168,0.141773552288621,168,0.168998467179015,"P1"
"2016-01-12 17:06:52",117,0.247831154255375,117,0.211996323514171,117,0.185259914218655,117,0.218697663383531,"P1"
"2016-01-16 05:26:43",168,0.185078801392811,168,0.191125634455792,168,0.14279907346028,168,0.206777991791533,"P1"
"2016-06-28 17:06:40",117,0.191827070406846,117,0.177856501033998,117,0.138361058947971,117,0.171780500703069,"P1"
"2016-07-14 05:26:39",NA,NA,NA,NA,168,0.104407322886848,NA,NA,"P1"
"2016-07-15 17:14:50",NA,NA,NA,NA,15,0.109291837261319,NA,NA,"P1"
"2016-08-27 17:06:58",117,0.189657371788504,117,0.240854111393599,117,0.102988627925073,117,0.150193097016632,"P1"
"2016-08-31 05:26:42",168,0.204202049254535,168,0.243115158271849,168,0.104507846502888,168,0.159584675385775,"P1"
"2016-09-01 17:14:53",15,0.217383217250078,15,0.240434927803907,15,0.106648758148865,15,0.16529077480193,"P1"
"2016-09-08 17:06:43",117,0.21310062486888,117,0.255910419331002,117,0.109705264718775,117,0.188072029846893,"P1"
"2016-09-12 05:26:42",168,0.205105011791562,168,0.183184943313087,168,0.11856342028246,168,0.205203333740381,"P1"
"2016-09-13 17:14:53",15,0.14986287011086,15,0.145289257308958,15,0.126550532195101,15,0.163001798254493,"P1"
"2016-09-20 17:06:44",117,0.169143378121316,117,0.15197198029938,117,0.126682334198918,117,0.16483394108292,"P1"
"2016-09-24 05:26:43",168,0.163495089762339,168,0.157021267307575,168,0.136191796779409,168,0.182332145409336,"P1"
"2016-09-25 17:14:54",15,0.130848404186919,15,0.130145857510728,15,0.131437967336383,15,0.146881401242069,"P1"
"2016-09-26 17:06:02",117,0.146256314009177,117,0.121233322267385,117,0.133506732143995,117,0.124499927683788,"P1"
"2016-09-30 05:26:04",168,0.163495089762339,168,0.157021267307575,168,0.136191796779409,168,0.182332145409336,"P1"
"2016-10-02 17:06:44",117,0.208169251083981,117,0.179117250579937,117,0.150207141984124,117,0.200241735704632,"P1"
"2016-10-06 05:26:43",168,0.134576578397777,168,0.132656480927261,168,0.131437967336383,168,0.149337561851256,"P1"
"2016-10-07 17:14:54",15,0.128046130578213,15,0.1146250845761,15,0.145637807189205,15,0.130338800895749,"P1"
"2016-10-14 17:06:44",117,0.226119423002166,117,0.186013195412716,117,0.193646742919321,117,0.223171472530661,"P1"
"2016-10-18 05:26:43",168,0.192587399078389,168,0.159299137922216,168,0.171825789325183,168,0.206741586159528,"P1"
"2016-10-19 17:14:54",15,0.176747200197567,15,0.154347212977355,15,0.142698087322445,15,0.187496289900751,"P1"
"2016-10-26 17:06:44",117,0.207805747404786,117,0.189205817426586,117,0.145480202709295,117,0.199878232025438,"P1"
"2016-10-30 05:26:43",168,0.183252205516957,168,0.168139955857365,168,0.131524645349732,168,0.198433879534794,"P1"
"2016-10-31 17:14:54",15,0.160354596001148,15,0.16638901662404,15,0.124164295352457,15,0.183905301826028,"P1"
"2016-11-07 17:06:44",117,0.229595382391602,117,0.1922565573227,117,0.14367955270682,117,0.244669448155722,"P1"
"2016-11-11 05:26:43",168,0.186203064756211,168,0.162178094558903,168,0.152383237146155,168,0.207890127026156,"P1"
"2016-11-12 17:14:54",15,0.211924149894243,15,0.156998079689117,15,0.15741317639228,15,0.235659487217076,"P1"
"2016-11-19 17:06:44",117,0.25538738903149,117,0.231925764428273,117,0.184839082522455,117,0.269552680744184,"P1"
"2016-11-24 17:14:54",15,0.256806973851106,15,0.251344584674393,15,0.181983831855315,15,0.277529958301781,"P1"
"2016-12-01 17:06:43",117,0.235366545000236,117,0.235404777389798,117,0.238072669901348,117,0.219664903484703,"P1"
"2016-12-05 05:26:42",168,0.19089615514859,168,0.202212255015197,168,0.174471369240129,168,0.217973028349215,"P1"
"2016-12-06 17:14:53",15,0.186403061395425,15,0.198243366558928,15,0.172839562098166,15,0.20809012366537,"P1"
"2016-12-13 17:06:43",117,0.218414996266901,117,0.222690302879602,117,0.158379501707944,117,0.239997278282512,"P1"
"2016-12-17 05:26:42",168,0.169594263529703,168,0.169468834023944,168,0.155850159298482,168,0.189333653364041,"P1"
"2016-12-18 17:14:53",15,0.176162956079949,15,0.176706246086151,15,0.159380078629361,15,0.202633934721879,"P1"
"2016-12-25 17:06:43",117,0.204333671341543,117,0.198315564089188,117,0.191960844885316,117,0.181954248907034,"P1"
"2016-12-29 05:26:42",168,0.207236677670153,168,0.198315564089188,168,0.190329037743354,168,0.176268025324752,"P1"
"2016-12-30 17:14:52",15,0.167482269925471,15,0.166567467882688,15,0.187584850163682,15,0.163281660857372,"P1"
"2017-01-06 17:06:41",117,0.150949743558312,117,0.160645940695275,117,0.180828363645746,117,0.154701757081643,"P1"
"2017-01-10 05:26:40",168,0.171012189256349,168,0.174029402949716,168,0.187584850163682,168,0.16681158018825,"P1"
"2017-01-11 17:14:51",15,0.176393444599368,15,0.182097277900091,15,0.19111476949456,15,0.172192835531269,"P1"
"2017-02-03 05:26:39",NA,NA,NA,NA,168,0.161456681105206,NA,NA,"P1"
"2017-02-04 17:14:50",NA,NA,NA,NA,15,0.204233355183887,NA,NA,"P1"
"2017-02-11 17:06:40",NA,NA,NA,NA,117,0.163183240982149,NA,NA,"P1"
"2017-02-15 05:26:39",NA,NA,NA,NA,168,0.150966426320885,NA,NA,"P1"
"2017-02-16 17:14:50",NA,NA,NA,NA,15,0.210714140491444,NA,NA,"P1"
"2017-02-23 17:06:40",NA,NA,NA,NA,117,0.231950709676508,NA,NA,"P1"
"2017-02-27 05:26:39",NA,NA,NA,NA,168,0.149885950575927,NA,NA,"P1"
"2017-02-28 17:14:50",NA,NA,NA,NA,15,0.185963478459503,NA,NA,"P1"
"2017-03-23 05:26:39",168,0.251617468238926,168,0.226315561124417,168,0.134960046991269,168,0.226393997913316,"P1"
"2017-03-24 17:14:50",15,0.281139558201541,15,0.234069494927072,15,0.181705438466537,15,0.228704480740793,"P1"
"2017-03-25 17:05:58",117,0.279498170530395,117,0.234748935702539,117,0.182709727489537,117,0.228704480740793,"P1"
"2017-03-29 05:25:55",168,0.271649926787557,168,0.235472876662489,168,0.144828115119157,168,0.228611753097822,"P1"
"2017-03-30 17:14:07",15,0.256659648353104,15,0.221186487704304,15,0.143101555242215,15,0.227763938157216,"P1"
"2017-03-31 17:06:41",117,0.249491912286682,117,0.23216984203328,117,0.13589750974371,117,0.214222188049281,"P1"
"2017-04-04 05:26:40",168,0.228534803886059,168,0.217696370407912,168,0.135383019445832,168,0.199485901109141,"P1"
"2017-04-05 17:14:51",15,0.218494695209798,15,0.204213695743529,15,0.139183301781151,15,0.199485901109141,"P1"
"2017-04-06 17:05:58",117,0.289361012007674,117,0.244354128466397,117,0.164860431241139,117,0.253470206364776,"P1"
"2017-04-10 05:25:56",168,0.271649926787557,168,0.235472876662489,168,0.144828115119157,168,0.228611753097822,"P1"
"2017-04-11 17:14:07",15,0.25007010952252,15,0.242478683126351,15,0.134937397767362,15,0.214760148743901,"P1"
"2017-04-12 17:06:41",117,0.227309042349331,117,0.217696370407912,117,0.135383019445832,117,0.204742093413418,"P1"
"2017-04-16 05:26:40",168,0.176020805080142,168,0.165097593224518,168,0.172803825539122,168,0.163675070220884,"P1"
"2017-04-17 17:14:51",15,0.166800701231589,15,0.137160281282249,15,0.175461541690001,15,0.155421590764847,"P1"
"2017-04-18 17:05:59",117,0.15861635571892,117,0.131081083959653,117,0.178078420054827,117,0.141253041136996,"P1"
"2017-04-22 05:25:56",168,0.171016466897966,168,0.163790908873178,168,0.177641462389178,168,0.166163848383239,"P1"
"2017-04-23 17:14:08",15,0.17435498106763,15,0.156388378689137,15,0.176009655247215,15,0.164134536351866,"P1"
"2017-04-24 17:06:42",117,0.155086436388042,117,0.127551164628775,117,0.185631162207549,117,0.137723121806118,"P1"
"2017-04-28 05:26:41",168,0.212716985659121,168,0.156826579659421,168,0.210289981494241,168,0.217676004385949,"P1"
"2017-04-29 17:14:52",15,0.210941292972857,15,0.159727292231901,15,0.214848826961777,15,0.218133408298542,"P1"
"2017-04-30 17:05:59",117,0.210616478101169,117,0.171782377330428,117,0.218327495699152,117,0.218924799045175,"P1"
"2017-05-04 05:25:57",168,0.183544302709954,168,0.165097593224518,168,0.178822297967042,168,0.172743768198118,"P1"
"2017-05-05 17:14:09",15,0.212221135905766,15,0.171782377330428,15,0.217339505059994,15,0.219413251231451,"P1"
"2017-05-06 17:06:42",117,0.210796930863726,117,0.153260362991109,117,0.203740517849817,117,0.206900032473338,"P1"
"2017-05-10 05:26:42",168,0.167467790917299,168,0.173771771970746,168,0.190937055318077,168,0.174066161520799,"P1"
"2017-05-11 17:14:53",15,0.151566360888328,15,0.160235803411817,15,0.178822297967042,15,0.170040815573153,"P1"
"2017-05-12 17:06:00",117,0.206432951936201,117,0.174065900456837,117,0.219094593052272,117,0.220546923367344,"P1"
"2017-05-16 05:26:03",168,0.167302434834279,168,0.163584628817414,168,0.192719769964114,168,0.18113553701962,"P1"
"2017-05-17 17:14:09",15,0.151566360888328,15,0.160235803411817,15,0.130461536714469,15,0.170040815573153,"P1"
"2017-05-18 17:06:43",117,0.179685968909242,117,0.163584628817414,117,0.143329456837752,117,0.185506595006853,"P1"
"2017-05-22 05:26:42",168,0.134424133121188,168,0.1604565234162,168,0.127758659900039,168,0.171501150919621,"P1"
"2017-05-23 17:14:47",15,0.167467790917299,15,0.166377599722692,15,0.130461536714469,15,0.174066161520799,"P1"
"2017-05-24 17:06:00",117,0.134100327851246,117,0.140554508132572,117,0.134450580674405,117,0.150694680866747,"P1"
"2017-05-28 05:26:03",168,0.167213093360311,168,0.147602515523282,168,0.124557981871254,168,0.179591721607042,"P1"
"2017-05-29 17:14:10",15,0.133228646898361,15,0.136144340155524,15,0.117632880307141,15,0.153904819399176,"P1"
"2017-05-30 17:06:44",117,0.159157444650301,117,0.139609707466496,117,0.128210305989234,117,0.165170148196363,"P1"
"2017-06-03 05:26:54",168,0.155314173019257,168,0.146178639972624,168,0.113879766540203,168,0.161903006443106,"P1"
"2017-06-04 17:14:48",15,0.196147081346629,15,0.14583835273757,15,0.114737039572306,15,0.195827967811922,"P1"
"2017-06-05 17:06:01",117,0.185212890913369,117,0.14583835273757,117,0.116872298128119,117,0.187477966645445,"P1"
"2017-06-09 05:25:56",168,0.140578739831304,168,0.148509015745827,168,0.109220027527266,168,0.150427504408807,"P1"
"2017-06-10 17:14:11",15,0.157016187067626,15,0.147898633504697,15,0.129971465322908,15,0.176259887094415,"P1"
"2017-06-11 17:06:45",117,0.15040904895183,117,0.151672418246279,117,0.133634580048474,117,0.162400890042669,"P1"
"2017-06-15 05:26:55",168,0.170026006607765,168,0.167212212800539,168,0.120618949861015,168,0.173215750645402,"P1"
"2017-06-16 17:14:49",15,0.154019976222262,15,0.13487083543892,15,0.124654278593156,15,0.160635952129333,"P1"
"2017-06-17 17:06:02",117,0.138527812701432,117,0.135091555443304,117,0.128317393318722,117,0.149994215769726,"P1"
"2017-06-21 05:25:56",168,0.14779395267176,168,0.14343683244687,168,0.112057957908268,168,0.175413513208914,"P1"
"2017-06-22 17:14:11",15,0.125322082658454,15,0.128326518319839,15,0.115451662060659,15,0.14122311373084,"P1"
"2017-06-23 17:06:45",117,0.128301946506915,117,0.118438408398463,117,0.12194483411834,117,0.135640113507707,"P1"
"2017-06-27 05:26:55",168,0.195249411785677,168,0.188909809061206,168,0.101379792125235,168,0.213399894684027,"P1"
"2017-06-28 17:14:50",15,0.198707814933876,15,0.18983180812203,15,0.100141531284708,15,0.214001000464159,"P1"
"2017-06-29 17:06:02",117,0.200513742981566,117,0.185144679646431,117,0.0996504815255183,117,0.223714512549299,"P1"
"2017-07-03 05:25:57",168,0.157437344736809,168,0.147057811365945,168,0.10321774759572,168,0.170169424502294,"P1"
"2017-07-04 17:14:12",15,0.177249174231726,15,0.186292350172909,15,0.100221303556393,15,0.202070512634018,"P1"
"2017-07-05 17:06:46",117,0.176254269300584,117,0.171609581581419,117,0.100409694572671,117,0.210937831107921,"P1"
"2017-07-09 05:26:56",168,0.149437266710561,168,0.162388092625318,168,0.0950866198058238,168,0.168390785320208,"P1"
"2017-07-10 17:14:50",15,0.152498982853766,15,0.142395482999513,15,0.113528304755121,15,0.159986448610428,"P1"
"2017-07-11 17:06:03",117,0.184369220429657,117,0.169668926745447,117,0.100409694572671,117,0.207848958994829,"P1"
"2017-07-15 05:25:58",168,0.152006022020468,168,0.164956847935224,168,0.0950866198058238,168,0.175887916718766,"P1"
"2017-07-16 17:14:13",15,0.15439315948233,15,0.142598967230785,15,0.108505484352481,15,0.167783422609241,"P1"
"2017-07-17 17:06:46",117,0.131510570364157,117,0.116674293820303,117,0.114540747809294,117,0.120213930026189,"P1"
"2017-07-21 05:26:57",NA,NA,NA,NA,168,0.10459296805487,NA,NA,"P1"
"2017-07-22 17:14:51",NA,NA,NA,NA,15,0.115944636369374,NA,NA,"P1"
"2017-07-23 17:06:04",NA,NA,NA,NA,117,0.105250598055476,NA,NA,"P1"
"2017-07-27 05:25:58",NA,NA,NA,NA,168,0.101966189899699,NA,NA,"P1"
"2017-07-28 17:14:13",NA,NA,NA,NA,15,0.103148184370303,NA,NA,"P1"
"2017-07-29 17:06:47",NA,NA,NA,NA,117,0.0940753216622678,NA,NA,"P1"
"2017-08-02 05:26:58",NA,NA,NA,NA,168,0.103788197323031,NA,NA,"P1"
"2017-08-03 17:14:52",NA,NA,NA,NA,15,0.10459296805487,NA,NA,"P1"
"2017-08-04 17:06:05",NA,NA,NA,NA,117,0.10842825390635,NA,NA,"P1"
"2017-08-08 05:25:59",168,0.176869893695221,168,0.251024472444968,168,0.106969917062452,168,0.176610657754566,"P1"
"2017-08-09 17:14:14",15,0.174093408511898,15,0.240787690633103,15,0.106969917062452,15,0.179744583596322,"P1"
"2017-08-10 17:06:48",117,0.164810836644132,117,0.214518672858533,117,0.0859169514859374,117,0.158189205207441,"P1"
"2017-08-14 05:26:58",168,0.162377227416899,168,0.218064260889847,168,0.0975286076582794,168,0.165161115465162,"P1"
"2017-08-15 17:14:52",15,0.175772851313922,15,0.239773500519524,15,0.0967145007530712,15,0.180424024371789,"P1"
"2017-08-16 17:06:05",117,0.17660341204359,117,0.225782399581025,117,0.110455686350802,117,0.155274091829414,"P1"
"2017-08-20 05:26:00",168,0.176107600652035,168,0.251186059792222,168,0.0929264608905108,168,0.17586135334311,"P1"
"2017-09-07 05:26:59",168,0.193187826709984,168,0.171435451777503,168,0.145793590774171,168,0.210453404751789,"P1"
"2017-09-08 17:14:53",15,0.221058369191232,15,0.190416794000968,15,0.146952079343013,15,0.225368232644046,"P1"
"2017-09-09 17:06:06",117,0.155737483028797,117,0.142795816073714,117,0.136054934071084,117,0.159221124584241,"P1"
"2017-09-13 05:26:01",168,0.185390838575168,168,0.167213747378081,168,0.136497246628048,168,0.174511799329074,"P1"
"2017-09-14 17:14:16",15,0.221737809966699,15,0.19716536066725,15,0.145034377727018,15,0.218934066797358,"P1"
"2017-09-15 17:06:49",117,0.167892901583116,117,0.155036126225451,117,0.143098342580217,117,0.18257462098708,"P1"
"2017-09-19 05:27:00",168,0.218875739811988,168,0.182375465702538,168,0.145793590774171,168,0.218361665347329,"P1"
"2017-09-20 17:14:54",15,0.225876743312713,15,0.194430175340915,15,0.145713818502485,15,0.218934066797358,"P1"
"2017-09-21 17:06:07",117,0.190603637443202,117,0.177061301730498,117,0.148410469138997,117,0.210453404751789,"P1"
"2017-09-25 05:26:01",168,0.152503229605806,168,0.162698917276912,168,0.134548765492112,168,0.150409183049269,"P1"
"2017-09-26 17:14:16",15,0.178220179913582,15,0.194855253184269,15,0.145713818502485,15,0.162996818545662,"P1"
"2017-09-27 17:06:50",117,0.141865150952184,117,0.160692082020952,117,0.137165643856939,117,0.155141189429988,"P1"
"2017-10-01 05:27:00",168,0.185654211377486,168,0.191862371052826,168,0.163100460806847,168,0.172611211731079,"P1"
"2017-10-02 17:14:54",15,0.152427026528149,15,0.163457181208718,15,0.136673687523787,15,0.155141189429988,"P1"
"2017-10-03 17:06:07",117,0.187724951996639,117,0.197143368479944,117,0.151065882193647,117,0.168274026098916,"P1"
"2017-10-07 05:26:01",168,0.15153342736274,168,0.173100986406515,168,0.14048146421539,168,0.160849525483393,"P1"
"2017-10-08 17:14:16",15,0.208737392975309,15,0.17291254247025,15,0.17179943687682,15,0.186134485291529,"P1"
"2017-10-09 17:06:50",117,0.179392509228475,117,0.158322314075127,117,0.163409164281047,117,0.162682017568141,"P1"
"2017-10-13 05:27:00",168,0.184304441391777,168,0.171058624265166,168,0.154955178682879,168,0.157481284796373,"P1"
"2017-10-14 17:14:54",15,0.17558912997542,15,0.171058624265166,15,0.154955178682879,15,0.15261215696749,"P1"
"2017-10-15 17:06:07",117,0.17456888797477,117,0.158322314075127,117,0.152854118631068,117,0.154689156181846,"P1"
"2017-10-19 05:26:01",168,0.169267149577702,168,0.178015582422822,168,0.155092334398513,168,0.13526487939771,"P1"
"2017-10-20 17:14:16",15,0.145214653007262,15,0.150970159526763,15,0.150987287710771,15,0.126029191757191,"P1"
"2017-10-21 17:06:50",117,0.187255296945749,117,0.171994198624959,117,0.157572057047705,117,0.155766936732326,"P1"
"2017-10-25 05:27:00",168,0.190675883535475,168,0.162820544813231,168,0.158272343976788,168,0.18981677496608,"P1"
"2017-10-26 17:14:54",15,0.169369858027197,15,0.168900632254411,15,0.15070580631214,15,0.17835433666984,"P1"
"2017-10-27 17:06:07",117,0.216963998340528,117,0.180732366145404,117,0.176279046419711,117,0.207326617953233,"P1"
"2017-10-31 05:26:02",168,0.172621864622042,168,0.156433724321673,168,0.156858821704682,168,0.186347198056136,"P1"
"2017-11-01 17:14:16",15,0.157798521564488,15,0.165303658144526,15,0.14886230829149,15,0.15406093205682,"P1"
"2017-11-02 17:06:50",117,0.143658920242272,117,0.145622362865281,117,0.152851352251427,117,0.135793446679645,"P1"
"2017-11-06 05:27:00",168,0.176027011599574,168,0.168900632254411,168,0.15070580631214,168,0.176277337455484,"P1"
"2017-11-07 17:14:54",15,0.219450004065278,15,0.180984141806269,15,0.174731818169672,15,0.207452319894703,"P1"
"2017-11-08 17:06:07",117,0.215765506162003,117,0.177739484013961,117,0.187619492305302,117,0.212810038535377,"P1"
"2017-11-12 05:26:01",168,0.188625224306438,168,0.165862412689856,168,0.158272343976788,168,0.19273847621243,"P1"
"2017-11-13 17:14:16",15,0.217792191696942,15,0.17193429883299,15,0.174731818169672,15,0.203137463136081,"P1"
"2017-11-14 17:06:50",117,0.216963998340528,117,0.180732366145404,117,0.176279046419711,117,0.207326617953233,"P1"
"2018-06-18 17:06:51",117,0.147520913346201,117,0.118439261489304,117,0.113410724937845,117,0.135294433270171,"P1"
"2018-06-22 05:27:02",168,0.222691666144455,168,0.188996394407288,168,0.124703980882423,168,0.215147592412518,"P1"
"2018-06-23 17:15:12",15,0.181371238888205,15,0.158140471359667,15,0.118191373790894,15,0.184191637864323,"P1"
"2018-06-24 17:06:09",117,0.147520913346201,117,0.118439261489304,117,0.113410724937845,117,0.135294433270171,"P1"
"2018-06-28 05:26:03",168,0.180739036288966,168,0.166410287083923,168,0.111190718910665,168,0.192156213447287,"P1"
"2018-06-30 17:06:52",117,0.13454053950596,117,0.121252175554639,117,0.122814356012501,117,0.152059101066399,"P1"
"2018-07-04 05:27:02",168,0.165359169800172,168,0.158835907065996,168,0.139065552736576,168,0.199086248533675,"P1"
"2018-07-05 17:15:13",15,0.164377357898128,15,0.153262146153507,15,0.138485343839379,15,0.2062468610244,"P1"
"2018-07-06 17:06:09",117,0.144595364510017,117,0.128866806274388,117,0.131469482483563,117,0.15953079417801,"P1"
"2018-07-10 05:26:20",168,0.1572871430654,168,0.160462455461353,168,0.135396928762614,168,0.195985807401422,"P1"
"2018-07-11 17:14:19",15,0.165384852024626,15,0.160265775615088,15,0.135396928762614,15,0.199561506949104,"P1"
"2018-07-12 17:06:53",117,0.144595364510017,117,0.134995991869865,117,0.131469482483563,117,0.15953079417801,"P1"
"2018-07-16 05:27:03",168,0.162390301241444,168,0.163030874802854,168,0.134556081353287,168,0.199561506949104,"P1"
"2018-07-17 17:15:14",15,0.155288894633439,15,0.162904305991343,15,0.132957650806479,15,0.193987558969461,"P1"
"2018-07-18 17:06:10",117,0.144595364510017,117,0.121252175554639,117,0.130921368926349,117,0.146567831098646,"P1"
"2018-07-22 05:26:21",168,0.143824945945831,168,0.1499202540897,168,0.129789315394376,168,0.188421333774168,"P1"
"2018-07-23 17:14:20",15,0.162416962147679,15,0.156736940560479,15,0.118873548500062,15,0.182942599495433,"P1"
"2018-07-24 17:06:53",117,0.141812083653867,117,0.141479587331839,117,0.116566362762337,117,0.132025634811833,"P1"
"2018-07-28 05:27:04",168,0.160351544178067,168,0.165782750228167,168,0.119676335771471,168,0.170003725671571,"P1"
"2018-07-29 17:15:14",15,0.14512577955432,15,0.15505378456857,15,0.117414955652455,15,0.165190706792019,"P1"
"2018-07-30 17:06:11",117,0.152077135087599,117,0.169403729147241,117,0.114800069759015,117,0.16457469094404,"P1"
"2018-08-03 05:26:22",168,0.171844586144999,168,0.170500725820319,168,0.120080961839084,168,0.189427662113515,"P1"
"2018-08-04 17:14:20",15,0.160351544178067,15,0.165782750228167,15,0.119676335771471,15,0.170003725671571,"P1"
"2018-08-05 17:06:54",NA,NA,NA,NA,117,0.105901060475161,NA,NA,"P1"
"2018-08-09 05:27:04",NA,NA,NA,NA,168,0.110048761613197,NA,NA,"P1"
"2018-08-10 17:15:15",NA,NA,NA,NA,15,0.100592203037506,NA,NA,"P1"
"2018-08-11 17:06:11",NA,NA,NA,NA,117,0.105901060475161,NA,NA,"P1"
"2018-08-15 05:26:22",NA,NA,NA,NA,168,0.109178140713829,NA,NA,"P1"
"2018-08-16 17:14:21",NA,NA,NA,NA,15,0.101813582907575,NA,NA,"P1"
"2018-08-17 17:06:55",NA,NA,NA,NA,117,0.105352946917947,NA,NA,"P1"
"2018-08-21 05:27:05",168,0.190455209577373,168,0.15515636955744,168,0.161830722658565,168,0.198591041266381,"P1"
"2018-08-22 17:15:16",15,0.163082682694125,15,0.135112224858291,15,0.134949454615383,15,0.169107583977095,"P1"
"2018-08-23 17:06:12",117,0.132935558503831,117,0.109831188728245,117,0.140224049131087,117,0.115651576604497,"P1"
"2018-08-27 05:26:23",168,0.171509711927903,168,0.166766038910422,168,0.165827117573277,168,0.189317100924475,"P1"
"2018-08-28 17:14:22",15,0.162381810359236,15,0.145917614478987,15,0.143466975078409,15,0.175171690678737,"P1"
"2018-08-29 17:06:56",117,0.117846347667805,117,0.0988427066418846,117,0.143264357311261,117,0.119322425330644,"P1"
"2018-09-02 05:27:06",168,0.19233829946463,168,0.167780980832544,168,0.167474910820161,168,0.191049538930812,"P1"
"2018-09-03 17:15:17",15,0.199787226264507,15,0.164222273147452,15,0.180632789630701,15,0.210355075293994,"P1"
"2018-09-04 17:06:13",117,0.204253420343196,117,0.166689586365804,117,0.189295864414299,117,0.209866623107718,"P1"
"2018-09-08 05:26:24",168,0.162975208177285,168,0.148609590424268,168,0.158875452827945,168,0.185550189945592,"P1"
"2018-09-09 17:14:22",15,0.202703125483988,15,0.170284633056759,15,0.16331009480139,15,0.19791395304068,"P1"
"2018-09-10 17:06:56",117,0.119357408690368,117,0.111229722544542,117,0.149877761139882,117,0.131955405296829,"P1"
"2018-09-14 05:27:06",168,0.181731167568323,168,0.159504628541843,168,0.159271977958778,168,0.192085906268063,"P1"
"2018-09-15 17:15:17",15,0.183803795714012,15,0.15872743467833,15,0.159271977958778,15,0.18602779385455,"P1"
"2018-09-16 17:06:13",117,0.118010406979841,117,0.0984635433859645,117,0.149329647582667,117,0.124133896455298,"P1"
"2018-09-20 05:26:24",168,0.14259871093056,168,0.149718186591711,168,0.158395882993087,168,0.176105745676916,"P1"
"2018-09-21 17:14:22",15,0.157229712148161,15,0.1647528935425,15,0.16044815185153,15,0.186632242936482,"P1"
"2018-09-22 17:06:56",117,0.112887635921007,117,0.11254104564979,117,0.140510370502325,117,0.126058983172045,"P1"
"2018-09-26 05:27:06",168,0.120327537801642,168,0.139711671019272,168,0.138441605694713,168,0.150243320742993,"P1"
"2018-09-27 17:15:17",15,0.146191416183452,15,0.153638074458457,15,0.140413115576002,15,0.176401743515723,"P1"
"2018-09-28 17:06:13",117,0.112887635921007,117,0.11254104564979,117,0.140510370502325,117,0.122666405456805,"P1"
"2018-10-02 05:26:24",168,0.126092413737812,168,0.14620425047823,168,0.137069440099603,168,0.150867825434499,"P1"
"2018-10-03 17:14:23",15,0.114474967564829,15,0.127303236174212,15,0.138441605694713,15,0.146269130596161,"P1"
"2018-10-04 17:06:56",117,0.112887635921007,117,0.11254104564979,117,0.140510370502325,117,0.126058983172045,"P1"
"2018-10-08 05:27:07",168,0.132525040012658,168,0.144281599296601,168,0.163432301222349,168,0.147202640789766,"P1"
"2018-10-09 17:15:17",15,0.146381478553926,15,0.150727376238507,15,0.170957444964137,15,0.17402874646256,"P1"
"2018-10-10 17:06:14",117,0.104787860107348,117,0.109023226059563,117,0.169255009295269,117,0.117291705075787,"P1"
"2018-10-14 05:26:25",168,0.139734835507556,168,0.142984137010582,168,0.168909513505201,168,0.151227986737412,"P1"
"2018-10-15 17:14:23",15,0.126383243701783,15,0.13836052299011,15,0.168269938072405,15,0.145657440442345,"P1"
"2018-10-16 17:06:57",117,0.102638766068208,117,0.100919705053182,117,0.168706895738054,117,0.113899127360547,"P1"
"2018-10-20 05:27:07",168,0.126383243701783,168,0.138139802985726,168,0.129349959169994,168,0.147202640789766,"P1"
"2018-10-21 17:15:18",15,0.111208904424696,15,0.111709845666919,15,0.124635263675762,15,0.126464939692498,"P1"
"2018-10-22 17:06:14",117,0.104787860107348,117,0.109023226059563,117,0.128109987385051,117,0.117291705075787,"P1"
"2018-10-26 05:26:25",168,0.11602808447268,168,0.129129552487594,168,0.130997356712421,168,0.140442652457907,"P1"
"2018-10-27 17:14:23",15,0.191786372694459,15,0.238080011085725,15,0.178527816630523,15,0.204379717654008,"P1"
"2018-10-28 17:06:57",117,0.195947602310811,117,0.236729404436153,117,0.178527816630523,117,0.211386412718204,"P1"
"2018-11-01 05:27:07",NA,NA,168,0.228087491922496,168,0.148982445674135,NA,NA,"P1"
"2018-11-02 17:15:17",NA,NA,15,0.243612534943874,15,0.156855543838286,NA,NA,"P1"
"2018-11-03 17:06:14",NA,NA,117,0.259602933373188,117,0.165726269711658,NA,NA,"P1"
"2018-11-07 05:26:02",NA,NA,168,0.197241364289819,168,0.146485533874272,NA,NA,"P1"
"2018-11-08 17:14:23",NA,NA,15,0.256773294286065,15,0.158825193952294,NA,NA,"P1"
"2018-11-09 17:06:56",NA,NA,117,0.259602933373188,117,0.165726269711658,NA,NA,"P1"
"2018-11-13 05:27:06",NA,NA,168,0.197241364289819,168,0.146485533874272,NA,NA,"P1"
"2018-11-14 17:15:17",NA,NA,15,0.237493765359232,15,0.156855543838286,NA,NA,"P1"
"2018-11-15 17:06:14",NA,NA,117,0.237493765359232,117,0.156855543838286,NA,NA,"P1"
"2018-11-19 05:26:02",NA,NA,168,0.159798088479202,168,0.121635300569332,NA,NA,"P1"
"2018-11-20 17:14:23",NA,NA,15,0.237493765359232,15,0.166085470437822,NA,NA,"P1"
"2018-11-21 17:06:56",NA,NA,117,0.214918879737958,117,0.169480740601248,NA,NA,"P1"
"2018-11-25 05:27:06",NA,NA,168,0.196603281181836,168,0.134730680645057,NA,NA,"P1"
"2018-11-26 17:15:17",NA,NA,15,0.255634123528841,15,0.166085470437822,NA,NA,"P1"
"2018-11-27 17:06:13",NA,NA,117,0.255634123528841,117,0.171811761908359,NA,NA,"P1"
"2018-12-01 05:26:11",NA,NA,168,0.193215234623286,168,0.134628198508717,NA,NA,"P1"
"2018-12-02 17:14:22",NA,NA,15,0.228087491922496,15,0.163592206007065,NA,NA,"P1"
"2019-06-18 17:15:18",NA,NA,NA,NA,15,0.104275459739182,NA,NA,"P1"
"2019-06-19 17:06:15",NA,NA,NA,NA,117,0.111072130119536,NA,NA,"P1"
"2019-06-23 05:26:03",NA,NA,NA,NA,168,0.104275459739182,NA,NA,"P1"
"2019-06-25 17:06:58",NA,NA,NA,NA,117,0.101048929393314,NA,NA,"P1"
"2019-06-29 05:27:08",168,0.162780447824049,168,0.17070847946517,168,0.100860538377037,168,0.180206436652261,"P1"
"2019-06-30 17:15:19",15,0.170007713764152,15,0.165011978071473,15,0.11361939537226,15,0.183206224175273,"P1"
"2019-07-01 17:06:15",117,0.212254040017958,117,0.19507451257533,117,0.112996653881785,117,0.229735643673345,"P1"
"2019-07-05 05:26:04",168,0.170954814493683,168,0.168786195604279,168,0.12348284690556,168,0.186284179025832,"P1"
"2019-07-06 17:14:25",15,0.164408385429582,15,0.167951728594816,15,0.12348284690556,15,0.184498160299551,"P1"
"2019-07-07 17:06:58",117,0.150298316980118,117,0.141014868547553,117,0.116164572785641,117,0.177034225289378,"P1"
"2019-07-11 05:27:08",168,0.151827546141587,168,0.160847445001141,168,0.128356408128849,168,0.16979021349701,"P1"
"2019-07-12 17:15:19",15,0.143886305872892,15,0.130370812245412,15,0.120242485261697,15,0.157502251885267,"P1"
"2019-07-13 17:06:16",117,0.164413630916395,117,0.154794730735014,117,0.130536321650375,117,0.186686859368452,"P1"
"2019-07-17 05:26:05",168,0.164121374936245,168,0.166748694916505,168,0.124187506396339,168,0.185814979276087,"P1"
"2019-07-18 17:14:25",15,0.122546725057185,15,0.124769490733109,15,0.112029635974912,15,0.144897500764964,"P1"
"2019-07-19 17:06:59",117,0.123460508516456,117,0.122082871125752,117,0.112218026991189,117,0.138356839746601,"P1"
"2019-07-23 05:27:09",168,0.160185811893313,168,0.173289547938236,168,0.130189419500641,168,0.176011706403408,"P1"
"2019-07-24 17:15:20",15,0.134782660078329,15,0.129350186992521,15,0.122064228235041,15,0.160251625667419,"P1"
"2019-07-25 17:06:17",117,0.117354252519092,117,0.119706812262926,117,0.122437000643764,117,0.135482145404831,"P1"
"2019-07-29 05:26:05",168,0.150857476499594,168,0.163961212544517,168,0.124773200487238,168,0.172586168379937,"P1"
"2019-07-30 17:14:26",15,0.16223647112235,15,0.173289547938236,15,0.124773200487238,15,0.175119804253207,"P1"
"2019-07-31 17:07:00",117,0.203323408049166,117,0.196667053559832,117,0.137359211377096,117,0.222347987343416,"P1"
"2019-08-04 05:27:10",168,0.150857476499594,168,0.163961212544517,168,0.124773200487238,168,0.172586168379937,"P1"
"2019-08-05 17:15:21",15,0.150857476499594,15,0.158184844902969,15,0.123355191951347,15,0.172586168379937,"P1"
"2019-08-06 17:06:18",117,0.196209801427011,117,0.179421244127505,117,0.149379098038154,117,0.219536590801994,"P1"
"2019-08-10 05:26:06",168,0.160185811893313,168,0.173289547938236,168,0.130189419500641,168,0.172948978393895,"P1"
"2019-08-11 17:14:27",15,0.209525678781826,15,0.201059934576421,15,0.138406267493128,15,0.220506704894411,"P1"
"2019-08-12 17:07:01",117,0.214083826687684,117,0.197666037409959,117,0.15228381947186,117,0.228846518027457,"P1"
"2019-08-16 05:27:11",NA,NA,NA,NA,168,0.10698483246618,NA,NA,"P1"
"2019-08-17 17:15:22",NA,NA,NA,NA,15,0.10964024552083,NA,NA,"P1"
"2019-08-18 17:06:18",NA,NA,NA,NA,117,0.109365354314729,NA,NA,"P1"
"2019-08-22 05:26:07",NA,NA,NA,NA,168,0.107843206278568,NA,NA,"P1"
"2019-08-24 17:07:01",NA,NA,NA,NA,117,0.110390829482844,NA,NA,"P1"
"2019-08-28 05:27:11",NA,NA,NA,NA,168,0.107843206278568,NA,NA,"P1"
"2019-08-29 17:15:22",NA,NA,NA,NA,15,0.100818388370937,NA,NA,"P1"
"2019-08-30 17:06:19",NA,NA,NA,NA,117,0.113720036877495,NA,NA,"P1"
"2019-09-03 05:26:07",NA,NA,NA,NA,168,0.108334314594407,NA,NA,"P1"
"2019-09-04 17:14:28",NA,NA,NA,NA,15,0.108334314594407,NA,NA,"P1"
"2019-09-05 17:07:02",NA,NA,NA,NA,117,0.113720036877495,NA,NA,"P1"
"2019-09-09 05:27:12",168,0.228305576735871,168,0.195974541110812,168,0.137647054445976,168,0.244424825628605,"P1"
"2019-09-10 17:15:23",15,0.228305576735871,15,0.195974541110812,15,0.137647054445976,15,0.244424825628605,"P1"
"2019-09-11 17:06:19",117,0.230565864028785,117,0.175669521505223,117,0.141023145857955,117,0.234219197063953,"P1"
"2019-09-15 05:26:08",168,0.183059549071766,168,0.160894635631834,168,0.132566940520123,168,0.196728336976406,"P1"
"2019-09-16 17:14:29",15,0.15329339287821,15,0.126324528477281,15,0.115233442280471,15,0.155717164443256,"P1"
"2019-09-17 17:07:02",117,0.156421012406969,117,0.132125466799905,117,0.118896176411248,117,0.170336667462146,"P1"
"2019-09-21 05:27:13",168,0.167033509299957,168,0.162629096832422,168,0.137595700309454,168,0.181174636656311,"P1"
"2019-09-22 17:15:23",15,0.121034413673352,15,0.137515504353178,15,0.112495239590598,15,0.111291872921972,"P1"
"2019-09-27 05:26:09",168,0.167598811128147,168,0.178868810651344,168,0.111350548445234,168,0.149999888649765,"P1"
"2019-09-28 17:14:29",15,0.157276007489555,15,0.159293857608751,15,0.11032152097164,15,0.162340143024036,"P1"
"2019-09-29 17:07:03",117,0.135290770106108,117,0.127627394431802,117,0.115981008878948,117,0.108329457230171,"P1"
"2019-10-03 05:27:13",168,0.161679786568343,168,0.159293857608751,168,0.11032152097164,168,0.162030271924941,"P1"
"2019-10-04 17:15:24",15,0.185075644124392,15,0.177555105883048,15,0.109862088250317,15,0.171358574847822,"P1"
"2019-10-05 17:06:20",117,0.13425737991728,117,0.134828884745822,117,0.117026864644899,117,0.11266389324238,"P1"
"2019-10-09 05:26:09",168,0.16611874241772,168,0.162702263315578,168,0.129313746683854,168,0.167146945094665,"P1"
"2019-10-10 17:14:29",15,0.205042770738321,15,0.176474358210629,15,0.121633795838863,15,0.218076544810605,"P1"
"2019-10-11 17:07:03",117,0.161480911008708,117,0.144593996156879,117,0.125949008161214,117,0.151923466761931,"P1"
"2019-10-15 05:27:13",168,0.161852035838979,168,0.167131470177523,168,0.117952847439204,168,0.180773708715744,"P1"
"2019-10-16 17:15:24",15,0.205042770738321,15,0.176474358210629,15,0.12231323661433,15,0.215388418088469,"P1"
"2019-10-17 17:06:20",117,0.204128049827769,117,0.187531997610589,117,0.118034146992581,117,0.205341888600127,"P1"
"2019-10-21 05:26:09",168,0.205042770738321,168,0.176474358210629,168,0.12231323661433,168,0.218076544810605,"P1"
"2019-10-23 17:07:03",117,0.213427765825938,117,0.173481476079187,117,0.13988826993497,117,0.214674645651844,"P1"
"2019-10-27 05:27:13",168,0.173231030461735,168,0.173417937694616,168,0.117080882327235,168,0.183307344589014,"P1"
"2019-10-28 17:15:24",15,0.173231030461735,15,0.167131470177523,15,0.117952847439204,15,0.183187177958739,"P1"
"2019-10-29 17:06:20",117,0.213427765825938,117,0.173481476079187,117,0.13988826993497,117,0.214674645651844,"P1"
"2020-05-08 17:06:19",NA,NA,NA,NA,117,0.122293347475247,NA,NA,"P1"
"2020-05-12 05:26:11",NA,NA,NA,NA,168,0.123174915636471,NA,NA,"P1"
"2020-05-13 17:14:28",NA,NA,NA,NA,15,0.133275724185701,NA,NA,"P1"
"2020-05-14 17:07:02",NA,NA,NA,NA,117,0.136761493474051,NA,NA,"P1"
"2020-05-18 05:27:12",NA,NA,NA,NA,168,0.134539458244893,NA,NA,"P1"
"2020-05-19 17:15:23",NA,NA,NA,NA,15,0.147967882962242,NA,NA,"P1"
"2020-05-20 17:06:19",NA,NA,NA,NA,117,0.137055102217907,NA,NA,"P1"
"2020-05-24 05:26:08",NA,NA,NA,NA,168,0.132211047500298,NA,NA,"P1"
"2020-05-25 17:14:29",NA,NA,NA,NA,15,0.136769797988035,NA,NA,"P1"
"2020-05-26 17:07:03",NA,NA,NA,NA,117,0.126801119815613,NA,NA,"P1"
"2020-05-30 05:27:13",NA,NA,NA,NA,168,0.132211047500298,NA,NA,"P1"
"2020-05-31 17:15:24",NA,NA,NA,NA,15,0.132335567185081,NA,NA,"P1"
"2020-06-01 17:06:20",NA,NA,117,0.100933268062416,117,0.195368773353526,NA,NA,"P1"
"2020-06-05 05:26:09",NA,NA,168,0.147992917123403,168,0.225762776169347,NA,NA,"P1"
"2020-06-06 17:14:30",NA,NA,15,0.128956585205108,15,0.210372345674393,NA,NA,"P1"
"2020-06-07 17:07:03",NA,NA,117,0.152625796729644,117,0.235119517849254,NA,NA,"P1"
"2020-06-11 05:27:14",NA,NA,168,0.148350027282902,168,0.232502639484428,NA,NA,"P1"
"2020-06-12 17:15:24",NA,NA,15,0.148350027282902,15,0.221162193598837,NA,NA,"P1"
"2020-06-13 17:06:21",NA,NA,117,0.148350027282902,117,0.235119517849254,NA,NA,"P1"
"2020-06-17 05:26:09",NA,NA,NA,NA,168,0.149398420510285,NA,NA,"P1"
"2020-06-19 17:07:04",NA,NA,NA,NA,117,0.132407966806534,NA,NA,"P1"
"2020-06-23 05:27:14",NA,NA,NA,NA,168,0.0970503536442125,NA,NA,"P1"
"2020-06-24 17:15:25",NA,NA,NA,NA,15,0.098271733514282,NA,NA,"P1"
"2020-06-25 17:06:21",NA,NA,NA,NA,117,0.109331028487371,NA,NA,"P1"
"2020-06-29 05:26:10",NA,NA,NA,NA,168,0.098271733514282,NA,NA,"P1"
"2020-06-30 17:14:31",NA,NA,NA,NA,15,0.0992997953606709,NA,NA,"P1"
"2020-07-01 17:07:04",NA,NA,NA,NA,117,0.108813577770718,NA,NA,"P1"
"2020-07-05 05:27:15",168,0.156308457511575,168,0.165412358252638,168,0.105855793667711,168,0.168434341207891,"P1"
"2020-07-06 17:15:26",15,0.155428395708047,15,0.137378403553035,15,0.11649751782661,15,0.169240313829716,"P1"
"2020-07-07 17:06:22",117,0.137492660096135,117,0.122035874505968,117,0.119114776786225,117,0.14883168735227,"P1"
"2020-07-11 05:26:11",168,0.159504567927867,168,0.167961981612739,168,0.109863268551891,168,0.170540762555166,"P1"
"2020-07-12 17:14:32",15,0.162574514944384,15,0.15505910452757,15,0.11463240681582,15,0.173865931631237,"P1"
"2020-07-13 17:07:05",117,0.161212451473001,117,0.137157683548652,117,0.120478267460116,117,0.172536090621493,"P1"
"2020-07-17 05:27:16",168,0.159504567927867,168,0.167961981612739,168,0.109863268551891,168,0.170660929185441,"P1"
"2020-07-18 17:15:26",15,0.141146177433832,15,0.130851679708802,15,0.115451662060659,15,0.150004522169596,"P1"
"2020-07-19 17:06:23",NA,NA,NA,NA,117,0.114750080904492,NA,NA,"P1"
"2020-07-23 05:26:11",NA,NA,NA,NA,168,0.110686196862204,NA,NA,"P1"
"2020-07-24 17:14:32",NA,NA,NA,NA,15,0.115856201558894,NA,NA,"P1"
"2020-07-25 17:07:06",NA,NA,NA,NA,117,0.112119746507781,NA,NA,"P1"
"2020-07-29 05:27:17",NA,NA,NA,NA,168,0.115856201558894,NA,NA,"P1"
"2020-07-30 17:15:27",NA,NA,NA,NA,15,0.111931355491504,NA,NA,"P1"
"2020-07-31 17:06:24",NA,NA,NA,NA,117,0.114537767868843,NA,NA,"P1"
"2020-08-04 05:26:12",NA,NA,NA,NA,168,0.105991599367189,NA,NA,"P1"
"2020-08-05 17:14:33",NA,NA,NA,NA,15,0.123298469399865,NA,NA,"P1"
"2020-08-06 17:07:07",NA,NA,NA,NA,117,0.109477368655539,NA,NA,"P1"
"2020-08-10 05:27:17",NA,NA,NA,NA,168,0.107714944257348,NA,NA,"P1"
"2020-08-11 17:15:28",NA,NA,NA,NA,15,0.104038976840207,NA,NA,"P1"
"2020-08-12 17:06:24",NA,NA,NA,NA,117,0.110990217383502,NA,NA,"P1"
"2020-08-16 05:26:13",NA,NA,NA,NA,168,0.106059915230914,NA,NA,"P1"
"2020-08-17 17:14:36",NA,NA,NA,NA,15,0.105911827095504,NA,NA,"P1"
"2020-08-18 17:07:07",NA,NA,NA,NA,117,0.108718155608386,NA,NA,"P1"
"2020-08-22 05:27:18",168,0.162819823406095,168,0.168109832446667,168,0.126950802097262,168,0.165765478794162,"P1"
"2020-08-23 17:15:29",15,0.17249180155391,15,0.181670630674437,15,0.120853868372616,15,0.168850863391186,"P1"
"2020-08-24 17:06:25",117,0.186612777238221,117,0.197409338662391,117,0.126212264085583,117,0.189802232972009,"P1"
"2020-08-28 05:26:14",168,0.157096694407004,168,0.171786829353163,168,0.129036760180905,168,0.155873468528301,"P1"
"2020-08-29 17:14:34",15,0.203547980108454,15,0.200606146654025,15,0.125264660022153,15,0.207963141016341,"P1"
"2020-08-30 17:07:08",117,0.215385108346258,117,0.211192191839736,117,0.149726880849714,117,0.242808291570883,"P1"
"2020-09-03 05:27:18",168,0.16256871808648,168,0.17422305359752,168,0.122620996487877,168,0.167773138673241,"P1"
"2020-09-04 17:15:29",15,0.203547980108454,15,0.202176765543177,15,0.125264660022153,15,0.207963141016341,"P1"
"2020-09-05 17:06:26",117,0.209739016657285,117,0.205307823557882,117,0.126212264085583,117,0.212928472391073,"P1"
"2020-09-09 05:26:14",168,0.182398201340147,168,0.189059337495913,168,0.126023873069306,168,0.178142692925267,"P1"
"2020-09-10 17:14:35",15,0.18886083610582,15,0.183437457601076,15,0.124268789734761,15,0.177806562526084,"P1"
"2020-09-11 17:07:09",117,0.20108868462258,117,0.196895768116059,117,0.143519134118259,117,0.227818538819296,"P1"
"2020-09-15 05:27:19",NA,NA,NA,NA,168,0.129809245295854,NA,NA,"P1"
"2020-09-16 17:15:30",NA,NA,NA,NA,15,0.129809245295854,NA,NA,"P1"
"2020-09-17 17:06:26",NA,NA,NA,NA,117,0.131764764427393,NA,NA,"P1"
"2020-09-21 05:26:15",NA,NA,NA,NA,168,0.129809245295854,NA,NA,"P1"
"2020-09-22 17:14:35",NA,NA,NA,NA,15,0.131215787268981,NA,NA,"P1"
"2020-09-23 17:07:09",NA,NA,NA,NA,117,0.142664851899164,NA,NA,"P1"
"2020-09-27 05:27:19",NA,NA,NA,NA,168,0.125395295740077,NA,NA,"P1"
"2020-09-28 17:15:30",NA,NA,NA,NA,15,0.142476460882886,NA,NA,"P1"
"2020-09-29 17:06:26",NA,NA,NA,NA,117,0.142664851899164,NA,NA,"P1"
"2020-10-03 05:26:15",NA,NA,NA,NA,168,0.130456574221828,NA,NA,"P1"
"2020-10-04 17:14:35",NA,NA,NA,NA,15,0.130456574221828,NA,NA,"P1"
"2020-10-05 17:07:09",NA,NA,NA,NA,117,0.142664851899164,NA,NA,"P1"
"2020-10-09 05:27:20",NA,NA,NA,NA,168,0.131215787268981,NA,NA,"P1"
"2020-10-10 17:15:30",NA,NA,NA,NA,15,0.142476460882886,NA,NA,"P1"
"2020-10-11 17:06:26",NA,NA,NA,NA,117,0.149565927658528,NA,NA,"P1"
"2020-10-15 05:26:15",168,0.176029638403011,168,0.182963044835422,168,0.144218222994244,168,0.188230985631211,"P1"
"2020-10-17 17:07:09",117,0.193460284582175,117,0.18626371451437,117,0.169235816243337,117,0.200425374139804,"P1"
"2020-10-21 05:27:19",168,0.185893733642873,168,0.173634709441703,168,0.145095707579579,168,0.204701626830983,"P1"
"2020-10-22 17:15:30",15,0.183997242154092,15,0.189675513213234,15,0.154599051217453,15,0.192174625147315,"P1"
"2020-10-23 17:06:26",117,0.182758239651007,117,0.190799230558918,117,0.15721592958228,117,0.192300327088785,"P1"
"2020-10-27 05:26:15",168,0.192662257593321,168,0.193112499492039,168,0.173137555911647,168,0.198987163838407,"P1"
"2020-10-28 17:14:36",15,0.196677465774866,15,0.202923186581265,15,0.189904502399304,15,0.19761810395351,"P1"
"2020-10-29 17:07:09",117,0.199498768295926,117,0.210418333831738,117,0.199422456523495,117,0.205113251203984,"P1"
"2020-11-02 05:27:19",168,0.195242929169479,168,0.173385427053323,168,0.166905011616782,168,0.205205463608103,"P1"
"2020-11-03 17:15:30",15,0.196677465774866,15,0.202923186581265,15,0.189904502399304,15,0.19761810395351,"P1"
"2020-11-04 17:06:26",117,0.192003621045452,117,0.202923186581265,117,0.192521380764131,117,0.19761810395351,"P1"
"2020-11-08 05:26:15",168,0.158102006773725,168,0.160108393084761,168,0.145348428427657,168,0.193758242087758,"P1"
"2020-11-09 17:14:35",15,0.191629379752828,15,0.195635149740808,15,0.189904502399304,15,0.1935307588363,"P1"
"2020-11-10 17:07:09",117,0.18562514985323,117,0.193167836522456,117,0.192521380764131,117,0.198146485250983,"P1"
"2020-11-14 05:27:19",168,0.158664249190698,168,0.152755075075306,168,0.146680958618477,168,0.201208398174411,"P1"
"2020-11-15 17:15:30",15,0.178949156132054,15,0.194747341909426,15,0.178808153354195,15,0.188087280030105,"P1"
"2020-11-16 17:06:26",117,0.188412198560137,117,0.193167836522456,117,0.192521380764131,117,0.196338029022594,"P1"
"2020-11-20 05:26:15",168,0.13875122407264,168,0.121555034836847,168,0.130593131913797,168,0.16061667789191,"P1"
"2020-11-21 17:14:35",15,0.212381935873096,15,0.172437391726261,15,0.178857405698455,15,0.228644994110414,"P1"
"2020-11-22 17:07:09",117,0.174452132006453,117,0.183719610976655,117,0.181425031719021,117,0.186807437097196,"P1"
"2020-11-26 05:27:19",168,0.15999618340229,168,0.154087009286898,168,0.149941347059833,168,0.201208398174411,"P1"
"2020-11-27 17:15:29",15,0.163629669107889,15,0.152027476575314,15,0.153217668915801,15,0.182964156055894,"P1"
"2020-11-28 17:06:26",117,0.20564243837064,117,0.176721668477726,117,0.173956636457479,117,0.208596604019089,"P1"
"2021-05-25 05:27:18",NA,NA,168,0.149440663989648,168,0.106543506970707,NA,NA,"P1"
"2021-05-26 17:15:29",NA,NA,15,0.152440201350263,15,0.110366196742864,NA,NA,"P1"
"2021-05-27 17:06:39",NA,NA,117,0.152440201350263,117,0.107484036896214,NA,NA,"P1"
"2021-05-31 05:26:14",NA,NA,168,0.140753224052948,168,0.115223241788409,NA,NA,"P1"
"2021-06-01 17:14:35",NA,NA,15,0.151702909716928,15,0.112820926310892,NA,NA,"P1"
"2021-06-02 17:07:09",NA,NA,117,0.12666791117554,117,0.116783798399797,NA,NA,"P1"
"2021-06-06 05:27:19",NA,NA,168,0.158418807975865,168,0.116955557190778,NA,NA,"P1"
"2021-06-07 17:15:30",NA,NA,15,0.200281525636953,15,0.128166980313802,NA,NA,"P1"
"2021-06-12 05:26:15",168,0.160214170361848,168,0.165933695872368,168,0.109426931771354,168,0.170735698217372,"P1"
"2021-06-13 17:14:36",15,0.169878462143554,15,0.164708384628817,15,0.121043738555009,15,0.173372349180899,"P1"
"2021-06-14 17:07:10",117,0.13928871716315,117,0.141305628064872,117,0.122676662435524,117,0.150687380779873,"P1"
"2021-06-18 05:27:20",168,0.169878462143554,168,0.163980786128825,168,0.114430845821759,168,0.173372349180899,"P1"
"2021-06-19 17:15:31",15,0.150518672386185,15,0.149511999100567,15,0.117650634569192,15,0.16195270957706,"P1"
"2021-06-20 17:06:36",117,0.201664269662941,117,0.189740359331026,117,0.110289288250251,117,0.200476784521691,"P1"
"2021-06-24 05:26:16",168,0.132697051153172,168,0.139868624370972,168,0.10597193169431,168,0.13982960988491,"P1"
"2021-06-25 17:14:36",15,0.169878462143554,15,0.163980786128825,15,0.114632534885445,15,0.173372349180899,"P1"
"2021-06-26 17:07:10",117,0.157896672485111,117,0.160401252860953,117,0.111633914354018,117,0.172903149431153,"P1"
"2021-06-30 05:27:21",168,0.174055351182515,168,0.158201105250788,168,0.0998001737256289,168,0.19183704029698,"P1"
"2021-07-01 17:15:31",15,0.176733068832624,15,0.168197970316018,15,0.105536524145217,15,0.173390940741398,"P1"
"2021-07-02 17:06:28",117,0.13928871716315,117,0.143139292177855,117,0.109625793965533,117,0.150687380779873,"P1"
"2021-07-06 05:26:16",168,0.169878462143554,168,0.163980786128825,168,0.10482932183504,168,0.173372349180899,"P1"
"2021-07-07 17:14:37",15,0.215691518039465,15,0.23766571875185,15,0.10482932183504,15,0.210851304134692,"P1"
"2021-07-08 17:07:11",117,0.263436029313908,117,0.268493922246219,117,0.112105667756106,117,0.261914210157228,"P1"
"2021-07-12 05:27:21",NA,NA,NA,NA,168,0.105536524145217,NA,NA,"P1"
"2021-07-13 17:15:32",NA,NA,NA,NA,15,0.123937163400886,NA,NA,"P1"
"2021-07-14 17:06:42",NA,NA,NA,NA,117,0.130333301148617,NA,NA,"P1"
"2021-07-18 05:26:17",NA,NA,NA,NA,168,0.104546268750554,NA,NA,"P1"
"2021-07-19 17:14:38",NA,NA,NA,NA,15,0.104546268750554,NA,NA,"P1"
"2021-07-20 17:07:12",NA,NA,NA,NA,117,0.0915679834555207,NA,NA,"P1"
"2021-07-24 05:27:22",NA,NA,NA,NA,168,0.104546268750554,NA,NA,"P1"
"2021-07-25 17:15:33",NA,NA,NA,NA,15,0.0942908524411727,NA,NA,"P1"
"2021-07-26 17:06:42",NA,NA,NA,NA,117,0.112706876849962,NA,NA,"P1"
"2021-07-30 05:26:18",NA,NA,NA,NA,168,0.0905028125786123,NA,NA,"P1"
"2021-07-31 17:14:39",NA,NA,NA,NA,15,0.0949702932166395,NA,NA,"P1"
"2021-08-01 17:07:12",NA,NA,NA,NA,117,0.106499130118508,NA,NA,"P1"
"2021-09-06 17:07:14",NA,NA,NA,NA,117,0.102331757295844,NA,NA,"P1"
"2021-09-10 05:27:24",NA,NA,NA,NA,168,0.0996445316543911,NA,NA,"P1"
"2021-09-11 17:15:35",NA,NA,NA,NA,15,0.100849473849559,NA,NA,"P1"
"2021-09-12 17:06:45",NA,NA,NA,NA,117,0.0963741434207392,NA,NA,"P1"
"2021-09-16 05:26:20",NA,NA,NA,NA,168,0.109206579276082,NA,NA,"P1"
"2021-09-17 17:14:41",NA,NA,NA,NA,15,0.109286351547768,NA,NA,"P1"
"2021-09-18 17:07:15",NA,NA,NA,NA,117,0.0998329226706686,NA,NA,"P1"
"2021-09-22 05:27:25",168,0.182901571418644,168,0.259551953258249,168,0.105714801055355,168,0.171663936455412,"P1"
"2021-09-23 17:15:36",15,0.193647682495619,15,0.231336831007515,15,0.0979836323061439,15,0.171522989727789,"P1"
"2021-09-24 17:06:45",117,0.181670310252952,117,0.221912881048541,117,0.108661635274768,117,0.183132156976327,"P1"
"2021-09-28 05:26:21",168,0.169631017400556,168,0.247738378740658,168,0.10229987969321,168,0.16614716142268,"P1"
"2021-09-29 17:14:41",15,0.221515000409152,15,0.273235676318741,15,0.109333444110697,15,0.243924283784426,"P1"
"2021-09-30 17:07:15",117,0.166030507863795,117,0.248868018186088,117,0.102488270709487,117,0.166746289864442,"P1"
"2021-10-04 05:27:25",168,0.174647954110053,168,0.251298335949659,168,0.109413216382383,168,0.163192843015373,"P1"
"2021-10-05 17:15:36",15,0.212399430966879,15,0.275463049114552,15,0.120673889996288,15,0.233107374534921,"P1"
"2021-10-06 17:06:45",117,0.222801079409453,117,0.275463049114552,117,0.120862281012565,117,0.233107374534921,"P1"
"2021-10-10 05:26:21",168,0.151221066581886,168,0.203012621602684,168,0.117348877833116,168,0.171313925063428,"P1"
"2021-10-11 17:14:41",15,0.189035613101201,15,0.254715018253964,15,0.127734048573593,15,0.219784093829944,"P1"
"2021-10-12 17:07:15",117,0.15766670604337,117,0.235907267296069,117,0.132650212284372,117,0.175202703751193,"P1"
"2021-10-16 05:27:25",168,0.162080113256503,168,0.235907267296069,168,0.12062071188442,168,0.170463122581974,"P1"
"2021-10-17 17:15:36",15,0.151466263951038,15,0.196007722171879,15,0.107442955976445,15,0.15458235023535,"P1"
"2021-10-18 17:06:46",117,0.154454937254509,117,0.233339174461988,117,0.120809102900697,117,0.167037584558503,"P1"
"2021-10-22 05:26:21",168,0.145157957594893,168,0.149887768974016,168,0.107280010383619,168,0.178608670324233,"P1"
"2021-10-23 17:14:42",15,0.145157957594893,15,0.145372898267353,15,0.107280010383619,15,0.178608670324233,"P1"
"2021-10-24 17:07:15",117,0.151739316477036,117,0.140907077354361,117,0.107468401399897,117,0.171314179514801,"P1"
"2021-10-28 05:27:25",168,0.157408416829968,168,0.165847039567889,168,0.115989246910375,168,0.191843441793992,"P1"
"2021-10-29 17:15:36",15,0.157408416829968,15,0.162588293943625,15,0.11117551291657,15,0.191421281321514,"P1"
"2021-10-30 17:06:45",117,0.174822915881187,117,0.16240267247173,117,0.130629179683153,117,0.215961199660589,"P1"
"2021-11-03 05:26:21",NA,NA,NA,NA,168,0.159066429388753,NA,NA,"P1"
"2021-11-04 17:14:41",NA,NA,NA,NA,15,0.155425952499295,NA,NA,"P1"
"2021-11-05 17:07:15",NA,NA,NA,NA,117,0.158042830864121,NA,NA,"P1"
"2021-11-09 05:27:25",NA,NA,NA,NA,168,0.118690922763094,NA,NA,"P1"
"2021-11-10 17:15:36",NA,NA,NA,NA,15,0.155425952499295,NA,NA,"P1"
"2021-11-11 17:06:45",NA,NA,NA,NA,117,0.175375620573628,NA,NA,"P1"
"2021-11-15 05:26:20",NA,NA,NA,NA,168,0.153874570039009,NA,NA,"P1"
"2021-11-16 17:14:41",NA,NA,NA,NA,15,0.172758742208802,NA,NA,"P1"
"2021-11-17 17:07:15",NA,NA,NA,NA,117,0.158042830864121,NA,NA,"P1"
"2021-11-21 05:27:25",NA,NA,NA,NA,168,0.147926388118391,NA,NA,"P1"
"2021-11-22 17:15:35",NA,NA,NA,NA,15,0.157150284289986,NA,NA,"P1"
"2021-11-23 17:06:45",NA,NA,NA,NA,117,0.175375620573628,NA,NA,"P1"
"2021-11-27 05:26:35",NA,NA,NA,NA,168,0.147926388118391,NA,NA,"P1"
"2021-11-28 17:14:41",NA,NA,NA,NA,15,0.218641590285407,NA,NA,"P1"
"2021-11-29 17:07:14",NA,NA,NA,NA,117,0.220113598401316,NA,NA,"P1"
"2022-04-10 17:07:12",NA,NA,NA,NA,117,0.1550575350732,NA,NA,"P1"
"2022-04-15 17:15:33",NA,NA,NA,NA,15,0.162499631393639,NA,NA,"P1"
"2022-04-22 17:07:12",NA,NA,NA,NA,117,0.151786768532162,NA,NA,"P1"
"2022-04-26 05:27:23",NA,NA,NA,NA,168,0.210344334985966,NA,NA,"P1"
"2022-04-27 17:15:33",NA,NA,NA,NA,15,0.17783105435524,NA,NA,"P1"
"2022-05-04 17:07:12",NA,NA,NA,NA,117,0.218428603029763,NA,NA,"P1"
"2022-05-08 05:27:23",NA,NA,NA,NA,168,0.211804714373753,NA,NA,"P1"
"2022-05-09 17:15:34",15,0.246303865563201,15,0.231310927766413,15,0.117081258031359,15,0.243941464061917,"P1"
"2022-05-16 17:07:14",117,0.240959750515411,117,0.261120675776031,117,0.118632640491644,117,0.279011650018764,"P1"
"2022-05-20 05:27:24",168,0.217037968142395,168,0.207804171348424,168,0.105096193588544,168,0.240792133184714,"P1"
"2022-05-21 17:15:35",15,0.200873185216316,15,0.189448048927383,15,0.112539748109768,15,0.231075092941019,"P1"
"2022-05-28 17:07:14",117,0.177108148748682,117,0.165447573193454,117,0.105090692536654,117,0.191580740697117,"P1"
"2022-06-01 05:27:25",168,0.263708933197481,168,0.247099717472568,168,0.114135450074537,168,0.268998201958252,"P1"
"2022-06-02 17:15:36",NA,NA,NA,NA,15,0.106665203859797,NA,NA,"P1"
"2022-06-13 05:27:26",NA,NA,NA,NA,168,0.119081959904841,NA,NA,"P1"
"2022-06-14 17:15:36",NA,NA,NA,NA,15,0.104847130147279,NA,NA,"P1"
"2022-06-21 17:07:16",117,0.179428907342544,117,0.182618920504578,117,0.142690693706518,117,0.209700953987953,"P1"
"2022-06-25 05:27:26",168,0.244095318220478,168,0.246157171359323,168,0.175034058785151,168,0.270170570793116,"P1"
"2022-06-26 17:15:37",15,0.197410972604166,15,0.209963400498724,15,0.146276424580661,15,0.241325204272041,"P1"
"2022-07-03 17:07:17",117,0.207822460974578,117,0.209963400498724,117,0.157795979034863,117,0.245508897354802,"P1"
"2022-07-07 05:27:27",168,0.246421912509242,168,0.231329834121922,168,0.175034058785151,168,0.257028999734326,"P1"
"2022-07-08 17:15:38",15,0.189401584938285,15,0.195947902850249,15,0.146090158010106,15,0.218880417402588,"P1"
"2022-07-15 17:07:18",117,0.171919677644163,117,0.17854276809961,117,0.144701913257518,117,0.195560197034343,"P1"
"2022-07-19 05:27:28",168,0.23970454143048,168,0.248529056416776,168,0.185396906192,168,0.258963426447859,"P1"
"2022-07-20 17:15:39",NA,NA,NA,NA,15,0.118632640491644,NA,NA,"P1"
"2022-07-27 17:07:18",NA,NA,NA,NA,117,0.108815900333079,NA,NA,"P1"
"2022-07-31 05:27:29",NA,NA,NA,NA,168,0.110089910049247,NA,NA,"P1"
"2022-08-01 17:15:39",NA,NA,NA,NA,15,0.104847130147279,NA,NA,"P1"
"2022-08-08 17:07:19",117,0.250108764780409,117,0.213385642798346,117,0.184623736988757,117,0.257028999734326,"P1"
"2022-08-12 05:27:29",168,0.200553841940681,168,0.184176959736349,168,0.172901603491974,168,0.236531099391888,"P1"
"2022-08-13 17:15:40",15,0.176379192368952,15,0.166755696193446,15,0.152280371910123,15,0.195560197034343,"P1"
"2022-08-20 17:07:20",117,0.208492649075485,117,0.185736558332314,117,0.174628163368917,117,0.236613717478403,"P1"
"2022-08-25 17:15:41",NA,NA,NA,NA,15,0.109049396723263,NA,NA,"P1"
"2022-09-01 17:07:20",NA,NA,NA,NA,117,0.110623908046406,NA,NA,"P1"
"2022-09-05 05:27:31",NA,NA,NA,NA,168,0.105593382900547,NA,NA,"P1"
"2022-09-06 17:15:42",15,0.146415654642819,15,0.171425651216622,15,0.147978190859142,15,0.206056192885527,"P1"
"2022-09-13 17:07:21",117,0.219391493346634,117,0.211539184457747,117,0.156271699191243,117,0.249085542036606,"P1"
"2022-09-17 05:27:31",168,0.233759640895843,168,0.231804133236789,168,0.177872377947101,168,0.25986269004211,"P1"
"2022-09-18 17:15:41",15,0.167936401041563,15,0.187098402934803,15,0.147734628469767,15,0.22286164583052,"P1"
"2022-09-25 17:07:21",117,0.203825368132298,117,0.190196153747294,117,0.163311925288369,117,0.240867462449023,"P1"
"2022-09-29 05:27:31",168,0.193118407835948,168,0.190113535660779,168,0.163311925288369,168,0.240867462449023,"P1"
"2022-09-30 17:15:42",15,0.252934947721702,15,0.241686273876752,15,0.182963759156916,15,0.274371324351076,"P1"
"2022-10-07 17:07:21",117,0.168079848682121,117,0.17854276809961,117,0.144701913257518,117,0.212058354161109,"P1"
"2022-10-11 05:27:31",168,0.198708042501293,168,0.180050087345016,168,0.163311925288369,168,0.242697503436126,"P1"
"2022-10-12 17:15:42",15,0.21158934283086,15,0.211071529325172,15,0.162090545418299,15,0.245465525008846,"P1"
"2022-10-19 17:07:21",117,0.195397811658566,117,0.165232405347159,117,0.142690693706518,117,0.199645797709506,"P1"
"2022-10-23 05:27:31",168,0.222661050452485,168,0.217396593421223,168,0.182963759156916,168,0.250859604662521,"P1"
"2022-10-24 17:15:42",15,0.248528476845191,15,0.262262112600284,15,0.198883621437329,15,0.294990700547455,"P1"
"2022-10-31 17:07:21",117,0.229964658922762,117,0.200962487226405,117,0.173730138219633,117,0.251434334049381,"P1"
"2022-11-04 05:27:31",168,0.241270699016234,168,0.238357893052715,168,0.188932619615354,168,0.25187339870581,"P1"
"2022-11-05 17:15:42",15,0.244222077672135,15,0.261594134724147,15,0.185990201854049,15,0.27749091317654,"P1"
"2022-11-12 17:07:21",117,0.254408877306315,117,0.24480004826988,117,0.188932619615354,117,0.272285080747647,"P1"
"2022-11-16 05:27:31",168,0.237473671867673,168,0.23740222336871,168,0.173730138219633,168,0.254859872072852,"P1"
