"Date","Track_100.x","Pred_100.x","Track_100.y","Pred_100.y","Track_20.x","Pred_20.x","Track_20.y","Pred_20.y","Track_200.x","Pred_200.x","Track_200.y","Pred_200.y","Track_50.x","Pred_50.x","Track_50.y","Pred_50.y","Track_500.x","Pred_500.x","Track_500.y","Pred_500.y","Station"
"2015-06-10 17:06:44",117,0.231923285626544,117,0.224844200602181,117,0.239494176262133,117,0.236113754523201,117,0.199122377530644,117,0.237879123745577,117,0.200024448759064,117,0.260503265258717,117,0.203676580820841,117,0.235628913872462,"M4"
"2015-06-15 17:14:51",15,0.233866706354988,15,0.229223953559163,15,0.208728456544807,15,0.246753066848499,15,0.231348871270769,15,0.248355907234323,15,0.239045546548533,15,0.270068249782157,15,0.241522507677353,15,0.238686408328778,"M4"
"2015-06-22 17:06:45",117,0.22776441364815,117,0.236776701936164,117,0.208994689061164,117,0.220184358331141,117,0.206587929483931,117,0.239764938293177,117,0.21650797993358,117,0.240972054902041,117,0.220938629523562,117,0.239162936960633,"M4"
"2015-06-27 17:14:52",15,0.249966440595388,15,0.227544510757138,15,0.200589882023233,15,0.228074762006222,15,0.241690787947637,15,0.246676464432298,15,0.235511523460362,15,0.261527957707607,15,0.230014930057393,15,0.237724461933277,"M4"
"2015-07-04 17:06:44",117,0.227298135258054,117,0.233641541288903,117,0.216362447159497,117,0.229432774641205,117,0.209933878657351,117,0.246676464432298,117,0.223755571401638,117,0.263711074715684,117,0.243138536793076,117,0.237724461933277,"M4"
"2015-07-09 17:14:51",15,0.249966440595388,15,0.235598171058563,15,0.200589882023233,15,0.209521745122264,15,0.242253177109585,15,0.239764938293177,15,0.235511523460362,15,0.247417932026018,15,0.237988484589182,15,0.239162936960633,"M4"
"2015-07-16 17:06:45",117,0.219953631172359,117,0.239348822063017,117,0.188694223703219,117,0.21237797171221,117,0.200862403176103,117,0.245225142969519,117,0.201103946860512,117,0.259755504999243,117,0.238603843628681,117,0.246557003577414,"M4"
"2015-07-20 05:26:37",168,0.217080963171604,168,0.240203449242436,168,0.194784960356827,168,0.181430618173081,168,0.1957980234655,168,0.246166982454744,168,0.192565193190623,168,0.219384723696394,168,0.225324397067771,168,0.241402755056227,"M4"
"2015-07-21 17:14:52",15,0.247685763622891,15,0.233251791531252,15,0.236149277984356,15,0.212667619568592,15,0.235670715199104,15,0.245225142969519,15,0.234758254509412,15,0.255706982810574,15,0.246898493698264,15,0.246557003577414,"M4"
"2015-07-28 17:06:46",117,0.227416040345043,117,0.30067554778102,117,0.234641934957671,117,0.180653424309568,117,0.193211167747009,117,0.27959474682971,117,0.245359688103069,117,0.223137236202824,117,0.218911097764283,117,0.255398968703812,"M4"
"2015-08-02 17:14:43",15,0.204061793959133,15,0.296258388791547,15,0.212741607974348,15,0.180653424309568,15,0.20431376742384,15,0.275847243946507,15,0.267351686339816,15,0.222788591055326,15,0.240738068585269,15,0.245824456423377,"M4"
"2015-08-14 17:14:54",15,0.209368632640051,15,0.300644685557863,15,0.224900834503945,15,0.182004570494875,15,0.216418882677612,15,0.248416180665204,15,0.284134200392509,15,0.227939941776028,15,0.262937975854784,15,0.225454897830965,"M4"
"2015-08-26 17:14:54",15,0.216164579553424,15,0.221711694436912,15,0.232233500267992,15,0.210147063496183,15,0.236981591230781,15,0.253432381118583,15,0.259092712815629,15,0.292718212311147,15,0.22128897711314,15,0.220922573760993,"M4"
"2015-09-07 17:14:55",15,0.209775712500311,15,0.206822833223419,15,0.232606388788807,15,0.198301255453749,15,0.221364051948246,15,0.239169677375505,15,0.243100462047246,15,0.268700013743251,15,0.20501513582595,15,0.209984316715994,"M4"
"2015-09-19 17:14:55",NA,NA,15,0.165335674004722,NA,NA,15,0.166283417606363,15,0.28598536365423,15,0.203491718364003,NA,NA,15,0.206430002634147,15,0.209101463220326,15,0.201189691418203,"M4"
"2016-05-27 05:26:23",NA,NA,NA,NA,NA,NA,NA,NA,NA,NA,NA,NA,NA,NA,NA,NA,168,0.204384585417971,NA,NA,"M4"
"2016-05-28 17:14:48",NA,NA,NA,NA,NA,NA,NA,NA,NA,NA,NA,NA,NA,NA,NA,NA,15,0.257359325416524,NA,NA,"M4"
"2016-06-04 17:06:38",NA,NA,NA,NA,NA,NA,NA,NA,NA,NA,NA,NA,NA,NA,NA,NA,117,0.265856280027048,NA,NA,"M4"
"2016-06-08 05:26:38",NA,NA,NA,NA,NA,NA,NA,NA,NA,NA,NA,NA,NA,NA,NA,NA,168,0.258661993342515,NA,NA,"M4"
"2016-06-09 17:14:49",NA,NA,NA,NA,NA,NA,NA,NA,NA,NA,NA,NA,NA,NA,NA,NA,15,0.224711063798301,NA,NA,"M4"
"2016-06-28 17:06:40",NA,NA,117,0.284671882897643,NA,NA,117,0.208192169745858,NA,NA,117,0.282127585755268,NA,NA,117,0.295049303657452,117,0.197213880074437,117,0.258566789367908,"M4"
"2016-07-14 05:26:39",NA,NA,168,0.231116240405623,NA,NA,168,0.186511789908642,NA,NA,168,0.223955361442383,NA,NA,168,0.257981339654871,NA,NA,168,0.224520445676642,"M4"
"2016-07-15 17:14:50",NA,NA,15,0.235895385004186,NA,NA,15,0.186511789908642,NA,NA,15,0.224212764132491,NA,NA,15,0.25952442478004,NA,NA,15,0.227654055182896,"M4"
"2016-07-22 17:06:41",NA,NA,117,0.27171683541669,NA,NA,117,0.17554643877275,117,0.216136360835956,117,0.270833241250734,NA,NA,117,0.285064565196188,117,0.262068682962094,117,0.234030539521263,"M4"
"2016-07-26 05:26:40",NA,NA,168,0.236951681726624,NA,NA,168,0.186511789908642,168,0.184025223309685,168,0.24447851537912,NA,NA,168,0.260663660424159,168,0.24749104838692,168,0.212185903752219,"M4"
"2016-07-27 17:14:51",15,0.186224046405599,15,0.218801423060857,15,0.229015736998616,15,0.168390065690644,15,0.19974661633493,15,0.211442878187463,15,0.225638763698232,15,0.24243046283671,15,0.254237857322509,15,0.19563732218851,"M4"
"2016-08-08 17:14:52",15,0.212775151856928,15,0.271178892676163,15,0.248956371471753,15,0.175596132756804,15,0.225611648411833,15,0.254843023974172,15,0.234870619126469,15,0.286575130798758,15,0.282918629474142,15,0.250456954550666,"M4"
"2016-08-15 17:06:42",117,0.21454441824285,117,0.187529543307733,117,0.194781438816749,117,0.169680542391223,117,0.201511399760281,117,0.190824038536614,117,0.203403186220438,117,0.270504749021565,117,0.188335172934976,117,0.201032232722837,"M4"
"2016-08-19 05:26:42",168,0.221606130888229,168,0.17259061558796,168,0.206861608518053,168,0.141106585657008,168,0.220984088684314,168,0.183599893650443,168,0.222069236497838,168,0.270380631883263,168,0.20863747636614,168,0.183634137312428,"M4"
"2016-08-27 17:06:58",NA,NA,117,0.18057310058495,NA,NA,117,0.175826956612234,NA,NA,117,0.200039223631145,NA,NA,117,0.251206637200634,117,0.178630033791335,117,0.196369173236869,"M4"
"2016-08-31 05:26:42",NA,NA,168,0.18313675110952,NA,NA,168,0.170650648267311,NA,NA,168,0.216237006310754,NA,NA,168,0.246484873654402,168,0.195660255240014,168,0.191438012208172,"M4"
"2016-09-01 17:14:53",NA,NA,15,0.163263214059669,NA,NA,15,0.177949560825274,NA,NA,15,0.199079296091921,NA,NA,15,0.23949755477305,15,0.193316627624298,15,0.191987488939859,"M4"
"2016-09-08 17:06:43",NA,NA,117,0.183982247334011,NA,NA,117,0.175826956612234,117,0.18403294415626,117,0.219988073185773,NA,NA,117,0.259652963875145,117,0.175039570151545,117,0.197157640744476,"M4"
"2016-09-12 05:26:42",NA,NA,168,0.18313675110952,NA,NA,168,0.178700324037912,168,0.198303824049658,168,0.216237006310754,NA,NA,168,0.247295122618787,168,0.189310450044943,168,0.190561912861094,"M4"
"2016-09-13 17:14:53",NA,NA,NA,NA,NA,NA,NA,NA,15,0.191567214957445,NA,NA,NA,NA,NA,NA,15,0.18090101091607,15,0.191609822943543,"M4"
"2016-09-20 17:06:44",NA,NA,NA,NA,NA,NA,NA,NA,117,0.190836852331985,NA,NA,NA,NA,NA,NA,117,0.20319578363624,117,0.248395002697371,"M4"
"2016-09-24 05:26:43",NA,NA,NA,NA,NA,NA,NA,NA,168,0.146472694280488,NA,NA,NA,NA,NA,NA,168,0.158434572248015,168,0.188128146297701,"M4"
"2016-09-25 17:14:54",NA,NA,NA,NA,NA,NA,NA,NA,15,0.211830838006381,NA,NA,NA,NA,NA,NA,15,0.194748468411413,15,0.224501126882476,"M4"
"2016-09-26 17:06:02",NA,NA,NA,NA,NA,NA,NA,NA,117,0.153934146959032,NA,NA,NA,NA,NA,NA,117,0.16700663881995,117,0.199797129426025,"M4"
"2016-09-30 05:26:04",NA,NA,NA,NA,NA,NA,NA,NA,168,0.153934146959032,NA,NA,NA,NA,NA,NA,168,0.167628160554962,168,0.188128146297701,"M4"
"2016-10-02 17:06:44",NA,NA,NA,NA,NA,NA,NA,NA,117,0.188427296841133,NA,NA,NA,NA,NA,NA,117,0.195238410344455,117,0.233051640244327,"M4"
"2016-10-06 05:26:43",NA,NA,NA,NA,NA,NA,NA,NA,168,0.14494027119822,NA,NA,NA,NA,NA,NA,168,0.162260334353925,168,0.174017397590459,"M4"
"2016-10-07 17:14:54",NA,NA,NA,NA,NA,NA,NA,NA,15,0.169510965919553,NA,NA,NA,NA,NA,NA,15,0.157929157025683,15,0.221616832182977,"M4"
"2016-10-14 17:06:44",NA,NA,NA,NA,NA,NA,NA,NA,117,0.194100762264056,NA,NA,NA,NA,NA,NA,117,0.192123842254269,117,0.218138011424814,"M4"
"2017-05-28 05:26:03",168,0.230102892321566,168,0.237874072959414,168,0.260257115275029,NA,NA,168,0.203826329828528,168,0.186154866707255,168,0.202035325239493,168,0.266895952276782,168,0.198229102191901,168,0.188136567501073,"M4"
"2017-05-29 17:14:10",15,0.220721348700086,15,0.248330204829511,15,0.279502197722658,NA,NA,15,0.19797585769194,15,0.240062006295983,15,0.247367103135226,15,0.317041545096483,15,0.192057173417586,15,0.190334707429396,"M4"
"2017-05-30 17:06:44",117,0.230102892321566,117,0.247062108626494,117,0.260257115275029,NA,NA,117,0.203826329828528,117,0.208452502283965,117,0.202035325239493,117,0.270212489153876,117,0.198229102191901,117,0.188743403760539,"M4"
"2017-06-03 05:26:29",168,0.221557982424416,168,0.194381857018509,168,0.227903630340788,NA,NA,168,0.210854229520341,168,0.184998474337344,168,0.185218953969967,168,0.20036818569991,168,0.210101869855355,168,0.168298168798705,"M4"
"2017-06-04 17:14:48",15,0.217257382661413,15,0.231888003535455,15,0.264465803131558,NA,NA,15,0.210672186794158,15,0.216228667631858,15,0.179472277565737,15,0.225226036679417,15,0.186100397916887,15,0.20159475748187,"M4"
"2017-06-05 17:06:01",117,0.213903512678131,117,0.210972522510134,117,0.242138950906913,NA,NA,117,0.209681290061887,117,0.199662141674026,117,0.187082315279991,117,0.213504334044202,117,0.205396237037661,117,0.182210752971091,"M4"
"2017-06-09 05:25:56",168,0.173147070275023,168,0.215531464240424,168,0.235331906638146,NA,NA,168,0.169216234329491,168,0.215451473768345,168,0.160513471209203,168,0.219237289720557,168,0.161585128340584,168,0.212206152581477,"M4"
"2017-06-10 17:14:11",15,0.220610374166129,15,0.205270170516856,15,0.243681931797273,15,0.263345570914347,15,0.222621982597937,15,0.192745799771266,15,0.21101071593286,15,0.205404818377414,15,0.22362939886211,15,0.182210752971091,"M4"
"2017-06-11 17:06:45",117,0.175278130455626,117,0.244828455753345,117,0.235331906638146,117,0.298728720119481,117,0.162915125222161,117,0.235165489362975,117,0.160513471209203,117,0.258851822070365,117,0.161585128340584,117,0.225487573933161,"M4"
"2017-06-15 05:26:30",168,0.208564793715173,168,0.228931463233106,168,0.239363063145726,168,0.278014726131287,168,0.197861040811099,168,0.215451473768345,168,0.18418626088853,168,0.219237289720557,168,0.207964992347568,168,0.212206152581477,"M4"
"2017-06-16 17:14:49",15,0.214888380442842,15,0.183233525483237,15,0.280735577006833,15,0.260268158315777,15,0.217175876359973,15,0.168843888916491,15,0.181611499660306,15,0.203120694195643,15,0.180552580115954,15,0.158925995722299,"M4"
"2017-06-17 17:06:02",117,0.230008315780623,117,0.202045926848377,117,0.247011157591265,117,0.262631813225593,117,0.22509980643581,117,0.192745799771266,117,0.211874881792178,117,0.203356310034317,117,0.229309965934732,117,0.182210752971091,"M4"
"2017-06-21 05:25:56",168,0.210988237066484,168,0.175710827069705,168,0.221440474111952,168,0.260268158315777,168,0.196119619654265,168,0.167478683246394,168,0.174513864186556,168,0.204316141058115,168,0.193503898679254,168,0.15636626241058,"M4"
"2017-06-22 17:14:11",15,0.206941686521812,15,0.215746622403467,15,0.268219869020516,15,0.264495121510172,15,0.215130905678894,15,0.193138465684935,15,0.174929200913077,15,0.202372236560164,15,0.187301427074544,15,0.192961603950087,"M4"
"2017-06-23 17:06:45",117,0.219381175767352,117,0.241704186213762,117,0.258493675188451,117,0.296085513966803,117,0.205678124585391,117,0.232721068319427,117,0.178759538420888,117,0.260544427179981,117,0.18604211807498,117,0.219042435540053,"M4"
"2017-06-27 05:26:30",168,0.197191934939764,168,0.221483617162226,168,0.229738031012774,168,0.270268896306429,168,0.170545120919208,168,0.191550712691623,168,0.191730617086817,168,0.20168990120904,168,0.221394908636003,168,0.189156418344795,"M4"
"2017-06-28 17:14:50",15,0.207019407529306,15,0.288508725656533,15,0.230473365660714,15,0.294892262897933,15,0.188626921185861,15,0.239520723801976,15,0.186488619138628,15,0.247777502988993,15,0.223405602215375,15,0.21733336900972,"M4"
"2017-06-29 17:06:02",117,0.21358797862624,117,0.281930447150033,117,0.227448377573833,117,0.298863640097007,117,0.182735725468604,117,0.240271184917705,117,0.196916239649536,117,0.268665503041171,117,0.226246142445056,117,0.219895086703232,"M4"
"2017-07-03 05:25:57",168,0.207078077935732,168,0.278815920767831,168,0.230997498928106,168,0.278014726131287,168,0.182735658548671,168,0.236550414782286,168,0.187772903308817,168,0.221436029981218,168,0.234106734248429,168,0.204344393953437,"M4"
"2017-07-04 17:14:12",15,0.218833596161423,15,0.295066999732559,15,0.245753458153322,15,0.285946159561814,15,0.196509320829752,15,0.265149289820451,15,0.225300101768251,15,0.245726196704169,15,0.234580894723752,15,0.212059692189636,"M4"
"2017-07-05 17:06:46",117,0.151125319817913,117,0.285492487452124,117,0.215548414206595,117,0.282174863531713,117,0.12771000284432,117,0.265149289820451,117,0.15943333489687,117,0.223137236202824,117,0.191339367543297,117,0.212059692189636,"M4"
"2017-07-09 05:26:31",168,0.210600243273982,168,0.256246814780633,168,0.231081439272569,168,0.257270215827975,168,0.171748379042914,168,0.229238559042749,168,0.205113251482641,168,0.19296010616941,168,0.213997016569961,168,0.184838396842778,"M4"
"2017-07-10 17:14:50",15,0.182149624358072,15,0.247526974105395,15,0.214620145994078,15,0.256733250167251,15,0.168507015728404,15,0.231286138166728,15,0.172360386742397,15,0.20608114612539,15,0.203776070122707,15,0.196723406975141,"M4"
"2017-07-11 17:06:03",117,0.210867942144561,117,0.287387847032487,117,0.216846118706444,117,0.281701325047661,117,0.185346136533317,117,0.264798876742608,117,0.203249890172617,117,0.265513322562775,117,0.218702649387655,117,0.214051607700027,"M4"
"2017-07-15 05:25:58",168,0.168349581049145,168,0.271517536884617,168,0.216640941680172,168,0.273522331668356,168,0.145468744089339,168,0.256771938690506,168,0.171135162850295,168,0.216987570205799,168,0.211783602039789,168,0.190384920534506,"M4"
"2017-07-16 17:14:13",15,0.186900498132291,15,0.267699864510469,15,0.237545780943139,15,0.252253706541401,15,0.184181364519988,15,0.257602386394359,15,0.185862357345494,15,0.212598607837989,15,0.204122888034866,15,0.192233446430564,"M4"
"2017-07-17 17:06:46",117,0.186900498132291,117,0.270308425281374,117,0.229806376427136,117,0.249279934407547,117,0.161143092880922,117,0.25872644788958,117,0.180146894479034,117,0.218316258175165,117,0.205738917150589,117,0.190590541622383,"M4"
"2017-07-21 05:26:32",168,0.214917810391429,168,0.267774741404297,168,0.207756834216284,168,0.294806463236196,168,0.20767094571008,168,0.292716149212488,168,0.202294408903377,168,0.278684153874325,168,0.229100777524427,168,0.243857467369312,"M4"
"2017-07-22 17:14:51",15,0.221768879685099,15,0.276015916023148,15,0.191289054280858,15,0.319448796085696,15,0.222517367226565,15,0.298475928935469,15,0.214647476528558,15,0.296599296192331,15,0.230733992790825,15,0.248209931001205,"M4"
"2017-07-23 17:06:04",117,0.220644818189878,117,0.264467619016442,117,0.216389306344088,117,0.305806533220172,117,0.209619811963572,117,0.296602257022832,117,0.206323452891192,117,0.291137699650045,117,0.231055286723501,117,0.240323444281141,"M4"
"2017-07-27 05:25:58",168,0.171906370853297,168,0.264057961822953,168,0.214588985499663,168,0.275729786492818,168,0.162884489975212,168,0.290483868906829,168,0.161462929707538,168,0.277810537935057,168,0.202208295644594,168,0.220037600472716,"M4"
"2017-07-28 17:14:13",15,0.206559772568515,15,0.214300418850417,15,0.229725171302947,15,0.28883458021376,15,0.225126455144064,15,0.2584933197297,15,0.189522987361357,15,0.273026740851803,15,0.205583942553086,15,0.218538459732927,"M4"
"2017-07-29 17:06:47",117,0.242242669140907,117,0.19857233495351,117,0.219542834176709,117,0.285794389365618,117,0.204235224408165,117,0.263511335033479,117,0.212034476140516,117,0.26358307252284,117,0.250238023744042,117,0.194334170261303,"M4"
"2017-08-02 05:26:33",168,0.200792930022481,168,0.224502445468422,168,0.230137521595975,168,0.29020749432922,168,0.178506342182652,168,0.272079599428169,168,0.173534827120206,168,0.283911070611932,168,0.200875908558649,168,0.230130705866542,"M4"
"2017-08-03 17:14:52",15,0.207818062237814,15,0.194000841762612,15,0.223781435942447,15,0.292145432475815,15,0.20977389794443,15,0.26669015061584,15,0.189869805273517,15,0.260662296850893,15,0.208762758135447,15,0.215612984451896,"M4"
"2017-08-04 17:06:05",117,0.230567350662962,117,0.24953890017517,117,0.208588840221234,117,0.285286664287251,117,0.204380155181007,117,0.288616945875088,117,0.20311028128119,117,0.297305935658362,117,0.250238023744042,117,0.231238924676981,"M4"
"2017-08-08 05:25:59",168,0.214752534950857,168,0.25135735058963,168,0.225475846325233,168,0.271846376586791,168,0.200906326892359,168,0.286384665569428,168,0.188395113715435,168,0.297183235023783,168,0.219094163783324,168,0.231238924676981,"M4"
"2017-08-09 17:14:14",15,0.23042241989012,15,0.191299444569749,15,0.1867671659582,15,0.288193065903655,15,0.219960477942045,15,0.263511335033479,15,0.205929689756188,15,0.256310182139079,15,0.249261088380133,15,0.194334170261303,"M4"
"2017-08-10 17:06:48",117,0.230567350662962,117,0.249552306322516,117,0.208588840221234,117,0.314486851508142,117,0.204235224408165,117,0.288280637591657,117,0.20311028128119,117,0.303286009230377,117,0.250238023744042,117,0.242696343675191,"M4"
"2017-08-14 05:26:33",168,0.209796450306697,168,0.191898922571166,168,0.233096249405691,168,0.294169229509387,168,0.204283673236596,168,0.263511335033479,168,0.188196652461677,168,0.254767097013911,168,0.241041238288471,168,0.215612984451896,"M4"
"2017-08-15 17:14:52",15,0.217714847918787,15,0.251990590019293,15,0.21615314085603,15,0.292353271788345,15,0.219130094753081,15,0.302427042223227,15,0.198044592376474,15,0.300188437409724,15,0.231630110664073,15,0.243570748837394,"M4"
"2017-08-16 17:06:05",117,0.207818062237814,117,0.224993731564035,117,0.227977880054382,117,0.292145432475815,117,0.203275329110931,117,0.253766131088748,117,0.184154342407057,117,0.286035185842885,117,0.203950727286688,117,0.215612984451896,"M4"
"2017-08-20 05:26:00",168,0.214752534950857,168,0.25135735058963,168,0.222603547171782,168,0.268440631798144,168,0.206454144693292,168,0.286384665569428,168,0.188395113715435,168,0.297183235023783,168,0.213569356648456,168,0.231238924676981,"M4"
"2017-08-21 17:14:14",15,0.215592965815843,15,0.216399215772189,15,0.232924375815723,15,0.279441256708804,15,0.19297265903191,15,0.248450451530805,15,0.213436288590802,15,0.25315795117414,15,0.246369128682139,15,0.19363127931602,"M4"
"2017-08-22 17:06:48",117,0.185677469551692,117,0.218054752939972,117,0.230135872166105,117,0.267791412500334,117,0.164657650416408,117,0.250089542586077,117,0.181502115783824,117,0.262880181577557,117,0.219490647472386,117,0.19363127931602,"M4"
"2017-08-26 05:26:34",168,0.203336720873072,168,0.242965610224576,168,0.224456252629179,168,0.289449736561915,168,0.186812802658366,168,0.274621664217893,168,0.197764176749914,168,0.284085664251985,168,0.228519757395596,168,0.229427814921259,"M4"
"2017-08-27 17:14:53",15,0.204768802530435,15,0.235306521351093,15,0.199618905235729,15,0.286914238490309,15,0.199676461731804,15,0.24999912086979,15,0.213237827337044,15,0.278059404513842,15,0.269934946034304,15,0.215190238240948,"M4"
"2017-08-28 17:06:06",117,0.194706579474903,117,0.242579411734853,117,0.228481598576825,117,0.286914238490309,117,0.186812802658366,117,0.24999912086979,117,0.18609519362159,117,0.285332294897602,117,0.228519757395596,117,0.214910093506613,"M4"
"2017-09-01 05:26:00",168,0.216634725065679,168,0.248571972731615,168,0.192475748805197,168,0.30695412251695,168,0.207201165542371,168,0.238501182751459,168,0.232007364470379,168,0.312490528690451,168,0.2219531760136,168,0.21460544179257,"M4"
"2017-09-02 17:14:15",15,0.208851264975928,15,0.256530439156488,15,0.177366043392413,15,0.28365142193461,15,0.203333469511299,15,0.234593867311982,15,0.227115507748619,15,0.315349290336976,15,0.193733560124468,15,0.185771625499123,"M4"
"2017-09-03 17:06:49",117,0.189650547889404,117,0.21765350268472,117,0.190713682824851,117,0.28296187191815,117,0.184956432433288,117,0.206885350241815,117,0.170818901045709,117,0.280453369054534,117,0.201926559837523,117,0.177607943058472,"M4"
"2017-09-07 05:26:34",168,0.165393754269778,168,0.252289556891416,168,0.185757164638561,168,0.28857225197658,168,0.170175340937428,168,0.226552718678671,168,0.157171583390691,168,0.312092770133944,168,0.202070850876597,168,0.180019480719518,"M4"
"2017-09-08 17:14:53",15,0.175957840128594,15,0.217306684772561,15,0.1801159245136,15,0.285809458418826,15,0.182699602698651,15,0.197351096881002,15,0.175520945386583,15,0.26959096322632,15,0.174973350481961,15,0.173032293567707,"M4"
"2017-09-09 17:06:06",117,0.183309681773916,117,0.241373502102383,117,0.189782510586207,117,0.286914238490309,117,0.186426118339743,117,0.21406564685391,117,0.171282332097934,117,0.280453369054534,117,0.191928875424485,117,0.177607943058472,"M4"
"2017-09-13 05:26:01",168,0.181178621593313,168,0.245388478945944,168,0.189782510586207,168,0.28590182963851,168,0.17897596225309,168,0.229888234494289,168,0.171282332097934,168,0.312278077349402,168,0.197782848023834,168,0.180198541900962,"M4"
"2017-09-14 17:14:16",NA,NA,NA,NA,NA,NA,NA,NA,15,0.197057595349634,NA,NA,NA,NA,NA,NA,15,0.201161308934626,15,0.188527965559414,"M4"
"2017-09-15 17:06:49",NA,NA,NA,NA,NA,NA,NA,NA,117,0.215401405676596,NA,NA,NA,NA,NA,NA,117,0.221800683290957,117,0.176009090129841,"M4"
"2017-09-19 05:26:35",NA,NA,NA,NA,NA,NA,NA,NA,168,0.198430895878063,NA,NA,NA,NA,NA,NA,168,0.21935488273533,168,0.149446078929353,"M4"
"2017-09-20 17:14:54",NA,NA,NA,NA,NA,NA,NA,NA,15,0.203757598602398,NA,NA,NA,NA,NA,NA,15,0.20748581069061,15,0.190391326869439,"M4"
"2017-09-21 17:06:07",NA,NA,NA,NA,NA,NA,NA,NA,117,0.203864258399655,NA,NA,NA,NA,NA,NA,117,0.219836432996535,117,0.188527965559414,"M4"
"2017-09-25 05:26:01",NA,NA,NA,NA,NA,NA,NA,NA,168,0.195084946704643,NA,NA,NA,NA,NA,NA,168,0.199505691795159,168,0.15560290513695,"M4"
"2017-09-26 17:14:16",NA,NA,NA,NA,NA,NA,NA,NA,15,0.175395211759639,NA,NA,NA,NA,NA,NA,15,0.179470241760011,15,0.176355908042,"M4"
"2017-09-27 17:06:50",NA,NA,NA,NA,NA,NA,NA,NA,117,0.197981001096105,NA,NA,NA,NA,NA,NA,117,0.199505691795159,117,0.154977767207115,"M4"
"2017-10-01 05:26:35",NA,NA,NA,NA,NA,NA,NA,NA,168,0.222814986960702,NA,NA,NA,NA,NA,NA,168,0.224860705114266,168,0.204685884350749,"M4"
"2017-10-02 17:14:54",NA,NA,NA,NA,NA,NA,NA,NA,15,0.191249254894267,NA,NA,NA,NA,NA,NA,15,0.195324284894638,15,0.161119563517989,"M4"
"2017-10-03 17:06:07",NA,NA,NA,NA,NA,NA,NA,NA,117,0.195084946704643,NA,NA,NA,NA,NA,NA,117,0.199505691795159,117,0.188527965559414,"M4"
"2017-10-07 05:26:01",NA,NA,NA,NA,NA,NA,NA,NA,168,0.191845361559182,NA,NA,NA,NA,NA,NA,168,0.207340295575756,168,0.154139483670117,"M4"
"2017-10-08 17:14:16",NA,NA,NA,NA,NA,NA,NA,NA,15,0.20548553571432,NA,NA,NA,NA,NA,NA,15,0.225655289708671,15,0.200253873749703,"M4"
"2017-10-09 17:06:50",NA,NA,NA,NA,NA,NA,NA,NA,117,0.196501880477828,NA,NA,NA,NA,NA,NA,117,0.21139950398476,117,0.165765354353504,"M4"
"2017-10-13 05:26:35",NA,NA,NA,NA,NA,NA,NA,NA,168,0.217043616576236,NA,NA,NA,NA,NA,NA,168,0.233675562768321,168,0.184967617803345,"M4"
"2017-10-14 17:14:54",NA,NA,NA,NA,NA,NA,NA,NA,15,0.16062357603193,NA,NA,NA,NA,NA,NA,15,0.163382023031879,15,0.198902725922106,"M4"
"2017-10-15 17:06:07",NA,NA,NA,NA,NA,NA,NA,NA,117,0.18656613121876,NA,NA,NA,NA,NA,NA,117,0.2179188981962,117,0.197075058167342,"M4"
"2017-10-19 05:26:01",NA,NA,NA,NA,NA,NA,NA,NA,168,0.171016201349973,NA,NA,NA,NA,NA,NA,168,0.16660297047614,168,0.19154336988958,"M4"
"2017-10-20 17:14:16",NA,NA,NA,NA,NA,NA,NA,NA,15,0.16062357603193,NA,NA,NA,NA,NA,NA,15,0.163382023031879,15,0.188202409414719,"M4"
"2017-10-21 17:06:50",NA,NA,NA,NA,NA,NA,NA,NA,117,0.19722947897782,NA,NA,NA,NA,NA,NA,117,0.203372774864193,117,0.170458759094268,"M4"
"2017-10-25 05:26:35",NA,NA,NA,NA,NA,NA,NA,NA,168,0.185413185294176,NA,NA,NA,NA,NA,NA,168,0.186755291307783,168,0.19154336988958,"M4"
"2017-10-26 17:14:54",NA,NA,NA,NA,NA,NA,NA,NA,15,0.166551778443924,NA,NA,NA,NA,NA,NA,15,0.154759614398279,15,0.188202409414719,"M4"
"2017-10-27 17:06:07",NA,NA,NA,NA,NA,NA,NA,NA,117,0.196501880477828,NA,NA,NA,NA,NA,NA,117,0.220272152737382,117,0.182949537734513,"M4"
"2017-10-31 05:26:02",NA,NA,NA,NA,NA,NA,NA,NA,168,0.171016201349973,NA,NA,NA,NA,NA,NA,168,0.173587216484013,168,0.194722185471941,"M4"
"2018-06-28 05:26:03",168,0.281186246332226,168,0.270466357163514,168,0.279286824835026,NA,NA,168,0.280569415796861,168,0.246522691108422,168,0.297515461614072,168,0.304696496393457,168,0.257933826734963,168,0.243837554842914,"M4"
"2018-06-30 17:06:52",117,0.297469553562741,117,0.274559297161724,117,0.275772205885913,NA,NA,117,0.281714323277835,117,0.26199680766222,117,0.283261825115165,117,0.308257400405901,117,0.26561927049551,117,0.247634723984251,"M4"
"2018-07-04 05:26:37",168,0.289473296882343,168,0.312905692866953,168,0.274265550197556,NA,NA,168,0.282758527867106,168,0.293023941350414,168,0.302739784154676,168,0.332351815008282,168,0.267986961774455,168,0.275261709588579,"M4"
"2018-07-05 17:15:13",15,0.270780703373827,15,0.296212090426749,15,0.271693731577923,NA,NA,15,0.278157638071362,15,0.297831606019216,15,0.282207352277589,15,0.330514135010679,15,0.211421028690743,15,0.274943586182648,"M4"
"2018-07-06 17:06:09",117,0.294481136962434,117,0.291959034988262,117,0.295921610785937,NA,NA,117,0.281797140695321,117,0.290515822571216,117,0.292269397826458,117,0.326730681835945,117,0.272707981748326,117,0.273343586844052,"M4"
"2018-07-10 05:25:55",168,0.27822935698569,168,0.270466357163514,168,0.295207853097183,NA,NA,168,0.278032238736364,168,0.246522691108422,168,0.284108744812662,168,0.304696496393457,168,0.270169894203817,168,0.258234538787117,"M4"
"2018-07-11 17:14:19",15,0.287702583467103,15,0.315008005988727,15,0.279709726955846,NA,NA,15,0.290624106330056,15,0.308074449562319,15,0.286753142357627,15,0.342956383035236,15,0.239898757012922,15,0.282918099124487,"M4"
"2018-07-12 17:06:53",117,0.271854710501622,117,0.287456741499334,117,0.28337201472703,NA,NA,117,0.26684623145942,117,0.267855296459338,117,0.267335978731474,117,0.32184230217676,117,0.249794399270883,117,0.276718781898224,"M4"
"2018-07-16 05:26:38",168,0.281186246332226,168,0.294752994555845,168,0.279286824835026,NA,NA,168,0.282016265766645,168,0.284402476475387,168,0.297515461614072,168,0.329184866927635,168,0.261681329618166,168,0.276586490990829,"M4"
"2018-07-17 17:15:14",15,0.282289582405514,15,0.287456741499334,15,0.280486230988468,NA,NA,15,0.286614470507736,15,0.263899729873773,15,0.277144545915418,15,0.323890810519857,15,0.22796431357,15,0.27759626648356,"M4"
"2018-07-18 17:06:10",117,0.306414054347077,117,0.272189379173864,117,0.274265550197556,NA,NA,117,0.286060795561698,117,0.258557721348902,117,0.30245627074797,117,0.3117765687461,117,0.272697424797522,117,0.246201371943342,"M4"
"2018-07-22 05:25:56",168,0.281963440195739,168,0.295025951011747,168,0.280671142512952,NA,NA,168,0.29159077804708,168,0.2993161052949,168,0.293333615940399,168,0.329457823383537,168,0.271255841898601,168,0.272206234591156,"M4"
"2018-07-23 17:14:20",15,0.306414054347077,15,0.279860303994559,15,0.276867422664452,NA,NA,15,0.320457462270402,15,0.251271775978365,15,0.312421378413832,15,0.319447493566795,15,0.259730620666558,15,0.242111284540645,"M4"
"2018-07-24 17:06:53",117,0.29812700379696,117,0.296212090426749,117,0.279286824835026,NA,NA,117,0.292414417375192,117,0.290390726823473,117,0.297515461614072,117,0.328465626667582,117,0.253532745570779,117,0.253116531065702,"M4"
"2018-08-15 05:25:57",NA,NA,NA,NA,NA,NA,NA,NA,168,0.263217373964086,NA,NA,NA,NA,NA,NA,168,0.256142896201085,168,0.206634796717251,"M4"
"2018-08-16 17:14:21",NA,NA,NA,NA,NA,NA,NA,NA,15,0.290508265231383,NA,NA,NA,NA,NA,NA,15,0.230019487538461,15,0.231135456902534,"M4"
"2018-08-17 17:06:55",NA,NA,NA,NA,NA,NA,NA,NA,117,0.258722930013045,NA,NA,NA,NA,NA,NA,117,0.233934090072996,117,0.201363616395251,"M4"
"2018-08-21 05:26:40",NA,NA,NA,NA,NA,NA,NA,NA,168,0.268227738696687,NA,NA,NA,NA,NA,NA,168,0.256618945020339,168,0.200920010648005,"M4"
"2018-08-22 17:15:16",NA,NA,NA,NA,NA,NA,NA,NA,15,0.302555791455611,NA,NA,NA,NA,NA,NA,15,0.255165960837177,15,0.230027238092095,"M4"
"2018-08-23 17:06:12",NA,NA,NA,NA,NA,NA,NA,NA,117,0.26522993297076,NA,NA,NA,NA,NA,NA,117,0.239380588612881,117,0.245663483147427,"M4"
"2018-08-27 05:25:58",NA,NA,NA,NA,NA,NA,NA,NA,168,0.201720336441871,NA,NA,NA,NA,NA,NA,168,0.198074718850972,168,0.202105867651718,"M4"
"2018-08-28 17:14:22",NA,NA,NA,NA,NA,NA,NA,NA,15,0.205984507708234,NA,NA,NA,NA,NA,NA,15,0.199678484768633,15,0.215439857899124,"M4"
"2018-08-29 17:06:56",117,0.212423115509856,117,0.231075598215938,117,0.247443799020334,117,0.263612819615153,117,0.200495878604295,117,0.221850956634861,117,0.294759127989408,117,0.307867801943452,117,0.198348235048735,117,0.22775214717576,"M4"
"2018-09-02 05:26:41",168,0.200636349509573,168,0.225778294021947,168,0.263177060710499,168,0.232133233628667,168,0.202497530305384,168,0.218508072205482,168,0.295372318878511,168,0.27722759624909,168,0.199212071103869,168,0.226714903495595,"M4"
"2018-09-03 17:15:17",15,0.227313783084594,15,0.228910962758103,15,0.272645143861571,15,0.245148804658845,15,0.236327062042179,15,0.218508072205482,15,0.300247711394777,15,0.278003873047719,15,0.221488858439436,15,0.215439857899124,"M4"
"2018-09-04 17:06:13",117,0.200343585153111,117,0.233393597822359,117,0.254666408364063,117,0.25712923085145,117,0.199296511904806,117,0.224168956241283,117,0.297107263710148,117,0.310185801549874,117,0.195505963541066,117,0.235725701707549,"M4"
"2018-09-08 05:25:59",168,0.198067594199666,168,0.184039255092883,168,0.263177060710499,168,0.23494185524376,168,0.198918516880672,168,0.198076567654447,168,0.295372318878511,168,0.242270009006311,168,0.205176303057933,168,0.190059186917272,"M4"
"2018-09-09 17:14:22",15,0.21772513261077,15,0.228910962758103,15,0.278762788579261,15,0.255911750766147,15,0.215922851412243,15,0.218508072205482,15,0.296236944362502,15,0.280572628357626,15,0.205262044279208,15,0.206136018804738,"M4"
"2018-09-10 17:06:56",117,0.218093772363004,117,0.186013059015868,117,0.262325872703392,117,0.241625459147221,117,0.207179927256979,117,0.198076567654447,117,0.266232453795727,117,0.243046285804941,117,0.211723000250581,117,0.189901400019392,"M4"
"2018-09-14 05:26:41",168,0.21383763335619,168,0.227421198830128,168,0.258155786073029,168,0.231412152660893,168,0.199988059472953,168,0.223213705023175,168,0.305471115042103,168,0.286490037306758,168,0.205449819255696,168,0.211072203527724,"M4"
"2018-09-15 17:15:17",15,0.214499654048152,15,0.197574652570683,15,0.25780535285836,15,0.238537806876625,15,0.226483703753396,15,0.190667685138437,15,0.276197561461589,15,0.253291750044976,15,0.219779656636104,15,0.202895509790918,"M4"
"2018-09-16 17:06:13",117,0.208082735374544,117,0.197558152966518,117,0.265765342020604,117,0.23494185524376,117,0.20431340744212,117,0.19621550293937,117,0.263227908765464,117,0.241649876607718,117,0.217826274991684,117,0.190339331651607,"M4"
"2018-09-20 05:25:59",168,0.203324366308952,168,0.199358734342643,168,0.218313446842936,168,0.235178218226175,168,0.18796587568199,168,0.212120824183972,168,0.217310715962217,168,0.238959897315178,168,0.208842526807353,168,0.186645672103729,"M4"
"2018-09-21 17:14:22",15,0.21441914957729,15,0.207171554928457,15,0.204068769273924,15,0.244580342905715,15,0.193098951591412,15,0.229598900746318,15,0.208167439167733,15,0.272421426186758,15,0.211961295349757,15,0.203710022737767,"M4"
"2018-09-22 17:06:56",117,0.206378164257599,117,0.197619672807604,117,0.194852692203167,117,0.253696562139103,117,0.194796063863579,117,0.199347080850458,117,0.232998441617926,117,0.248502400598781,117,0.215757266296704,117,0.195129506206066,"M4"
"2018-09-26 05:26:41",168,0.16590802854688,168,0.174136402040012,168,0.216516555276146,168,0.226318795199289,168,0.157654913191844,168,0.177167863962425,168,0.183119931106302,168,0.237341462175187,168,0.164417354749111,168,0.176177977222907,"M4"
"2018-09-27 17:15:17",15,0.199809915430481,15,0.21663132244048,15,0.206804617422286,15,0.235851773443947,15,0.203588940902617,15,0.215403195873261,15,0.208187782413832,15,0.241006974628691,15,0.20196460643029,15,0.202637677897779,"M4"
"2018-09-28 17:06:13",117,0.190608125101075,117,0.209245098856471,117,0.190617225829164,117,0.236729258029282,117,0.190975397652679,117,0.223404114313122,117,0.237806614914193,117,0.253448696606472,117,0.204291982050792,117,0.202637677897779,"M4"
"2018-10-02 05:25:59",168,0.185563466449589,168,0.187848894885806,168,0.210963750995665,168,0.253696562139103,168,0.176488190407388,168,0.202288807965639,168,0.191551060276619,168,0.245831947171587,168,0.191283876700388,168,0.189597817928304,"M4"
"2018-10-03 17:14:23",15,0.199809915430481,15,0.196892074307611,15,0.206804617422286,15,0.245917848533269,15,0.203588940902617,15,0.199347080850458,15,0.208998031378216,15,0.237538464996179,15,0.191966922017252,15,0.197996026020925,"M4"
"2018-10-04 17:06:56",117,0.208134603331576,117,0.197619672807604,117,0.208562097263562,117,0.247328360429081,117,0.190330499803421,117,0.199347080850458,117,0.194266444806755,117,0.248502400598781,117,0.208923079997951,117,0.195129506206066,"M4"
"2018-10-08 05:26:42",168,0.19831686029349,168,0.200566139103202,168,0.200788576785758,168,0.213052662451293,168,0.210028362029919,168,0.211755165910733,168,0.183315956919764,168,0.230877007745113,168,0.249026928408971,168,0.227702346266977,"M4"
"2018-10-09 17:15:17",15,0.195671875921051,15,0.245714942516654,15,0.195909745038244,15,0.228606292447905,15,0.209432255365004,15,0.224620302961858,15,0.190395765969033,15,0.276307241118238,15,0.241722287437173,15,0.242182799349844,"M4"
"2018-10-10 17:06:14",117,0.194154564337097,117,0.209961592978917,117,0.204030503530928,117,0.213052662451293,117,0.210537241906734,117,0.211755165910733,117,0.179799310654498,117,0.231653284543742,117,0.233178758843251,117,0.238913654081665,"M4"
"2018-10-14 05:26:00",168,0.199958426801467,168,0.184083695849407,168,0.196201657008362,168,0.207007285440022,168,0.20892074759399,168,0.211583163392532,168,0.192348444000745,168,0.21833636329355,168,0.233128802414624,168,0.227252349406255,"M4"
"2018-10-15 17:14:23",15,0.205020310099685,15,0.215151613496238,15,0.195909745038244,15,0.251173217046385,15,0.209432255365004,15,0.204503237890655,15,0.18893771986376,15,0.24954581583034,15,0.241722287437173,15,0.236955413244358,"M4"
"2018-10-16 17:06:57",117,0.20232182934741,117,0.210490039555074,117,0.211575797167782,117,0.232867703555378,117,0.212877699078577,117,0.204503237890655,117,0.189544408512434,117,0.230392695694107,117,0.248183243408546,117,0.234647093844376,"M4"
"2018-10-20 05:26:42",168,0.193047927411823,168,0.201094585679359,168,0.198768127879893,168,0.227506435944322,168,0.251855923001368,168,0.248431803415091,168,0.192348444000745,168,0.229596075649379,168,0.224798126607136,168,0.245722990215596,"M4"
"2018-10-21 17:15:18",15,0.185997194402994,15,0.204281973441992,15,0.199177734133231,15,0.22576604534575,15,0.214069814978638,15,0.246253663560279,15,0.186552645037707,15,0.232354119254465,15,0.23619931527155,15,0.240714598362272,"M4"
"2018-10-22 17:06:14",117,0.190402943039383,117,0.243288495149556,117,0.196201657008362,117,0.255369166914953,117,0.251855923001368,117,0.269505240473242,117,0.192348444000745,117,0.264528473674132,117,0.229861777742641,117,0.268166017391039,"M4"
"2018-10-26 05:26:00",168,0.196799548709536,168,0.200566139103202,168,0.198657650913645,168,0.213052662451293,168,0.229199473461174,168,0.239952554452949,168,0.17361620907283,168,0.230877007745113,168,0.23711245344199,168,0.238883276419621,"M4"
"2018-10-27 17:14:23",15,0.195671875921051,15,0.210143221642915,15,0.195909745038244,15,0.232867703555378,15,0.227577659467662,15,0.248084985502931,15,0.190395765969033,15,0.236426332029596,15,0.253226489387898,15,0.241061416274432,"M4"
"2018-10-28 17:06:57",117,0.195671875921051,117,0.210143221642915,117,0.200788576785758,117,0.232867703555378,117,0.241520677988597,117,0.248084985502931,117,0.183315956919764,117,0.230045877781948,117,0.235914479480126,117,0.241061416274432,"M4"
"2019-08-16 05:26:46",NA,NA,168,0.225439906030351,NA,NA,168,0.241292853163017,NA,NA,168,0.256844030583087,NA,NA,168,0.306058885030023,168,0.26754830801052,168,0.255086953484517,"M4"
"2019-08-17 17:15:22",NA,NA,15,0.208149768730204,NA,NA,15,0.241292853163017,NA,NA,15,0.249663733970992,NA,NA,15,0.294288430358051,15,0.26479807045626,15,0.242720982559858,"M4"
"2019-08-18 17:06:18",NA,NA,117,0.267289725366276,NA,NA,117,0.221468728787776,NA,NA,117,0.297908323037627,NA,NA,117,0.308357828872158,117,0.23741663602152,117,0.270614262393783,"M4"
"2019-08-22 05:26:07",NA,NA,168,0.245624302077047,NA,NA,168,0.231928192209844,NA,NA,168,0.260698034629293,NA,NA,168,0.28706479237065,168,0.221614451373709,168,0.278460587262846,"M4"
"2019-08-24 17:07:01",NA,NA,117,0.236934181736057,NA,NA,117,0.248419778260837,NA,NA,117,0.256950531746091,NA,NA,117,0.256868619018732,117,0.246664499986751,117,0.276485615033159,"M4"
"2019-08-28 05:26:46",NA,NA,168,0.230600318826478,NA,NA,168,0.233310192955266,NA,NA,168,0.254469154913983,NA,NA,168,0.253152921948792,168,0.221614451373709,168,0.274386991514043,"M4"
"2019-08-29 17:15:22",NA,NA,15,0.21483550525338,NA,NA,15,0.241292853163017,NA,NA,15,0.23695996251096,NA,NA,15,0.240026236101312,15,0.243592082435456,15,0.250554093167701,"M4"
"2019-08-30 17:06:19",NA,NA,117,0.198022404640372,NA,NA,117,0.244969288149661,NA,NA,117,0.231265610998425,NA,NA,117,0.226895311159319,117,0.23617855336306,117,0.221027436124681,"M4"
"2019-09-03 05:26:07",NA,NA,168,0.227345326363476,NA,NA,168,0.233310192955266,NA,NA,168,0.250324518921056,NA,NA,168,0.253152921948792,168,0.221614451373709,168,0.274701551855091,"M4"
"2019-09-04 17:14:28",NA,NA,15,0.21483550525338,NA,NA,15,0.241292853163017,NA,NA,15,0.23695996251096,NA,NA,15,0.240026236101312,15,0.223247666640107,15,0.244726130632433,"M4"
"2019-09-05 17:07:02",NA,NA,117,0.180670676493323,NA,NA,117,0.266220057705408,NA,NA,117,0.221752349053277,NA,NA,117,0.233199438085036,117,0.227947683199472,117,0.229458565294998,"M4"
"2019-09-09 05:26:47",NA,NA,168,0.236411663630208,NA,NA,168,0.236317428454165,168,0.247573265932183,168,0.259560682376397,NA,NA,168,0.263499086247872,168,0.260231164534899,168,0.256718248312444,"M4"
"2019-09-10 17:15:23",NA,NA,15,0.194317994148341,NA,NA,15,0.241292853163017,15,0.256427983584001,15,0.235399666708295,NA,NA,15,0.23828665689999,15,0.234833196128226,15,0.219997143601471,"M4"
"2019-09-11 17:06:19",NA,NA,117,0.21483550525338,NA,NA,117,0.241292853163017,117,0.216386680335407,117,0.23695996251096,NA,NA,117,0.231850368291373,117,0.215519025653675,117,0.215511281526556,"M4"
"2019-09-15 05:26:08",NA,NA,NA,NA,NA,NA,NA,NA,168,0.191576230002096,NA,NA,NA,NA,NA,NA,168,0.190148075853591,168,0.186136194668581,"M4"
"2019-09-16 17:14:29",NA,NA,NA,NA,NA,NA,NA,NA,15,0.2114356860588,NA,NA,NA,NA,NA,NA,15,0.185353231155507,15,0.191667882946342,"M4"
"2019-09-17 17:07:02",NA,NA,NA,NA,NA,NA,NA,NA,117,0.177337356326372,NA,NA,NA,NA,NA,NA,117,0.186381026256655,117,0.191667882946342,"M4"
"2019-09-21 05:26:48",NA,NA,NA,NA,NA,NA,NA,NA,168,0.191576230002096,NA,NA,NA,NA,NA,NA,168,0.190148075853591,168,0.172362882190394,"M4"
"2019-09-22 17:15:23",NA,NA,NA,NA,NA,NA,NA,NA,15,0.182769359636078,NA,NA,NA,NA,NA,NA,15,0.177224832185261,15,0.191667882946342,"M4"
"2019-09-27 05:26:09",NA,NA,NA,NA,NA,NA,NA,NA,168,0.168812581649518,NA,NA,NA,NA,NA,NA,168,0.178840861300984,168,0.184954338055941,"M4"
"2019-09-28 17:14:29",NA,NA,NA,NA,NA,NA,NA,NA,15,0.207684619183781,NA,NA,NA,NA,NA,NA,15,0.181602164280488,15,0.18387090894753,"M4"
"2019-09-29 17:07:03",NA,NA,NA,NA,NA,NA,NA,NA,117,0.177337356326372,NA,NA,NA,NA,NA,NA,117,0.186381026256655,117,0.18387090894753,"M4"
"2019-10-03 05:26:48",NA,NA,NA,NA,NA,NA,NA,NA,168,0.176918549356996,NA,NA,NA,NA,NA,NA,168,0.175421219397399,168,0.184954338055941,"M4"
"2019-10-04 17:15:24",NA,NA,NA,NA,NA,NA,NA,NA,15,0.192183777842856,NA,NA,NA,NA,NA,NA,15,0.184764997140932,15,0.191732051287208,"M4"
"2019-10-05 17:06:20",NA,NA,NA,NA,NA,NA,NA,NA,117,0.191576230002096,NA,NA,NA,NA,NA,NA,117,0.190148075853591,117,0.179541706505023,"M4"
"2019-10-09 05:26:09",NA,NA,NA,NA,NA,NA,NA,NA,168,0.214364271383516,NA,NA,NA,NA,NA,NA,168,0.22726636612972,168,0.195510327180707,"M4"
"2019-10-10 17:14:29",NA,NA,NA,NA,NA,NA,NA,NA,15,0.219928379956419,NA,NA,NA,NA,NA,NA,15,0.219961725157921,15,0.177761451302279,"M4"
"2019-10-11 17:07:03",NA,NA,NA,NA,NA,NA,NA,NA,117,0.177689031570613,NA,NA,NA,NA,NA,NA,117,0.173219248910307,117,0.185222903980824,"M4"
"2019-10-15 05:26:48",NA,NA,NA,NA,NA,NA,NA,NA,168,0.198661856858552,NA,NA,NA,NA,NA,NA,168,0.206571096979215,168,0.190184259990822,"M4"
"2019-10-16 17:15:24",NA,NA,NA,NA,NA,NA,NA,NA,15,0.204834915912154,NA,NA,NA,NA,NA,NA,15,0.209364066371578,15,0.185222903980824,"M4"
"2019-10-17 17:06:20",NA,NA,NA,NA,NA,NA,NA,NA,117,0.214364271383516,NA,NA,NA,NA,NA,NA,117,0.222226011155958,117,0.185222903980824,"M4"
"2019-10-21 05:26:09",NA,NA,NA,NA,NA,NA,NA,NA,168,0.192703074457577,NA,NA,NA,NA,NA,NA,168,0.206571096979215,168,0.192753015300729,"M4"
"2019-10-23 17:07:03",NA,NA,NA,NA,NA,NA,NA,NA,117,0.214364271383516,NA,NA,NA,NA,NA,NA,117,0.222226011155958,117,0.179066077773227,"M4"
"2019-10-27 05:26:48",NA,NA,NA,NA,NA,NA,NA,NA,168,0.198661856858552,NA,NA,NA,NA,NA,NA,168,0.205462878168776,168,0.189963803488978,"M4"
"2019-10-28 17:15:24",NA,NA,NA,NA,NA,NA,NA,NA,15,0.213949529492005,NA,NA,NA,NA,NA,NA,15,0.221312872985518,15,0.199892504666307,"M4"
"2019-10-29 17:06:20",NA,NA,NA,NA,NA,NA,NA,NA,117,0.189833494915678,NA,NA,NA,NA,NA,NA,117,0.208283407462815,117,0.185222903980824,"M4"
"2020-06-25 17:06:21",NA,NA,117,0.259842091040535,NA,NA,117,0.171558733629719,NA,NA,117,0.267167387505087,NA,NA,117,0.278598074715381,NA,NA,NA,NA,"M4"
"2020-06-29 05:26:10",NA,NA,168,0.220431961776862,NA,NA,168,0.172400044799346,NA,NA,168,0.222380027532865,NA,NA,168,0.245894848364632,NA,NA,NA,NA,"M4"
"2020-06-30 17:14:31",NA,NA,15,0.220858991663612,NA,NA,15,0.1695619882695,NA,NA,15,0.222380027532865,NA,NA,15,0.243085818777987,NA,NA,NA,NA,"M4"
"2020-07-01 17:07:04",NA,NA,117,0.259842091040535,NA,NA,117,0.171558733629719,NA,NA,117,0.267167387505087,NA,NA,117,0.278598074715381,NA,NA,NA,NA,"M4"
"2020-07-05 05:26:50",NA,NA,168,0.220431961776862,NA,NA,168,0.172400044799346,NA,NA,168,0.222380027532865,NA,NA,168,0.245894848364632,NA,NA,168,0.223723722404539,"M4"
"2020-07-06 17:15:26",NA,NA,15,0.258733872230096,NA,NA,15,0.171558733629719,NA,NA,15,0.266059168694648,NA,NA,15,0.279630404271495,NA,NA,15,0.25573243359407,"M4"
"2020-07-07 17:06:22",NA,NA,117,0.27971557123524,NA,NA,117,0.24220375086179,NA,NA,117,0.278281328921079,NA,NA,117,0.303199061089644,NA,NA,117,0.268883754870575,"M4"
"2020-07-11 05:26:11",NA,NA,168,0.256596479196062,NA,NA,168,0.170751078789832,NA,NA,168,0.267543667970333,NA,NA,168,0.27603881080323,NA,NA,168,0.25573243359407,"M4"
"2020-07-12 17:14:32",NA,NA,15,0.258733872230096,NA,NA,15,0.170751078789832,NA,NA,15,0.267543667970333,NA,NA,15,0.279630404271495,NA,NA,15,0.254624214783631,"M4"
"2020-07-13 17:07:05",NA,NA,117,0.258733872230096,NA,NA,117,0.170751078789832,NA,NA,117,0.266059168694648,NA,NA,117,0.277581895928399,NA,NA,117,0.25573243359407,"M4"
"2020-07-17 05:26:51",NA,NA,168,0.213146158458221,NA,NA,168,0.177170045078295,NA,NA,168,0.213456322497069,NA,NA,168,0.244229045855422,NA,NA,168,0.239710585964118,"M4"
"2020-07-18 17:15:26",NA,NA,15,0.22122563488075,NA,NA,15,0.169118382522254,NA,NA,15,0.222746670750003,NA,NA,15,0.243452461995125,NA,NA,15,0.20356729419784,"M4"
"2020-07-19 17:06:23",117,0.256293482361521,117,0.220712617005876,117,0.237531028226648,117,0.177170045078295,117,0.223956318204432,117,0.229522412746112,117,0.198816601751621,117,0.247540605950098,117,0.241857216753661,117,0.223195415871269,"M4"
"2020-07-23 05:26:11",168,0.249344424504634,168,0.189769560998433,168,0.197053858493887,168,0.274455460792429,168,0.237388865666905,168,0.220543750394578,168,0.218770393593823,168,0.215249560781922,168,0.252179170481759,168,0.213303087554858,"M4"
"2020-07-24 17:14:32",15,0.236599468725525,15,0.19591709888858,15,0.226839012944791,15,0.278455251096097,15,0.241739006889047,15,0.220910393611716,15,0.208002325285766,15,0.217760028113172,15,0.24283805887827,15,0.203808958654187,"M4"
"2020-07-25 17:07:06",117,0.206599173194393,117,0.213989779549145,117,0.220287005288202,117,0.268336962207339,117,0.204995599252012,117,0.23257937674004,117,0.189141207228348,117,0.219673486671055,117,0.219462728362857,117,0.203808958654187,"M4"
"2020-07-29 05:26:51",168,0.236694236501626,168,0.193564175527547,168,0.229205009830399,168,0.269540376238129,168,0.23113867148528,168,0.245215661301566,168,0.204191985062819,168,0.223192990402711,168,0.231968198754545,168,0.236070212028177,"M4"
"2020-07-30 17:15:27",15,0.206599173194393,15,0.194144205688303,15,0.214355956556996,15,0.267625349098132,15,0.228033870891077,15,0.21950339452081,15,0.194856670094808,15,0.193638605530562,15,0.215133425239361,15,0.218140674503264,"M4"
"2020-07-31 17:06:24",117,0.25375284002859,117,0.207465226635925,117,0.205280291940507,117,0.268826618549375,117,0.235931396888853,117,0.232700847374737,117,0.224846861314018,117,0.222429535112793,117,0.281127795427882,117,0.20923934023081,"M4"
"2020-08-04 05:26:12",168,0.231446397504083,168,0.229993813997533,168,0.184425584853534,168,0.244921845691836,168,0.213135746057358,168,0.26970313409774,168,0.217710721201026,168,0.25520244873596,168,0.273568407190401,168,0.281517984413024,"M4"
"2020-08-05 17:14:33",15,0.20315547050906,15,0.212429837063101,15,0.193793434468694,15,0.24677586715351,15,0.205666162558039,15,0.23389535926686,15,0.193655158861864,15,0.22709761304828,15,0.248318214401911,15,0.242287937541433,"M4"
"2020-08-06 17:07:07",117,0.202604394687211,117,0.219291911795714,117,0.207128379504347,117,0.24467876895838,117,0.186362386061622,117,0.262648929572965,117,0.187939695995405,117,0.224793584817056,117,0.245982108190229,117,0.267959010172934,"M4"
"2020-08-10 05:26:52",168,0.188771620713487,168,0.192527489463293,168,0.202461669924302,168,0.255492361667161,168,0.175601700328721,168,0.22073621219035,168,0.191644106487436,168,0.217399367619979,168,0.243912757001352,168,0.222281818877326,"M4"
"2020-08-11 17:15:28",15,0.23526243309775,15,0.199049457289593,15,0.199628503717277,15,0.2488087577637,15,0.225024866294707,15,0.223915027772711,15,0.235397849838516,15,0.222045063343635,15,0.293913672314145,15,0.24918063387735,"M4"
"2020-08-12 17:06:24",117,0.234485239234237,117,0.217977654864034,117,0.184425584853534,117,0.243179915520645,117,0.213912939920871,117,0.227916508802445,117,0.217710721201026,117,0.228448760875877,117,0.282003053822029,117,0.243348411583794,"M4"
"2020-08-16 05:26:13",168,0.231446397504083,168,0.17859950471506,168,0.184425584853534,168,0.259791950259027,168,0.213135746057358,168,0.207088894535332,168,0.217710721201026,168,0.201978289815477,168,0.27289875108413,168,0.222745249929551,"M4"
"2020-08-17 17:14:36",15,0.224611766222468,15,0.198702639377433,15,0.192516372266756,15,0.263542037437763,15,0.223231493644213,15,0.221199643242574,15,0.21746494423416,15,0.219645330325063,15,0.279799517125192,15,0.222281818877326,"M4"
"2020-08-18 17:07:07",117,0.23526243309775,117,0.205453154821834,117,0.186822738344128,117,0.255492361667161,117,0.213912939920871,117,0.22073621219035,117,0.220107874691621,117,0.228448760875877,117,0.282003053822029,117,0.222281818877326,"M4"
"2020-08-22 05:26:53",168,0.213074600671956,168,0.177163174922423,168,0.191123338117085,168,0.196111931200506,168,0.21361087238721,168,0.213840191139376,168,0.217727568923836,168,0.2211542406796,168,0.20612832629401,168,0.206672021053313,"M4"
"2020-08-23 17:15:29",15,0.210549855830712,15,0.196689608390546,15,0.189772900587579,15,0.193061667106778,15,0.218788206215493,15,0.237597609237245,15,0.167298179318199,15,0.238368969093257,15,0.20128599382406,15,0.227663012046367,"M4"
"2020-08-24 17:06:25",117,0.221596133661887,117,0.190646818302244,117,0.201995487696983,117,0.186803958878264,117,0.188802842720593,117,0.231364990076668,117,0.192249076295921,117,0.234754215869016,117,0.201468949299972,117,0.210984975370189,"M4"
"2020-08-28 05:26:14",NA,NA,NA,NA,NA,NA,NA,NA,168,0.200115895764721,NA,NA,NA,NA,NA,NA,168,0.213659486929435,168,0.216812937905457,"M4"
"2020-08-29 17:14:34",NA,NA,NA,NA,NA,NA,NA,NA,15,0.203435649015858,NA,NA,NA,NA,NA,NA,15,0.205651955012353,15,0.244518517292834,"M4"
"2020-08-30 17:07:08",NA,NA,NA,NA,NA,NA,NA,NA,117,0.198217260927372,NA,NA,NA,NA,NA,NA,117,0.197471408027985,117,0.238900256836286,"M4"
"2020-09-03 05:26:53",NA,NA,NA,NA,NA,NA,NA,NA,168,0.217974749854849,NA,NA,NA,NA,NA,NA,168,0.218842204928127,168,0.210984975370189,"M4"
"2020-09-04 17:15:29",NA,NA,NA,NA,NA,NA,NA,NA,15,0.203435649015858,NA,NA,NA,NA,NA,NA,15,0.205651955012353,15,0.198704322935221,"M4"
"2020-09-05 17:06:26",NA,NA,NA,NA,NA,NA,NA,NA,117,0.198217260927372,NA,NA,NA,NA,NA,NA,117,0.234921268433153,117,0.247281481925585,"M4"
"2020-09-09 05:26:14",NA,NA,NA,NA,NA,NA,NA,NA,168,0.187925358135257,NA,NA,NA,NA,NA,NA,168,0.248346942655544,168,0.217320985581282,"M4"
"2020-09-10 17:14:35",NA,NA,NA,NA,NA,NA,NA,NA,15,0.212731706743059,NA,NA,NA,NA,NA,NA,15,0.22678017808222,15,0.210391271812858,"M4"
"2020-09-11 17:07:09",NA,NA,NA,NA,NA,NA,NA,NA,117,0.194568077963788,NA,NA,NA,NA,NA,NA,117,0.237839035350094,117,0.250954525081438,"M4"
"2020-09-15 05:26:54",NA,NA,NA,NA,NA,NA,NA,NA,NA,NA,NA,NA,NA,NA,NA,NA,168,0.235188879617766,168,0.228824581477353,"M4"
"2020-09-16 17:15:30",NA,NA,NA,NA,NA,NA,NA,NA,NA,NA,NA,NA,NA,NA,NA,NA,15,0.228231056558127,15,0.197255741735901,"M4"
"2020-09-17 17:06:26",NA,NA,NA,NA,NA,NA,NA,NA,NA,NA,NA,NA,NA,NA,NA,NA,117,0.239141879141605,117,0.236012550290719,"M4"
"2020-09-21 05:26:15",NA,NA,NA,NA,NA,NA,NA,NA,NA,NA,NA,NA,NA,NA,NA,NA,168,0.245533381942964,168,0.220018586755295,"M4"
"2020-09-22 17:14:35",NA,NA,NA,NA,NA,NA,NA,NA,NA,NA,NA,NA,NA,NA,NA,NA,15,0.246526932322827,15,0.205686870906218,"M4"
"2020-09-23 17:07:09",NA,NA,NA,NA,NA,NA,NA,NA,NA,NA,NA,NA,NA,NA,NA,NA,117,0.262391053356938,117,0.216431342051357,"M4"
"2020-09-27 05:26:54",NA,NA,NA,NA,NA,NA,NA,NA,NA,NA,NA,NA,NA,NA,NA,NA,168,0.229977317321581,168,0.208402255436354,"M4"
"2020-09-28 17:15:30",NA,NA,NA,NA,NA,NA,NA,NA,NA,NA,NA,NA,NA,NA,NA,NA,15,0.242749447820938,15,0.205686870906218,"M4"
"2021-07-12 05:26:56",NA,NA,168,0.220190104313221,NA,NA,168,0.228969198730347,NA,NA,NA,NA,NA,NA,168,0.225197683984855,NA,NA,NA,NA,"M4"
"2021-07-13 17:15:32",NA,NA,15,0.218703448702293,NA,NA,15,0.240249806831603,NA,NA,NA,NA,NA,NA,15,0.226975878817877,NA,NA,NA,NA,"M4"
"2021-07-14 17:06:42",NA,NA,117,0.279572143419171,NA,NA,117,0.242730262321372,NA,NA,NA,NA,NA,NA,117,0.280670479313277,NA,NA,NA,NA,"M4"
"2021-07-18 05:26:17",NA,NA,168,0.223573303947296,NA,NA,168,0.234435017824461,NA,NA,NA,NA,NA,NA,168,0.209026204866773,NA,NA,NA,NA,"M4"
"2021-07-19 17:14:38",NA,NA,15,0.233805103916196,NA,NA,15,0.231049036485442,NA,NA,NA,NA,NA,NA,15,0.215168765664468,NA,NA,NA,NA,"M4"
"2021-07-20 17:07:12",NA,NA,117,0.25835839619169,NA,NA,117,0.252928020061185,NA,NA,NA,NA,NA,NA,117,0.213687684985218,NA,NA,NA,NA,"M4"
"2021-07-24 05:26:57",NA,NA,168,0.194483629808912,NA,NA,168,0.240249806831603,NA,NA,NA,NA,NA,NA,168,0.20868586253709,NA,NA,NA,NA,"M4"
"2021-07-25 17:15:33",NA,NA,15,0.2091824449749,NA,NA,15,0.240249806831603,NA,NA,NA,NA,NA,NA,15,0.213635794722997,NA,NA,NA,NA,"M4"
"2021-07-26 17:06:42",NA,NA,117,0.25835839619169,NA,NA,117,0.248068486724214,NA,NA,NA,NA,NA,NA,117,0.213687684985218,NA,NA,NA,NA,"M4"
"2021-07-30 05:26:18",NA,NA,168,0.210509156226601,NA,NA,168,0.248905409294772,NA,NA,NA,NA,NA,NA,168,0.214113426140561,NA,NA,NA,NA,"M4"
"2021-07-31 17:14:39",NA,NA,15,0.201005597635212,NA,NA,15,0.235204825744119,NA,NA,NA,NA,NA,NA,15,0.209041802056327,NA,NA,NA,NA,"M4"
"2021-08-01 17:07:12",NA,NA,117,0.233805103916196,NA,NA,117,0.237096142610751,NA,NA,NA,NA,NA,NA,117,0.210569289991942,NA,NA,NA,NA,"M4"
"2021-08-05 05:26:58",NA,NA,168,0.210036111053655,NA,NA,168,0.248191651606017,NA,NA,168,0.249284640505787,NA,NA,168,0.210231371349313,168,0.273484901013717,168,0.202992754459282,"M4"
"2021-08-06 17:15:34",NA,NA,15,0.199333389557776,NA,NA,15,0.230849511935678,NA,NA,15,0.249316659736677,NA,NA,15,0.208304577292104,15,0.21069880647609,15,0.170988238178443,"M4"
"2021-08-07 17:06:28",NA,NA,117,0.26321397329933,NA,NA,117,0.253287902037266,NA,NA,117,0.30121926651994,NA,NA,117,0.214608380887337,117,0.261100578146791,117,0.210577207459287,"M4"
"2021-08-11 05:26:18",NA,NA,168,0.211228739665443,NA,NA,168,0.240249806831603,NA,NA,168,0.253218773446964,NA,NA,168,0.211423999961101,168,0.26220879695723,168,0.211113204429145,"M4"
"2021-08-12 17:14:39",NA,NA,15,0.212980707212793,NA,NA,15,0.240249806831603,NA,NA,15,0.262963977391695,NA,NA,15,0.212967085086269,15,0.253496041013075,15,0.208330882631757,"M4"
"2021-08-13 17:07:13",NA,NA,117,0.211416706626943,NA,NA,117,0.225177560312792,NA,NA,117,0.24981354266561,NA,NA,117,0.21943515582154,117,0.281582909622917,117,0.169683611707496,"M4"
"2021-08-17 05:26:58",NA,NA,168,0.255181553630949,NA,NA,168,0.260457473759473,NA,NA,168,0.254426176607827,NA,NA,168,0.261768516344334,168,0.272644029422891,168,0.246089296690751,"M4"
"2021-08-18 17:15:34",NA,NA,15,0.200840180278997,NA,NA,15,0.236212336012029,NA,NA,15,0.213726934557282,NA,NA,15,0.212366556707847,15,0.20783243877948,15,0.200636907154583,"M4"
"2021-08-23 05:26:19",168,0.270367694208564,168,0.229212757762991,168,0.222351644114932,168,0.244173344856575,168,0.235379639801408,168,0.239849334373125,168,0.232530060454203,168,0.247346403728892,168,0.257775733054771,168,0.230468300008934,"M4"
"2021-08-24 17:14:40",15,0.249728221738502,15,0.210792126957134,15,0.183317909493791,15,0.24056764982047,15,0.233541149786397,15,0.217716362845524,15,0.22253683186346,15,0.219311718015056,15,0.231891741350363,15,0.188601280809121,"M4"
"2021-08-29 05:26:59",168,0.261854809005671,168,0.216819518336995,168,0.205803431248952,168,0.236477148786339,168,0.235818112802206,168,0.225958905531941,168,0.239651081155952,168,0.226947547896459,168,0.256361729307432,168,0.217865850200954,"M4"
"2021-08-30 17:15:35",15,0.251525239990105,15,0.202727641003954,15,0.207933129261352,15,0.230851637711205,15,0.214324591884602,15,0.197671148248088,15,0.221253089898394,15,0.214254017432804,15,0.212201206589141,15,0.174857175319016,"M4"
"2021-08-31 17:06:44",117,0.238601689670325,117,0.222553523245978,117,0.201932684832513,117,0.23774006825927,117,0.189376859423637,117,0.230018215916165,117,0.191342078876086,117,0.230708321591128,117,0.209448467895203,117,0.217865850200954,"M4"
"2021-09-04 05:26:20",168,0.232006841221685,168,0.209184966251287,168,0.207834987422494,168,0.246492245783246,168,0.193745627233298,168,0.218083006062662,168,0.198473954232796,168,0.228336479909065,168,0.216899773335197,168,0.188601280809121,"M4"
"2021-09-05 17:14:40",15,0.23649968316871,15,0.210792126957134,15,0.195488170737615,15,0.24056764982047,15,0.207269650578092,15,0.217716362845524,15,0.213492579996911,15,0.219311718015056,15,0.198359723109023,15,0.188601280809121,"M4"
"2021-09-06 17:07:14",117,0.232639171280431,117,0.214565684647643,117,0.201932684832513,117,0.235440985390227,117,0.189376859423637,117,0.22348113067576,117,0.191342078876086,117,0.214508447499222,117,0.205484738025758,117,0.190971703394604,"M4"
"2021-09-10 05:26:59",168,0.19085228867663,168,0.184537299979776,168,0.190183267841765,168,0.207241382201819,168,0.181594391275873,168,0.191775726240262,168,0.181265992975951,168,0.219871991108965,168,0.193377371957649,168,0.186307485955951,"M4"
"2021-09-11 17:15:35",15,0.193710947357225,15,0.186952051231178,15,0.181219691376966,15,0.191333539742196,15,0.204632662914939,15,0.175687781021109,15,0.186981455842411,15,0.210090950571967,15,0.181775721725716,15,0.172218835802717,"M4"
"2021-09-12 17:06:45",117,0.178478236060614,117,0.204532340837138,117,0.187681046309665,117,0.193170322633354,117,0.167834786590215,117,0.205438543090834,117,0.181632636193089,117,0.226402039749794,117,0.169728933990867,117,0.194705694048572,"M4"
"2021-09-16 05:26:20",168,0.207807699792329,168,0.195200793793448,168,0.159490879809009,168,0.198411555049177,168,0.197022601621589,168,0.190842241081167,168,0.206679424959179,168,0.222816183733774,168,0.196357620707712,168,0.185154286033287,"M4"
"2021-09-17 17:14:41",15,0.160650319004503,15,0.182258646490414,15,0.176111150638065,15,0.19712309331306,15,0.175088190905745,15,0.1829751049246,15,0.186136405645225,15,0.210085408433454,15,0.152328037551609,15,0.183920663756142,"M4"
"2021-09-18 17:07:15",117,0.205651574125842,117,0.208126459151989,117,0.164261634939278,117,0.197121078348598,117,0.191958221910987,117,0.209032661405686,117,0.206966918579735,117,0.229996158064645,117,0.19154329433447,117,0.196233792111982,"M4"
"2021-09-22 05:27:00",168,0.191579887176623,168,0.192334273978588,168,0.188709006383396,168,0.201219998403955,168,0.207858206771043,168,0.199572700239075,168,0.181265992975951,168,0.221766167737529,168,0.208771344941483,168,0.189876896716093,"M4"
"2021-09-23 17:15:36",15,0.160650319004503,15,0.179212121190668,15,0.176111150638065,15,0.182561153094828,15,0.192933753572942,15,0.167969887186198,15,0.186136405645225,15,0.201252337185483,15,0.167238474275166,15,0.181910583782268,"M4"
"2021-09-24 17:06:45",117,0.192983348857233,117,0.209201124277734,117,0.191473744542344,117,0.202368315441432,117,0.211452325085895,117,0.203513885179679,117,0.181265992975951,117,0.222630902276571,117,0.205973960454976,117,0.184623554701425,"M4"
"2021-09-28 05:26:21",168,0.184435370003022,168,0.177578695524661,168,0.188709006383396,168,0.182561153094828,168,0.219123006523858,168,0.168896690622301,168,0.181265992975951,168,0.194124096759727,168,0.209498943441476,168,0.176378895504506,"M4"
"2021-09-29 17:14:41",15,0.186566430183624,15,0.180954020019467,15,0.177647283858887,15,0.197007617140608,15,0.227889581767453,15,0.169689749809397,15,0.186981455842411,15,0.21576502797038,15,0.212731503722499,15,0.168769511566797,"M4"
"2021-09-30 17:07:15",NA,NA,NA,NA,NA,NA,NA,NA,117,0.173326899180906,NA,NA,NA,NA,NA,NA,117,0.167848534549988,117,0.181910583782268,"M4"
"2021-10-04 05:27:00",NA,NA,NA,NA,NA,NA,NA,NA,168,0.198975424070501,NA,NA,NA,NA,NA,NA,168,0.201141711824222,168,0.189876896716093,"M4"
"2021-10-05 17:15:36",NA,NA,NA,NA,NA,NA,NA,NA,15,0.230756101582312,NA,NA,NA,NA,NA,NA,15,0.205060822284536,15,0.192542065178996,"M4"
"2021-10-06 17:06:45",NA,NA,NA,NA,NA,NA,NA,NA,117,0.201992363919284,NA,NA,NA,NA,NA,NA,117,0.196513999288365,117,0.196936683057265,"M4"
"2021-10-10 05:26:21",NA,NA,NA,NA,NA,NA,NA,NA,168,0.202482530529933,NA,NA,NA,NA,NA,NA,168,0.197847850899439,168,0.176378895504506,"M4"
"2021-10-11 17:14:41",NA,NA,NA,NA,NA,NA,NA,NA,15,0.220456779835894,NA,NA,NA,NA,NA,NA,15,0.194761500538118,15,0.181910583782268,"M4"
"2021-10-12 17:07:15",NA,NA,NA,NA,NA,NA,NA,NA,117,0.174790320647739,NA,NA,NA,NA,NA,NA,117,0.169311956016821,117,0.181910583782268,"M4"
"2022-05-09 17:15:34",NA,NA,NA,NA,NA,NA,NA,NA,NA,NA,NA,NA,NA,NA,NA,NA,NA,NA,15,0.214060349155428,"M4"
"2022-05-16 17:07:14",NA,NA,NA,NA,NA,NA,NA,NA,NA,NA,NA,NA,NA,NA,NA,NA,NA,NA,117,0.221457452846445,"M4"
"2022-05-20 05:26:59",NA,NA,NA,NA,NA,NA,NA,NA,NA,NA,NA,NA,NA,NA,NA,NA,NA,NA,168,0.221457452846445,"M4"
"2022-05-21 17:15:35",NA,NA,NA,NA,NA,NA,NA,NA,NA,NA,NA,NA,NA,NA,NA,NA,NA,NA,15,0.228550868007899,"M4"
"2022-05-28 17:07:14",NA,NA,NA,NA,NA,NA,NA,NA,NA,NA,NA,NA,NA,NA,NA,NA,NA,NA,117,0.224784669116053,"M4"
"2022-06-01 05:27:00",NA,NA,NA,NA,NA,NA,NA,NA,NA,NA,NA,NA,NA,NA,NA,NA,NA,NA,168,0.202426499986013,"M4"
"2022-06-21 17:07:16",NA,NA,117,0.191063026778126,NA,NA,117,0.193192277963576,117,0.167903962401307,117,0.177242640712323,NA,NA,117,0.212252662230639,117,0.186022166849381,117,0.20948124043393,"M4"
"2022-06-25 05:27:01",NA,NA,168,0.176830483908139,NA,NA,168,0.203157933250607,168,0.196245407758077,168,0.176126388015421,NA,NA,168,0.204445873848466,168,0.193624380910752,168,0.186855085426959,"M4"
"2022-06-26 17:15:37",NA,NA,15,0.18335245173444,NA,NA,15,0.203157933250607,15,0.190007704215296,15,0.176153068062402,NA,NA,15,0.205222150647096,15,0.189760320499881,15,0.211231282894415,"M4"
"2022-07-03 17:07:17",NA,NA,117,0.192598523743414,NA,NA,117,0.20390622086846,117,0.196516086287534,117,0.183257646571165,NA,NA,117,0.216284726474684,117,0.210702994377388,117,0.218279923363643,"M4"
"2022-07-07 05:27:02",NA,NA,168,0.181192358588063,NA,NA,168,0.191808421498526,168,0.203919413326953,168,0.190875701173605,NA,NA,168,0.210076948956523,168,0.240130802988469,168,0.216829399540147,"M4"
"2022-07-08 17:15:38",NA,NA,15,0.197632022242649,NA,NA,15,0.200129183199564,15,0.206403742018424,15,0.182649538957281,NA,NA,15,0.221640392207178,15,0.202931424995729,15,0.212002160793921,"M4"
"2022-07-15 17:07:18",NA,NA,117,0.199098503697997,NA,NA,117,0.172428194582348,117,0.203919413326953,117,0.185699783712528,NA,NA,117,0.220228955849633,117,0.232061594218877,117,0.23710148591751,"M4"
"2022-07-19 05:27:03",NA,NA,168,0.178340970707846,NA,NA,168,0.192501252972672,168,0.194396754341303,168,0.19067570453439,NA,NA,168,0.194886371942911,168,0.2160605412029,168,0.217311877802864,"M4"
"2022-07-20 17:15:39",15,0.199296260723328,15,0.178509230245385,15,0.19423767265241,15,0.190453284631043,15,0.203831712727525,15,0.173603333104625,15,0.215101389369424,15,0.2005494462402,15,0.218346400201871,15,0.212274894639023,"M4"
"2022-07-27 17:07:18",117,0.189514555423299,117,0.22148448026911,117,0.208526825927507,117,0.218912913266325,117,0.176866289691612,117,0.216092164787448,117,0.186053059916188,117,0.239957675985442,117,0.194738594972089,117,0.23824966607822,"M4"
"2022-07-31 05:27:04",168,0.201515663778245,168,0.192293101741986,168,0.175769910640891,168,0.218135719402812,168,0.192144216461014,168,0.195678806946003,168,0.213743630837239,168,0.224996259286233,168,0.20777928756439,168,0.236261047033863,"M4"
"2022-08-01 17:15:39",15,0.20408884403101,15,0.201875750405773,15,0.181679796607819,15,0.206303686585391,15,0.213427001353453,15,0.179678907993861,15,0.191305091730423,15,0.227942119291766,15,0.187634016463326,15,0.207395208908085,"M4"
"2022-08-08 17:07:19",NA,NA,117,0.193934503334368,NA,NA,117,0.184033612683245,117,0.204998232964242,117,0.196618876358486,NA,NA,117,0.204203222341666,117,0.197117625220147,117,0.201167397007747,"M4"
"2022-08-12 05:27:04",NA,NA,168,0.176028358224433,NA,NA,168,0.191808421498526,168,0.194085257875964,168,0.184198213610821,NA,NA,168,0.204912948592893,168,0.174806279448423,168,0.205881102087383,"M4"
"2022-08-13 17:15:40",NA,NA,15,0.181643694128734,NA,NA,15,0.184942745225517,15,0.223045672881304,15,0.16819233496529,NA,NA,15,0.198022013056052,15,0.191807523835931,15,0.207834192496195,"M4"
"2022-08-20 17:07:20",NA,NA,117,0.193934503334368,NA,NA,117,0.18771423884532,117,0.197864600707389,117,0.196618876358486,NA,NA,117,0.204203222341666,117,0.190691271139029,117,0.19784018073814,"M4"
"2022-08-25 17:15:41",NA,NA,15,0.194107698712284,NA,NA,15,0.201348062248127,15,0.207689390378588,15,0.193032998220682,NA,NA,15,0.217793901443555,15,0.204279457198918,15,0.213145280428238,"M4"
"2022-09-01 17:07:20",117,0.20408884403101,117,0.202578641351056,117,0.204899548501062,117,0.198411555049177,117,0.192603098614564,117,0.179215574511096,117,0.187977499226412,117,0.228645010237049,117,0.201698669914721,117,0.195750753059522,"M4"
"2022-09-05 05:27:06",168,0.229994359981191,168,0.184537299979776,168,0.197016180127438,168,0.207241382201819,168,0.21883301332643,168,0.170540931701522,168,0.223574587127385,168,0.219871991108965,168,0.248947128674365,168,0.213145280428238,"M4"
"2022-09-06 17:15:42",15,0.233164390063617,15,0.202578641351056,15,0.209785750090626,15,0.199125312737931,15,0.238715400472801,15,0.179215574511096,15,0.231505786962102,15,0.228645010237049,15,0.237964062502308,15,0.20785854239085,"M4"
"2022-09-13 17:07:21",117,0.180713934107637,117,0.209201124277734,117,0.205882882506743,117,0.19712309331306,117,0.190678440703409,117,0.18171897573658,117,0.174330181571394,117,0.222630902276571,117,0.194282789837732,117,0.204956423593458,"M4"
"2022-09-17 05:27:06",168,0.207051343538693,168,0.192334273978588,168,0.207251980927658,168,0.201219998403955,168,0.192148840501917,168,0.182174780870937,168,0.197838271344221,168,0.221766167737529,168,0.191779388612248,168,0.210962674763559,"M4"
"2022-09-18 17:15:41",15,0.197671925357402,15,0.179426615663743,15,0.193897675629999,15,0.195480212784885,15,0.216368968753622,15,0.16581456069364,15,0.193692962092871,15,0.214237623614656,15,0.194738594972089,15,0.212685781137075,"M4"
"2022-09-25 17:07:21",117,0.209182403719296,117,0.202578641351056,117,0.206190025201641,117,0.198411555049177,117,0.19769665830285,117,0.179215574511096,117,0.191156314808773,117,0.228645010237049,117,0.187551398376811,117,0.20785854239085,"M4"
"2022-09-29 05:27:06",168,0.212521483045442,168,0.172904647837443,168,0.181614395404076,168,0.195480212784885,168,0.200862403176103,168,0.16581456069364,168,0.225507652466911,168,0.213461346816027,168,0.214872702725844,168,0.201737483684312,"M4"
