S1A_IW_GRDH_1SDV_20220104T170713_20220104T170738_041314_04E951_4CA1_VH_12_month_temporalfilter,S1A_IW_GRDH_1SDV_20220108T052658_20220108T052723_041365_04EB00_40A2_VH_12_month_temporalfilter,S1A_IW_GRDH_1SDV_20220108T052723_20220108T052748_041365_04EB00_165A_VH_12_month_temporalfilter,S1A_IW_GRDH_1SDV_20220109T171533_20220109T171558_041387_04EBB7_B101_VH_12_month_temporalfilter,S1A_IW_GRDH_1SDV_20220116T170712_20220116T170737_041489_04EF08_45F6_VH_12_month_temporalfilter,S1A_IW_GRDH_1SDV_20220120T052657_20220120T052722_041540_04F0B2_3FEB_VH_12_month_temporalfilter,S1A_IW_GRDH_1SDV_20220120T052722_20220120T052747_041540_04F0B2_AC67_VH_12_month_temporalfilter,S1A_IW_GRDH_1SDV_20220121T171533_20220121T171558_041562_04F172_0268_VH_12_month_temporalfilter,S1A_IW_GRDH_1SDV_20220128T170712_20220128T170737_041664_04F4F6_FFD4_VH_12_month_temporalfilter,S1A_IW_GRDH_1SDV_20220201T052656_20220201T052721_041715_04F6B0_B21C_VH_12_month_temporalfilter,S1A_IW_GRDH_1SDV_20220201T052721_20220201T052746_041715_04F6B0_C0EA_VH_12_month_temporalfilter,S1A_IW_GRDH_1SDV_20220202T171532_20220202T171557_041737_04F770_71EF_VH_12_month_temporalfilter,S1A_IW_GRDH_1SDV_20220209T170711_20220209T170736_041839_04FB16_3441_VH_12_month_temporalfilter,S1A_IW_GRDH_1SDV_20220213T052656_20220213T052721_041890_04FCC8_71D7_VH_12_month_temporalfilter,S1A_IW_GRDH_1SDV_20220213T052721_20220213T052746_041890_04FCC8_6DA8_VH_12_month_temporalfilter,S1A_IW_GRDH_1SDV_20220214T171532_20220214T171557_041912_04FD8C_9925_VH_12_month_temporalfilter,S1A_IW_GRDH_1SDV_20220221T170711_20220221T170736_042014_050129_F2E4_VH_12_month_temporalfilter,S1A_IW_GRDH_1SDV_20220225T052656_20220225T052721_042065_0502D5_FA0F_VH_12_month_temporalfilter,S1A_IW_GRDH_1SDV_20220225T052721_20220225T052746_042065_0502D5_DBBA_VH_12_month_temporalfilter,S1A_IW_GRDH_1SDV_20220226T171532_20220226T171557_042087_050391_B719_VH_12_month_temporalfilter,S1A_IW_GRDH_1SDV_20220305T170711_20220305T170736_042189_050719_8B0A_VH_12_month_temporalfilter,S1A_IW_GRDH_1SDV_20220309T052656_20220309T052721_042240_0508CF_9F14_VH_12_month_temporalfilter,S1A_IW_GRDH_1SDV_20220309T052721_20220309T052746_042240_0508CF_1F63_VH_12_month_temporalfilter,S1A_IW_GRDH_1SDV_20220310T171532_20220310T171557_042262_05097D_8433_VH_12_month_temporalfilter,S1A_IW_GRDH_1SDV_20220317T170711_20220317T170736_042364_050D07_C583_VH_12_month_temporalfilter,S1A_IW_GRDH_1SDV_20220321T052656_20220321T052721_042415_050EB8_063B_VH_12_month_temporalfilter,S1A_IW_GRDH_1SDV_20220321T052721_20220321T052746_042415_050EB8_6135_VH_12_month_temporalfilter,S1A_IW_GRDH_1SDV_20220322T171532_20220322T171557_042437_050F75_A314_VH_12_month_temporalfilter,S1A_IW_GRDH_1SDV_20220329T170711_20220329T170736_042539_0512FB_E712_VH_12_month_temporalfilter,S1A_IW_GRDH_1SDV_20220402T052657_20220402T052722_042590_0514A4_AA9E_VH_12_month_temporalfilter,S1A_IW_GRDH_1SDV_20220402T052722_20220402T052747_042590_0514A4_9DA3_VH_12_month_temporalfilter,S1A_IW_GRDH_1SDV_20220403T171532_20220403T171557_042612_051565_51E7_VH_12_month_temporalfilter,S1A_IW_GRDH_1SDV_20220410T170712_20220410T170737_042714_0518DD_0B5A_VH_12_month_temporalfilter,S1A_IW_GRDH_1SDV_20220415T171533_20220415T171558_042787_051B4B_85D0_VH_12_month_temporalfilter,S1A_IW_GRDH_1SDV_20220422T170712_20220422T170737_042889_051EB3_183F_VH_12_month_temporalfilter,S1A_IW_GRDH_1SDV_20220426T052658_20220426T052723_042940_05204A_DAE8_VH_12_month_temporalfilter,S1A_IW_GRDH_1SDV_20220426T052723_20220426T052748_042940_05204A_3BEA_VH_12_month_temporalfilter,S1A_IW_GRDH_1SDV_20220427T171533_20220427T171558_042962_052109_B6C9_VH_12_month_temporalfilter,S1A_IW_GRDH_1SDV_20220504T170712_20220504T170737_043064_05247C_AB77_VH_12_month_temporalfilter,S1A_IW_GRDH_1SDV_20220508T052658_20220508T052723_043115_052620_2A56_VH_12_month_temporalfilter,S1A_IW_GRDH_1SDV_20220508T052723_20220508T052748_043115_052620_7761_VH_12_month_temporalfilter,S1A_IW_GRDH_1SDV_20220509T171534_20220509T171559_043137_0526DF_2A6B_VH_12_month_temporalfilter,S1A_IW_GRDH_1SDV_20220516T170714_20220516T170739_043239_0529F7_DE4A_VH_12_month_temporalfilter,S1A_IW_GRDH_1SDV_20220520T052659_20220520T052724_043290_052B73_0125_VH_12_month_temporalfilter,S1A_IW_GRDH_1SDV_20220520T052724_20220520T052749_043290_052B73_22A5_VH_12_month_temporalfilter,S1A_IW_GRDH_1SDV_20220521T171535_20220521T171600_043312_052C17_9CFA_VH_12_month_temporalfilter,S1A_IW_GRDH_1SDV_20220528T170714_20220528T170739_043414_052F24_82D7_VH_12_month_temporalfilter,S1A_IW_GRDH_1SDV_20220601T052700_20220601T052725_043465_0530A1_8232_VH_12_month_temporalfilter,S1A_IW_GRDH_1SDV_20220601T052725_20220601T052750_043465_0530A1_476B_VH_12_month_temporalfilter,S1A_IW_GRDH_1SDV_20220602T171536_20220602T171601_043487_05313E_E0C1_VH_12_month_temporalfilter,S1A_IW_GRDH_1SDV_20220613T052701_20220613T052726_043640_0535D2_CE84_VH_12_month_temporalfilter,S1A_IW_GRDH_1SDV_20220613T052726_20220613T052751_043640_0535D2_8BC2_VH_12_month_temporalfilter,S1A_IW_GRDH_1SDV_20220614T171536_20220614T171601_043662_053678_3FE9_VH_12_month_temporalfilter,S1A_IW_GRDH_1SDV_20220621T170716_20220621T170741_043764_053992_6333_VH_12_month_temporalfilter,S1A_IW_GRDH_1SDV_20220625T052701_20220625T052726_043815_053B13_FB9F_VH_12_month_temporalfilter,S1A_IW_GRDH_1SDV_20220625T052726_20220625T052751_043815_053B13_5CC1_VH_12_month_temporalfilter,S1A_IW_GRDH_1SDV_20220626T171537_20220626T171602_043837_053BBA_4EEE_VH_12_month_temporalfilter,S1A_IW_GRDH_1SDV_20220703T170717_20220703T170742_043939_053EC1_C54A_VH_12_month_temporalfilter,S1A_IW_GRDH_1SDV_20220707T052702_20220707T052727_043990_054042_D257_VH_12_month_temporalfilter,S1A_IW_GRDH_1SDV_20220707T052727_20220707T052752_043990_054042_F600_VH_12_month_temporalfilter,S1A_IW_GRDH_1SDV_20220708T171538_20220708T171603_044012_0540E8_D907_VH_12_month_temporalfilter,S1A_IW_GRDH_1SDV_20220715T170718_20220715T170743_044114_0543FE_CAB1_VH_12_month_temporalfilter,S1A_IW_GRDH_1SDV_20220719T052703_20220719T052728_044165_054588_EA39_VH_12_month_temporalfilter,S1A_IW_GRDH_1SDV_20220719T052728_20220719T052753_044165_054588_53BB_VH_12_month_temporalfilter,S1A_IW_GRDH_1SDV_20220720T171539_20220720T171604_044187_05462D_84B2_VH_12_month_temporalfilter,S1A_IW_GRDH_1SDV_20220727T170718_20220727T170743_044289_054937_ADCF_VH_12_month_temporalfilter,S1A_IW_GRDH_1SDV_20220731T052704_20220731T052729_044340_054AAA_1B48_VH_12_month_temporalfilter,S1A_IW_GRDH_1SDV_20220731T052729_20220731T052754_044340_054AAA_146D_VH_12_month_temporalfilter,S1A_IW_GRDH_1SDV_20220801T171539_20220801T171604_044362_054B51_5F8F_VH_12_month_temporalfilter,S1A_IW_GRDH_1SDV_20220808T170719_20220808T170744_044464_054E50_D8BE_VH_12_month_temporalfilter,S1A_IW_GRDH_1SDV_20220812T052704_20220812T052729_044515_054FF1_C59E_VH_12_month_temporalfilter,S1A_IW_GRDH_1SDV_20220812T052729_20220812T052754_044515_054FF1_4315_VH_12_month_temporalfilter,S1A_IW_GRDH_1SDV_20220813T171540_20220813T171605_044537_0550B5_FABE_VH_12_month_temporalfilter,S1A_IW_GRDH_1SDV_20220820T170720_20220820T170745_044639_055432_8B7E_VH_12_month_temporalfilter,S1A_IW_GRDH_1SDV_20220825T171541_20220825T171606_044712_05569A_1342_VH_12_month_temporalfilter,S1A_IW_GRDH_1SDV_20220901T170720_20220901T170745_044814_055A19_AD07_VH_12_month_temporalfilter,S1A_IW_GRDH_1SDV_20220905T052706_20220905T052731_044865_055BC8_3A1A_VH_12_month_temporalfilter,S1A_IW_GRDH_1SDV_20220905T052731_20220905T052756_044865_055BC8_1160_VH_12_month_temporalfilter,S1A_IW_GRDH_1SDV_20220906T171542_20220906T171607_044887_055C8B_F03E_VH_12_month_temporalfilter,S1A_IW_GRDH_1SDV_20220913T170721_20220913T170746_044989_055FF8_7417_VH_12_month_temporalfilter,S1A_IW_GRDH_1SDV_20220917T052706_20220917T052731_045040_0561A9_F2BC_VH_12_month_temporalfilter,S1A_IW_GRDH_1SDV_20220917T052731_20220917T052756_045040_0561A9_43D7_VH_12_month_temporalfilter,S1A_IW_GRDH_1SDV_20220918T171541_20220918T171606_045062_056267_F750_VH_12_month_temporalfilter,S1A_IW_GRDH_1SDV_20220925T170721_20220925T170746_045164_0565E1_2009_VH_12_month_temporalfilter,S1A_IW_GRDH_1SDV_20220929T052706_20220929T052731_045215_05677E_5B2E_VH_12_month_temporalfilter,S1A_IW_GRDH_1SDV_20220929T052731_20220929T052756_045215_05677E_F39D_VH_12_month_temporalfilter,S1A_IW_GRDH_1SDV_20220930T171542_20220930T171607_045237_056843_637A_VH_12_month_temporalfilter,S1A_IW_GRDH_1SDV_20221007T170721_20221007T170746_045339_056BBA_428D_VH_12_month_temporalfilter,S1A_IW_GRDH_1SDV_20221011T052706_20221011T052731_045390_056D69_29BF_VH_12_month_temporalfilter,S1A_IW_GRDH_1SDV_20221011T052731_20221011T052756_045390_056D69_134F_VH_12_month_temporalfilter,S1A_IW_GRDH_1SDV_20221012T171542_20221012T171607_045412_056E2B_6FBE_VH_12_month_temporalfilter,S1A_IW_GRDH_1SDV_20221019T170721_20221019T170746_045514_057116_E59E_VH_12_month_temporalfilter,S1A_IW_GRDH_1SDV_20221023T052706_20221023T052731_045565_057294_68D9_VH_12_month_temporalfilter,S1A_IW_GRDH_1SDV_20221023T052731_20221023T052756_045565_057294_BDBC_VH_12_month_temporalfilter,S1A_IW_GRDH_1SDV_20221024T171542_20221024T171607_045587_057357_E910_VH_12_month_temporalfilter,S1A_IW_GRDH_1SDV_20221031T170721_20221031T170746_045689_0576D7_DD53_VH_12_month_temporalfilter,S1A_IW_GRDH_1SDV_20221104T052706_20221104T052731_045740_057878_2160_VH_12_month_temporalfilter,S1A_IW_GRDH_1SDV_20221104T052731_20221104T052756_045740_057878_FC73_VH_12_month_temporalfilter,S1A_IW_GRDH_1SDV_20221105T171542_20221105T171607_045762_05793E_E53F_VH_12_month_temporalfilter,S1A_IW_GRDH_1SDV_20221112T170721_20221112T170746_045864_057CBE_38A4_VH_12_month_temporalfilter,S1A_IW_GRDH_1SDV_20221116T052706_20221116T052731_045915_057E6A_8F31_VH_12_month_temporalfilter,S1A_IW_GRDH_1SDV_20221116T052731_20221116T052756_045915_057E6A_A063_VH_12_month_temporalfilter,S1A_IW_GRDH_1SDV_20221117T171541_20221117T171606_045937_057F23_81A3_VH_12_month_temporalfilter,S1A_IW_GRDH_1SDV_20221124T170721_20221124T170746_046039_0582A3_C30A_VH_12_month_temporalfilter,S1A_IW_GRDH_1SDV_20221128T052706_20221128T052731_046090_058452_4D67_VH_12_month_temporalfilter,S1A_IW_GRDH_1SDV_20221128T052731_20221128T052756_046090_058452_9A7C_VH_12_month_temporalfilter,S1A_IW_GRDH_1SDV_20221129T171541_20221129T171606_046112_058516_1899_VH_12_month_temporalfilter,S1A_IW_GRDH_1SDV_20221206T170720_20221206T170745_046214_05889F_CD89_VH_12_month_temporalfilter,S1A_IW_GRDH_1SDV_20221210T052705_20221210T052730_046265_058A4F_B10C_VH_12_month_temporalfilter,S1A_IW_GRDH_1SDV_20221210T052730_20221210T052755_046265_058A4F_EC57_VH_12_month_temporalfilter,S1A_IW_GRDH_1SDV_20221211T171541_20221211T171606_046287_058B0F_A90A_VH_12_month_temporalfilter,S1A_IW_GRDH_1SDV_20221218T170719_20221218T170744_046389_058E9C_2164_VH_12_month_temporalfilter,S1A_IW_GRDH_1SDV_20221222T052704_20221222T052729_046440_059046_880F_VH_12_month_temporalfilter,S1A_IW_GRDH_1SDV_20221222T052729_20221222T052754_046440_059046_BBFC_VH_12_month_temporalfilter,S1A_IW_GRDH_1SDV_20221223T171540_20221223T171605_046462_059108_2A73_VH_12_month_temporalfilter,S1A_IW_GRDH_1SDV_20221230T170719_20221230T170744_046564_059481_54B4_VH_12_month_temporalfilter,S1A_IW_GRDH_1SDV_20230103T052704_20230103T052729_046615_059639_AC89_VH_12_month_temporalfilter,S1A_IW_GRDH_1SDV_20230103T052729_20230103T052754_046615_059639_A401_VH_12_month_temporalfilter,S1A_IW_GRDH_1SDV_20230104T171539_20230104T171604_046637_0596FA_E1D8_VH_12_month_temporalfilter,S1A_IW_GRDH_1SDV_20230111T170718_20230111T170743_046739_059A6C_6B5D_VH_12_month_temporalfilter,S1A_IW_GRDH_1SDV_20230115T052703_20230115T052728_046790_059C18_0437_VH_12_month_temporalfilter,S1A_IW_GRDH_1SDV_20230115T052728_20230115T052753_046790_059C18_3F26_VH_12_month_temporalfilter,S1A_IW_GRDH_1SDV_20230116T171538_20230116T171603_046812_059CDB_9B72_VH_12_month_temporalfilter,S1A_IW_GRDH_1SDV_20230123T170718_20230123T170743_046914_05A054_ED7D_VH_12_month_temporalfilter,S1A_IW_GRDH_1SDV_20230127T052703_20230127T052728_046965_05A203_8DE6_VH_12_month_temporalfilter,S1A_IW_GRDH_1SDV_20230127T052728_20230127T052753_046965_05A203_1E81_VH_12_month_temporalfilter,S1A_IW_GRDH_1SDV_20230128T171539_20230128T171604_046987_05A2C2_5680_VH_12_month_temporalfilter,S1A_IW_GRDH_1SDV_20230204T170717_20230204T170742_047089_05A629_4D8D_VH_12_month_temporalfilter,S1A_IW_GRDH_1SDV_20230208T052702_20230208T052727_047140_05A7DD_501A_VH_12_month_temporalfilter,S1A_IW_GRDH_1SDV_20230208T052727_20230208T052752_047140_05A7DD_A22E_VH_12_month_temporalfilter,S1A_IW_GRDH_1SDV_20230209T171538_20230209T171603_047162_05A897_4CD0_VH_12_month_temporalfilter,S1A_IW_GRDH_1SDV_20230216T170717_20230216T170742_047264_05AC0C_51F5_VH_12_month_temporalfilter,S1A_IW_GRDH_1SDV_20230220T052702_20230220T052727_047315_05ADC6_CB9E_VH_12_month_temporalfilter,S1A_IW_GRDH_1SDV_20230220T052727_20230220T052752_047315_05ADC6_9AD9_VH_12_month_temporalfilter,S1A_IW_GRDH_1SDV_20230221T171537_20230221T171602_047337_05AE8C_65D8_VH_12_month_temporalfilter,S1A_IW_GRDH_1SDV_20230228T170717_20230228T170742_047439_05B200_5B02_VH_12_month_temporalfilter,S1A_IW_GRDH_1SDV_20230304T052702_20230304T052727_047490_05B3B1_89D0_VH_12_month_temporalfilter,S1A_IW_GRDH_1SDV_20230304T052727_20230304T052752_047490_05B3B1_201F_VH_12_month_temporalfilter,S1A_IW_GRDH_1SDV_20230305T171538_20230305T171603_047512_05B476_51C2_VH_12_month_temporalfilter,S1A_IW_GRDH_1SDV_20230312T170717_20230312T170742_047614_05B7EA_25DE_VH_12_month_temporalfilter,S1A_IW_GRDH_1SDV_20230316T052701_20230316T052726_047665_05B99A_879C_VH_12_month_temporalfilter,S1A_IW_GRDH_1SDV_20230316T052726_20230316T052751_047665_05B99A_2F26_VH_12_month_temporalfilter,S1A_IW_GRDH_1SDV_20230317T171537_20230317T171602_047687_05BA62_E373_VH_12_month_temporalfilter,S1A_IW_GRDH_1SDV_20230324T170717_20230324T170742_047789_05BDCF_DDC0_VH_12_month_temporalfilter,S1A_IW_GRDH_1SDV_20230328T052702_20230328T052727_047840_05BF83_D28F_VH_12_month_temporalfilter,S1A_IW_GRDH_1SDV_20230328T052727_20230328T052752_047840_05BF83_BBA9_VH_12_month_temporalfilter,S1A_IW_GRDH_1SDV_20230329T171538_20230329T171603_047862_05C048_7DBF_VH_12_month_temporalfilter,S1A_IW_GRDH_1SDV_20230405T170717_20230405T170742_047964_05C3B7_77A6_VH_12_month_temporalfilter,S1A_IW_GRDH_1SDV_20230409T052703_20230409T052728_048015_05C56B_6F70_VH_12_month_temporalfilter,S1A_IW_GRDH_1SDV_20230409T052728_20230409T052753_048015_05C56B_6180_VH_12_month_temporalfilter,S1A_IW_GRDH_1SDV_20230410T171539_20230410T171604_048037_05C630_C38D_VH_12_month_temporalfilter,S1A_IW_GRDH_1SDV_20230417T170718_20230417T170743_048139_05C9A1_526D_VH_12_month_temporalfilter,S1A_IW_GRDH_1SDV_20230421T052702_20230421T052727_048190_05CB44_8D2C_VH_12_month_temporalfilter,S1A_IW_GRDH_1SDV_20230421T052727_20230421T052752_048190_05CB44_8EFC_VH_12_month_temporalfilter,S1A_IW_GRDH_1SDV_20230422T171539_20230422T171604_048212_05CC09_24C9_VH_12_month_temporalfilter,S1A_IW_GRDH_1SDV_20230429T170718_20230429T170743_048314_05CF81_AA04_VH_12_month_temporalfilter,S1A_IW_GRDH_1SDV_20230503T052703_20230503T052728_048365_05D12D_A085_VH_12_month_temporalfilter,S1A_IW_GRDH_1SDV_20230503T052728_20230503T052753_048365_05D12D_2EB3_VH_12_month_temporalfilter,S1A_IW_GRDH_1SDV_20230504T171539_20230504T171604_048387_05D1E8_3EDC_VH_12_month_temporalfilter,S1A_IW_GRDH_1SDV_20230511T170719_20230511T170744_048489_05D52B_F45D_VH_12_month_temporalfilter,S1A_IW_GRDH_1SDV_20230515T052704_20230515T052729_048540_05D6AC_12FB_VH_12_month_temporalfilter,S1A_IW_GRDH_1SDV_20230515T052729_20230515T052754_048540_05D6AC_72B5_VH_12_month_temporalfilter,S1A_IW_GRDH_1SDV_20230516T171540_20230516T171605_048562_05D752_60F8_VH_12_month_temporalfilter,S1A_IW_GRDH_1SDV_20230523T170719_20230523T170744_048664_05DA5B_DC3D_VH_12_month_temporalfilter,system:index,Altitude_a,Latitude,Land_use,Aspect,Longitude,Station_na,Altitude
-16.446939691889803,,-19.500267997186597,-16.1381507869221,-13.834342743367031,,-21.46608908780902,-18.762137558050508,-17.262733448226548,,-20.378908689909228,-17.54025842536915,-19.073849540068352,,-19.83277316659642,-17.53308302768129,-16.202848484141178,,-24.16876495955924,-18.003134266999087,-21.031650270416566,,-19.434085398857317,-20.411162721697778,-21.257331740280012,,-20.258776119131518,-18.59938623761846,-15.832134376465055,,-22.090497791039073,-19.442406928286726,-17.530498551026774,-18.292526203165693,-14.758413277285289,,-20.525499609393247,-18.393528405966013,-18.69218749436656,,-15.792664312141042,-15.500271859989015,-12.786052738007838,,-16.906674806213662,-15.138645982252847,-14.105223019002697,,-15.827146449618851,-15.832863784936755,,-17.198675791782478,-18.028979512135564,-14.01418302154748,,-19.20467173672081,-16.857165255920677,-19.036552771610012,,-15.08718509762261,-16.13307554267344,-14.632669509665794,,-15.788376298986282,-15.029528565726919,-16.884978383166704,,-16.354605924334965,-16.15771439696506,-15.23836539583184,,-18.7811371799695,-12.831442742024404,-14.86260719337542,-15.853425231659408,-18.18015422535711,,-17.15932412167142,-16.78748274676052,-14.769744349129883,,-16.975301103017085,-20.174753956154568,-12.57847813089542,,-17.432145644233824,-16.31933048908516,-13.578645787529116,,-15.222802848551442,-19.419614502636456,-16.20971613417387,,-17.84517116429803,-11.694795017225903,-19.249734728867033,,-17.24524129546598,-16.88383865292645,-14.920099300532069,,-14.332293385824928,-14.605239553846081,-21.084646092720956,,-19.615355154108716,-13.931817655684245,-18.67884885204188,,-17.510866954387584,-21.375987430385205,-14.637914545703115,,-22.69525132230865,-17.966212102134747,-15.364336700678374,,-18.602986865539677,-23.29262170221838,-17.402474410418563,,-19.669786783054445,-17.924567069742782,-19.864710490911,,-18.528180308832194,-19.36905084200398,-14.023102502272264,,-21.269602844670366,-19.39644790607983,-18.727478806990877,,-20.838693565060566,-16.841346288278455,-16.83480389395392,,-22.55125309268461,-20.684838394469033,-20.209307222540293,,-18.842473372256535,-17.652278937598066,-18.238542317517027,,-21.888137209462215,-14.697309133971908,-19.47703263155355,,-23.23972072944708,-19.941173620709655,-15.358404367694781,,-18.08708822719661,-14.681932307579583,-17.536078636978917,,-22.95067479963988,-14.277962210851356,-17.51787278700256,,-16.923465274918826,-20.84546069251016,-13.309256531374627,0,1000,46.66121887,Meadow,South,10.59024912,B1,990
-18.87779508318889,,-25.525105549981298,-22.996647273057004,-20.934769212417415,,-22.816397619061064,-26.490766362017883,-20.180693072583843,,-23.954329121277578,-21.239751054623103,-24.313345328063267,,-23.22331071380717,-23.55086392127935,-18.695987841410247,,-24.426942369023546,-20.139171455807833,-24.56637358525379,,-27.96763868648381,-22.589932153995896,-21.312081981233785,,-25.619542827224926,-21.44927844063886,-20.860391806723996,,-24.989103504027803,-26.29511393041055,-26.17913908911898,-22.31537916479554,-21.23717165173469,,-21.582348089133827,-19.8314077132951,-15.397691140257773,,-19.94769981280516,-20.630741837986953,-17.760895552319166,,-17.902547879117485,-20.526197187167554,-17.21099935052399,,-16.064987372720495,-18.425023087805286,,-15.345755022416993,-17.419901783425885,-15.475683756946221,,-22.256625228953204,-17.428912054429603,-21.078441468407135,,-17.429050338143874,-18.592389601973675,-16.94430929926009,,-18.975133426153544,-15.556217579460128,-22.736984440920665,,-20.62644121468598,-19.646359058380824,-14.785473801976481,,-19.751340577512135,-19.296772207056144,-16.5020227367013,-17.160234769133293,-16.179618778971196,,-19.275208366530535,-17.200082502686755,-18.979692079610466,,-20.37999408563687,-18.83816816776422,-17.63641760718692,,-18.300300368558243,-14.532121073196546,-17.042777148453638,,-21.25570985723109,-17.57947334221647,-16.00095451060646,,-19.20115343131467,-15.565575038690344,-17.798310578442944,,-18.55682624325295,-19.5817798418993,-18.216444909443855,,-17.25976771129733,-17.894210787950318,-20.318525401152428,,-24.546976429462784,-20.96927334302024,-21.171727261991677,,-25.725680608379843,-25.555709140876388,-21.452940040457765,,-24.170342206177825,-21.959882713442234,-19.580326172896257,,-22.924604616606935,-21.31628708949035,-18.35262034909587,,-22.5954550826851,-20.44634630208104,-21.77579762290154,,-23.00089503250831,-26.745017217766588,-19.24885923335334,,-25.652182835033624,-19.980501644954487,-18.694596310516758,,-25.289419525716582,-20.775366830404828,-20.340000454612813,,-25.138646510465815,-21.00059655115684,-21.22578519748552,,-23.173142040712452,-18.864891372330156,-22.285581575714687,,-25.41315445351113,-19.663258347415958,-20.28370362892307,,-21.761398177798178,-19.600677678128232,-18.141944049423312,,-24.607801647082738,-21.148185742650796,-16.51273437383059,,-20.799064739147934,-18.62321015365933,-20.5195583065387,,-19.902836863949727,-16.745023621471194,-14.734600430208015,1,1500,46.6862577,Meadow,South,10.5798452,B2,1490
-20.267913956075517,,-22.30346713761856,-23.20177073505762,-19.113279121393248,,-23.45447772458739,-22.717435854147357,-24.01897944503923,,-23.069340989311694,-24.279522198470577,-23.110308549449357,,-21.810021357048065,-21.37651299979656,-19.813020444764227,,-25.177886583855937,-22.46005865125738,-20.68110934803144,,-21.865003646527065,-24.80590904610072,-21.802645381761707,,-22.80971023750108,-21.309528443266824,-22.82287682361341,,-21.357294923136912,-22.13314570864686,-27.576111610963654,-20.607408876165362,-24.994666200655434,,-17.88948070988326,-21.927417308780374,-22.442360961088124,,-19.546490462622096,-19.981309046083314,-20.12376661150627,,-17.187172647281624,-22.8696985038647,-22.850884962560983,,-21.73801955851335,-21.960808535591198,,-19.277954812815178,-21.520871486229176,-23.174606975764796,,-20.55759113240057,-20.056127698593798,-18.75687517696711,,-17.85013376268812,-20.971588116092757,-23.60604929495404,,-16.990048401571105,-19.137507243310232,-22.104731744814828,,-16.398792893625227,-20.152067244675465,-19.367364551422373,,-19.428474929002387,-22.088185927159728,-22.843705603163368,-19.915022502808693,-21.250534686663055,,-20.188175819593912,-21.62813673443369,-20.05890778327771,,-16.916972701294448,-23.806396651174563,-19.013684210082676,,-17.491825842664706,-19.40029227224604,-17.83361704795384,,-22.693321267156577,-20.690876598124987,-20.50181796903429,,-22.803455024550136,-21.09660089211318,-21.715234066947037,,-22.837780639991326,-22.38993670692954,-19.32115946714646,,-16.553484372817895,-21.966316411735384,-25.970787714765322,,-22.48516550466548,-20.050728363420347,-24.515015090281075,,-22.48706617041812,-20.91292719003025,-24.64929834610141,,-25.137788579223486,-23.00028484230561,-23.839646298978955,,-19.263976678188367,-23.302830636229224,-23.524211436846464,,-20.503672545298702,-23.6205683333485,-24.94130138938415,,-25.672067620819693,-21.301689876418394,-20.624212643320345,,-25.890214347259786,-16.893547182140754,-22.630542093010966,,-23.770981288991425,-18.44199725149075,-17.715368639009125,,-25.184154939583184,-20.066231489429505,-18.838916673235854,,-22.00412698155645,-22.053288816557796,-19.718426033717883,,-24.212436554905956,-22.697423471937572,-19.16055690140666,,-22.77622763190807,-20.661486948232216,-20.406795075401966,,-22.5746864612255,-19.89530953164162,-19.34299323789542,,-16.407445797536788,-21.808848002254685,-21.723887488470325,,-22.25500596896506,-19.09436513507925,-20.923495750897732,2,2000,46.69173286,Meadow,Flat,10.59188535,B3,1930
-20.191302547358447,-22.993197262486188,,-28.646720742950272,-19.29108990788015,-19.419786841597237,,-25.712147090157355,-22.257229163852152,-16.59736436416965,,-25.01953425343054,-21.18012688268663,-19.937198342916233,,-24.3973104472296,-21.85425893640769,-15.069978651195846,,-26.888927312836014,-29.208711909668313,-19.694918404327332,,-19.707870215166118,-23.362014612139276,-21.494462508345393,,-21.841175867224386,-23.666063157036326,-16.234054270292027,,-21.143210204461514,-20.93304002463836,-19.086523958238505,-19.875703715604963,-18.648041760943805,,-18.864599563399594,-18.225217272780633,-16.04456702158789,,-17.138122454595855,-20.668556956764874,-17.980990073507627,,-18.480844077281393,-16.99488528193004,-16.073177691889512,,-19.832885254784863,-17.121503908730915,,-20.209522842845722,-21.869848758854925,-19.009998403472043,,-19.58798084255031,-16.57759370397377,-18.517537245479158,,-21.1461061600443,-19.51295682291207,-15.438542481452075,,-20.116068638100508,-18.178934469463844,-16.541796193260293,,-19.061651910758307,-17.742792859564272,-12.251638631728397,,-23.59015792918735,-18.64914639836593,-19.342663299027024,-19.512787616227353,-16.095814868185137,,-20.04607801808998,-20.37713044554379,-17.63825387416304,,-19.694030588666205,-22.03713724199737,-17.900036741046325,,-20.24933103934802,-21.083116229193223,-17.25935926308648,,-21.901839949000976,-18.803987413382657,-14.962563365212473,,-20.720587287423683,-17.617576351330047,-13.598889223556363,,-18.510543973889256,-16.73655566504611,-15.294877806187603,,-22.147539925869776,-19.828871732249517,-20.322799464660974,,-23.813577970156878,-20.030519861862505,-21.967086462538784,,-23.255203922699444,-26.749065860339705,-18.5374409999142,,-20.894916069004484,-20.7092279421761,-22.675810627280182,,-21.72930603863213,-24.017726540144388,-20.10131461321847,,-23.800826657272736,-26.104572167968843,-17.78807981864517,,-21.907924575189956,-22.43298007034308,-18.8734225972633,,-20.818476707779226,-23.31716766142025,-17.21780128031853,,-21.270083996065026,-24.008136148692852,-21.975539591386944,,-23.567743470398273,-22.979624966247982,-18.020247163393712,,-20.500069017411413,-23.409404118853967,-21.610583653913345,,-17.530028561529228,-20.942861607378305,-18.99035036153358,,-21.595723158542818,-20.909605532469598,-14.521559377085355,,-20.164964888688424,-17.66863677432761,-15.04220476698599,,-23.091412165763664,-19.155009661126982,-14.658063957430356,,-19.706746479720202,-17.594585096179955,3,1800,46.71328209,Meadow,South,10.6412642,M1,1839
-14.093160413258632,-28.630571204521694,,-25.8261885676562,-20.056681278399573,-28.557410642513386,,-22.259554212949972,-21.00455789505196,-25.214735016062157,,-22.65776573965998,-17.159922645816746,-24.902046842101118,,-26.265665640675525,-19.26523121666771,-26.7326637162169,,-25.758251232656555,-20.578613792926053,-27.576129549962502,,-20.927703344294024,-21.095280728464903,-28.980031381281265,,-17.576541646528426,-22.895310993154926,-28.207008777988328,,-28.22880112698003,-20.80620422205348,-21.787571038695127,-21.3734415541786,-28.0485991462203,,-23.172451323918036,-20.408855250101823,-25.8808220385237,,-20.212310316827214,-16.26907995343907,-23.505554712389333,,-17.42130696870377,-16.689787969712565,-23.548165297513247,,-18.49995200835912,-19.132425221801643,,-17.46857986744721,-18.609676683886537,-25.89691959185861,,-19.755602291776608,-16.891460040666423,-20.879235517958385,,-16.516699749524705,-12.556978871555044,-20.408053634025798,,-16.51032870597701,-16.80990112557727,-27.03708298886438,,-19.567427190800018,-14.27792018560318,-22.31592169536809,,-20.060822047034215,-18.40197498530635,-21.308315785665997,-21.627460381664726,-21.116962165685838,,-17.039052416571323,-17.019281539828352,-20.500982669391576,,-20.7367844794793,-21.602503533655153,-21.973997263724915,,-19.70828847629257,-23.037181525590512,-25.55207584691546,,-12.521193775592977,-22.6444872626646,-21.346737940845976,,-20.52135845125531,-21.48716697468639,-22.475947148212686,,-20.844648001640383,-21.389272487249933,-23.648983890623825,,-17.000910277509615,-20.487138755362576,-22.63540749622799,,-21.19226955553534,-21.315702772716623,-24.942074984526524,,-23.519356347441224,-16.62944588938292,-23.709270346998473,,-20.40079073663353,-17.481506363345847,-27.17007641443663,,-23.84638415596398,-21.174924848795442,-24.928237674563416,,-20.649015954276194,-21.746081819238977,-26.795067475757065,,-26.789350361450254,-22.680666303942488,-26.786807761019308,,-23.87424936411382,-22.478550135180583,-23.079188972613096,,-15.989383169290132,-19.752374285746427,-24.400876167468503,,-17.95965044489673,-18.49732593370742,-26.297063146053187,,-23.486156339422116,-23.571743363712642,-27.08457436176699,,-21.209022561927288,-22.231276681898542,-26.553720056267238,,-23.222740668295767,-23.04957544211812,-22.23176350249801,,-21.761977378596264,-21.18919799296104,-27.026517471170436,,-16.806533250869077,-18.310461102346217,-21.235459709660347,,-18.7688302180668,-15.987448668602099,4,2200,46.71110568,Pasture,Flat,10.69164718,M2,2180
-19.681200729503235,-20.796983444778224,,-21.512414931370408,-18.144962663670082,-23.71561608868289,,-23.919933915470708,-21.56200524590971,-20.973157624041438,,-22.18789229530724,-19.423490773765682,-24.649554668688133,,-24.808614245868903,-22.02961249542266,-19.86964936712127,,-25.062961929726388,-18.021375959842725,-22.499610541074702,,-25.229123810843447,-19.208430863656446,-22.183933370265514,,-24.680254701252192,-21.483678755964377,-20.807466152363098,,-25.934270907839906,-24.848726199641714,-25.348142504935463,-22.27042650225735,-20.573966524591064,,-19.64293402667803,-19.02945463794498,-17.786423517937806,,-19.98769219244783,-13.673542254984035,-20.210152362584807,,-19.890035373875072,-20.31381726285084,-18.718651038871453,,-22.012634584266873,-18.508702156973094,,-20.997677914059672,-21.74920436495835,-21.827273241967582,,-22.73366475463829,-17.920623151755997,-18.876457425040314,,-21.576725031717242,-12.524835202517195,-21.391842709742306,,-21.168604548423097,-16.156088348323255,-20.52564340716155,,-21.721339760773756,-12.506960221302476,-23.199952663308004,,-19.05164315491558,-20.221925428279583,-20.092385632122706,-24.398051695551366,-20.30946515651713,,-20.246214919841734,-12.512449764735925,-22.30824949999121,,-20.08098693453613,-18.78181022838864,-20.08857255865951,,-22.127477400289116,-16.82122603485626,-21.527041474440566,,-21.17733704965316,-19.37587542667472,-20.268948292970062,,-21.80344055806659,-19.653309099940387,-21.32771430504103,,-20.01182746976639,-21.01130278059511,-21.587835016315964,,-22.835998742354796,-20.596293570971675,-20.129796803491033,,-20.949877704098235,-23.58399367459235,-19.776286885802254,,-24.38496166882262,-17.059787922766688,-21.970058847633485,,-24.598740751349254,-21.06872082148341,-21.30471288844604,,-26.38612876607568,-20.860802074551405,-19.767067980699863,,-23.63828049206784,-22.578462751092154,-23.674027621893096,,-27.109589351957982,-25.339737487743285,-20.81400766589518,,-26.513944323285305,-24.613838135835316,-25.36779554502524,,-29.90046735862036,-14.946672198785048,-22.262179425382836,,-20.950747584293367,-15.559967107237005,-15.836550503952349,,-24.385590057655413,-22.21679239316334,-24.64491783461582,,-25.804844294087147,-22.79008795885175,-19.874539638729555,,-24.01235274144393,-17.519641777544432,-25.105104445117192,,-27.890155044697437,-22.958798296862554,-25.14250748241648,,-24.09020299532856,-24.332116755333367,-22.84750904125604,,-21.756475208419594,-16.24294328826752,5,2300,46.76683822,Pasture,Flat,10.70120078,M3,2332
-24.987383061281676,-29.30198430601892,,-25.463186135103552,-23.422425413313935,-24.255692033149348,,-26.949564427361953,-25.81354827456191,-25.66000105017969,,-24.66655287605978,-20.280276277623006,-23.041441434297933,,-26.849982484306782,-20.116369415299182,-23.911078384731887,,-24.429417528252163,-25.623193534858377,-28.086886899684703,,-22.66819464788263,-22.70943673911462,-23.90942138031969,,-22.048831498868783,-21.213901072715494,-22.93161838226602,,-24.262815355273936,-22.374381582298287,-21.34428659199157,-27.974274714906297,-21.173276743026687,,-23.752351240480582,-22.489039412220116,-20.371533069292703,,-18.540582195911888,-19.75768575547804,-18.26751279056788,,-25.896428229533804,-22.55539841385175,-22.781313595558114,,-21.288750194968717,-20.048653293356974,,-20.028210967642032,-24.14904787519734,-22.435745578222406,,-19.920749663245395,-20.3107874922086,-21.4309713393112,,-19.06662335509622,-23.346935440556855,-20.88177332871258,,-22.653776441596676,-22.063399260002846,-19.703477125903564,,-18.171793035903402,-21.435134764764054,-21.77381708698921,,-21.00832541430192,-21.82598713244793,-23.082300044244185,-23.48856200956343,-23.812517213667235,,-21.817329362918304,-23.065541091138797,-22.415113897012994,,-24.380462630221267,-16.235282414123844,-24.6681223428415,,-20.85739832080041,-21.376700976406546,-20.3719525342352,,-24.916172793080783,-22.082827830347625,-22.262316634918573,,-16.32816637174703,-24.482131678442258,-20.076538732943504,,-22.32115504456638,-21.050155779753137,-24.98211372410749,,-23.526876079115613,-24.07423926615598,-27.78923439032863,,-24.08366643828357,-20.906932291334158,-23.97055155159311,,-24.414497431577562,-24.68838224702752,-24.591313412766542,,-22.651544078962086,-22.032200129006508,-25.249822085586715,,-24.262868514037343,-24.909842984707346,-22.318655025775698,,-28.410668809440146,-24.391383899016542,-25.500913009974774,,-26.180562287236114,-23.518885687867577,-26.41943272369048,,-26.177775069260683,-25.827125018354753,-23.141532663257426,,-21.427938133724595,-25.35121520417839,-24.064605899927063,,-24.19110042436246,-21.74108588163058,-27.609346544482136,,-24.606382034299333,-25.036305702458556,-25.318890813098495,,-24.827407749246664,-23.415024734820925,-26.294795536786893,,-21.68463309120208,-22.545368119243463,-23.204340661571152,,-23.21147109615857,-21.702567064889724,-24.107559518913494,,-20.196034523511173,-19.115838567984543,-21.035506060964863,,-21.01463215133467,-17.0973238550959,6,1800,46.70135815,Pasture,South,10.61585587,M5,1823
-23.795162033750934,,-25.171510836628052,-16.54569654908881,-19.445799107322372,,-22.222311366347263,-19.795123130027758,-20.460930778861226,,-22.58088354326615,-22.203825656175372,-15.86311515138659,,-30.568898282296846,-17.059734897814163,-20.1346361713291,,-22.85688874953692,-17.66093234857507,-19.717124479522965,,-22.24463229112011,-17.03287422437142,-17.745041887643247,,-21.636927716216764,-11.640999523386636,-20.644593983966054,,-29.67452181198057,-18.03955397911636,-17.99659822975308,-11.901335474647192,-20.941754652928605,,-18.018234930709106,-15.81333355690061,-19.274106304485763,,-19.958328890666515,-15.122224818312137,-14.357929239049191,,-23.59515394942178,-15.050541072758467,-16.047616113155637,,-17.476968209611744,-17.35096885684235,,-16.072747357498898,-14.511440690389406,-19.932228284551837,,-16.86499382054385,-15.468883554041646,-17.749961183450463,,-18.966874335090395,-15.753693661455692,-17.390949900637455,,-25.39882350708766,-14.278039763665644,-18.810335865029895,,-19.76065626617178,-20.728135909304655,-16.42412701647418,,-18.72037955005068,-15.187506951778056,-17.154061671108227,-19.72317884306563,-16.56411738747073,,-16.94086520198595,-13.62685803815091,-17.29152838305643,,-22.19760851757875,-15.670843146325353,-16.28047939065648,,-21.20233584842202,-17.7753457663442,-16.863815708649533,,-18.566034608884465,-14.052892371921736,-17.634024723659326,,-21.65915890889086,-14.155335319921099,-18.857547925498736,,-19.377062492323645,-15.535873650735391,-16.990815402623237,,-19.540116614945454,-19.30408187324518,-17.424707021253663,,-23.566778784252694,-17.988884631355525,-19.522400901925007,,-28.680651215814997,-20.845229251750744,-20.401157585656637,,-23.398935234342282,-19.531749723313222,-18.775790411956507,,-25.843980411914377,-16.520666933848037,-19.87424572132281,,-24.640248858872287,-14.488147246161049,-24.381700725534504,,-23.28733178566154,-12.659368305397603,-17.926346163463855,,-29.08829955507056,-14.07391031716463,-20.650918034867733,,-26.446849384266653,-9.807995132610172,-20.927996315737186,,-24.270127419590864,-15.82223039765424,-19.017990587167212,,-23.55519768242328,-18.02635929854737,-21.11954414586402,,-26.589837907976545,-12.76405275000834,-21.7013221426218,,-26.431046391893656,-15.46577789569022,-19.314801255070638,,-19.596717838461267,-16.849552851109728,-19.921431233720966,,-19.932628101291478,-16.66965578906571,-16.403812142642305,,-19.203496855832757,-18.780069620787078,-16.036137511095905,7,1500,46.68700896,Meadow,South,10.57969321,I1,1490
-24.203888348803062,,-29.12686622188285,-23.958197420264423,-18.517971967553134,,-25.706568174780866,-25.140991418711955,-21.55684140976684,,-25.0031725824876,-27.15418932144312,-18.96271770362351,,-27.64239237005515,-23.389002544701075,-21.62241797595209,,-27.941771156331427,-27.39932583306867,-23.134604697315343,,-28.81003047700239,-23.098320221463972,-20.24853520356459,,-28.384833866338916,-19.663792494616157,-22.65805663727939,,-23.33243332262864,-22.752716416196286,-19.248300954688045,-20.40855707074234,-19.69699294354657,,-22.517627689244794,-18.967478896519204,-14.815706903823248,,-20.5706732183674,-15.817306626750067,-14.573505078320501,,-20.115929057968877,-19.25893759167957,-18.84272341704976,,-19.08650462129261,-18.61441079281947,,-17.349885493647843,-19.62097747450606,-18.01429160876416,,-18.86778436210999,-15.408616787714355,-14.769872443251273,,-19.16219944408832,-20.17982540028047,-15.997935095492554,,-18.641876895005392,-18.6947496385976,-14.69906596099058,,-21.422967382430713,-15.429846469196269,-15.460668165884824,,-19.37805429828764,-17.947508759515397,-12.392849729534067,-19.896658496708017,-16.439455530950433,,-20.290857076163498,-18.399114548889333,-15.245017872425276,,-22.066872508898395,-22.125676927672163,-15.653104802498055,,-19.360983070724416,-17.367159166568587,-21.873336791819888,,-18.08217389496468,-15.692823561467966,-15.70009601084255,,-18.927913368876776,-15.130543627702034,-18.436543928607996,,-19.275373699960436,-19.53299942561562,-17.627919672436892,,-20.21594499899615,-20.79348656981257,-20.59174184093594,,-23.359525027991598,-14.777013355603636,-20.34881962965661,,-24.690880000188503,-23.311694306405464,-19.127915576985796,,-28.415638114918842,-18.630796947517435,-20.970941655905918,,-23.14087654876008,-20.047823461075357,-20.701401187140085,,-23.043307223257013,-22.042137905927017,-21.61194704573635,,-24.643091053041083,-17.938371379132356,-17.807190394067227,,-29.980539998145893,-22.622906239486156,-21.12577426735097,,-24.99582342420783,-21.779170385570627,-18.814576919198437,,-23.525817950752167,-18.455344717721502,-20.9166629730176,,-23.605013446302976,-17.411160190750877,-18.408871731038527,,-26.58133913821674,-16.72614757130498,-21.78211745394975,,-25.324662834554353,-22.77939938090384,-19.54084360410628,,-21.56612629578405,-21.03972754435656,-19.445543854387026,,-19.56281721924665,-20.05045583118385,-18.263156575177458,,-15.48166769007927,-16.591713478817866,-16.199465932215652,8,1400,46.6840937,Meadow,South,10.58166556,I3,1430
-16.836678503003554,,-22.880316727521368,-20.213323846780035,-14.878876245244966,,-20.971114642864208,-20.34502127449825,-19.277033202049903,,-25.130910462352976,-21.101290299772902,-17.350814576453374,,-27.61340871914111,-16.769335028931597,-16.923700704059172,,-24.29146816081378,-21.250796050056092,-17.889871825006995,,-26.55100914316653,-15.914570529715837,-17.968906739716225,,-27.6430331684224,-18.02947075340205,-20.01890314908147,,-22.390431122283942,-17.4219319889693,-17.728335784122862,-18.10009500992784,-18.063289732882634,,-20.703935130898483,-15.254024593056489,-18.70285437963775,,-20.716453915133023,-14.491449883597301,-14.01243955022352,,-22.191447831147247,-20.06588776067709,-19.79758311133362,,-21.08311129837011,-14.670270994310837,,-20.067863031980323,-14.745844370201205,-17.14049491248582,,-21.94351953973155,-14.92244562761952,-16.32330867905974,,-22.508178463429353,-16.199966335269142,-13.605578887917314,,-21.796554677823035,-16.378399138249044,-15.044472254465902,,-21.48002016281325,-13.903459307050978,-15.03229557056102,,-24.048734784784873,-18.224700697377884,-17.159833051218715,-17.911221042908988,-14.095687658647067,,-23.83768550494342,-17.095695131408355,-16.787908985674772,,-23.63438184529307,-16.703252370621794,-15.067914512032674,,-25.550620766512893,-16.322332866855117,-17.43135123753804,,-23.056688660505138,-16.09537504269986,-17.580261949450804,,-21.913685288947878,-17.422960184385406,-16.903923804722854,,-22.993827410291022,-18.561558821899066,-14.24590405846917,,-24.649154115992232,-17.893505006765366,-18.897518556919373,,-20.971963997514337,-17.624969146619584,-14.188885152794233,,-22.91826776336137,-18.69409324077046,-14.990911165410143,,-24.578550489610958,-15.381161050277338,-14.058225367599952,,-25.3016144649354,-16.10019777835913,-15.942071027746413,,-24.409144882215625,-22.29704026067026,-18.375453790618817,,-24.30770585579073,-21.408239644651303,-17.794481076612957,,-24.449098494150117,-20.65867873324592,-18.448136156395208,,-24.082719097715643,-17.91594933985497,-19.772162956622367,,-24.895293371424685,-18.00834625545042,-17.301230548635054,,-25.55156934520417,-17.81816621936332,-16.877848441477145,,-21.641886359184454,-13.991435619534878,-16.895486903931438,,-25.77021437222044,-13.776981267807997,-16.989573948167575,,-21.874793327631853,-17.782938504701377,-16.868823122697286,,-24.6969266971057,-14.690267486053044,-13.279454630159202,,-21.75721893569794,-17.378052680365798,-13.522145426616902,9,1500,46.685863,Pasture,South,10.58294569,P1,1526
-20.68686093521186,,-24.2805427226884,-19.421896867294176,-17.516383957822022,,-22.71897647610956,-18.48799952458663,-21.372592890443816,,-27.283625596777686,-17.353148707962802,-16.35204771460241,,-26.46422709344321,-19.658814036004106,-20.202020629783384,,-25.656386230762088,-18.95105018906175,-17.033966306804476,,-27.80106120447155,-23.06434672810036,-22.44759017939166,,-28.27266297937984,-21.301752100914957,-15.376701937728122,,-21.625657779152498,-21.505911812083664,-18.630087593339017,-19.00206782957368,-17.00582220228914,,-22.205167867515634,-20.032947356591304,-16.056758307733343,,-23.28693992477714,-18.909104300941774,-16.018585416794796,,-20.324053087597235,-20.04129667003646,-16.90656052661897,,-26.26683580817413,-16.703697308918,,-18.5690316019593,-18.488357620887705,-16.727887122949994,,-22.696725390962364,-17.858269504218256,-16.270406467713528,,-27.21994210454699,-16.475779416861617,-15.937459682300396,,-27.658058031188002,-18.22838741299327,-15.561085028843005,,-23.159001536415147,-17.255110925592433,-16.071835739645294,,-22.075249007703377,-19.8180199282238,-17.31989749729774,-19.77518371589649,-16.874431420160324,,-27.99844732697697,-21.43032500347857,-15.600130924312563,,-24.466343601833028,-19.955700910091046,-17.65297956695447,,-26.764294454101673,-18.366467660400264,-19.481385838738706,,-23.39802943368678,-17.404894335537293,-16.809708261521624,,-21.347291698364558,-13.683762427497786,-20.09786475613207,,-20.226192776229226,-18.964698801719535,-15.837365650333828,,-25.341338046326044,-20.409368113160475,-19.45104419060798,,-26.543513801568945,-16.065686665305265,-14.360536359814661,,-26.82434269761561,-18.962287385096516,-20.321398118656603,,-27.90165212484276,-14.174837172402405,-16.49815416628033,,-28.680988911133355,-18.317299861392915,-18.365296877777077,,-25.46485527197429,-18.335605826064338,-16.101633578111105,,-25.928707109756264,-22.48684924742351,-18.618919043647292,,-27.168946354085154,-23.52642783485278,-19.724447669277993,,-25.285859475639914,-17.791136009708946,-22.603109069136742,,-24.15067556417853,-19.998863285581255,-20.84078562310171,,-24.988093478474156,-18.75215898504177,-17.565582236233,,-26.576674169875144,-16.616104485124325,-18.620995465630052,,-25.722031118986738,-18.67422374437909,-20.25107356363939,,-23.284991060704918,-18.153599610303786,-15.894900015681724,,-21.548126838352033,-15.666866061386697,-13.01181772199996,,-19.93327489474517,-16.884760836217737,-14.91795254228739,10,1500,46.68424929,Pasture,South,10.5850562,P2,1549
-16.163219432936426,,-23.205363050836056,-20.74566496516885,-14.763405500701012,,-24.844856013870952,-20.029648283136385,-17.879543482219965,,-27.524007486456227,-19.062263945142753,-15.178592742576544,,-30.07884227081671,-20.60352725029546,-13.620300498092021,,-26.308108258968698,-21.046337917390645,-18.775920697992863,,-26.665328555341656,-21.870809407655436,-21.04345267723378,,-23.10934056780379,-18.002518829239555,-21.63489722145521,,-26.149587068412966,-22.543072004828158,-19.51124083765095,-19.71212769538078,-18.29507361709519,,-22.06599344119069,-17.953308739201706,-18.111890813796883,,-20.48016758140748,-20.164054148145407,-13.052418351370832,,-24.018196337123193,-16.948832623801668,-18.20524357699434,,-25.223506922979915,-18.231815057696053,,-22.62922331802017,-16.235919227674515,-20.066398230260244,,-23.054134338723618,-19.47493794592841,-12.341180961731286,,-23.40966218482731,-17.57729221297254,-7.4803673952070495,,-20.299269249085764,-19.096283708540014,-12.69934947769,,-24.378246863354303,-17.906214162703208,-15.933229962186156,,-23.440034593395794,-17.283175302356554,-17.855544870463884,-20.275318075700227,-15.29387588581816,,-21.858667307583307,-19.556371907205232,-12.215752631247383,,-21.690632307697616,-20.332435116866144,-16.477379444679563,,-22.850945785945317,-19.58718817666724,-13.22479581706929,,-23.35975296859265,-18.674462796794757,-14.479838989750409,,-25.526005259402673,-14.547901283863302,-16.597224314180046,,-19.475180236796756,-19.991807639404495,-17.736064282360363,,-24.135352518976646,-21.19150372284858,-14.37601660549535,,-22.738124364875468,-19.89224117029066,-18.114195554503237,,-26.33174933690966,-25.351648592947473,-18.072081382156014,,-25.668866084645092,-21.274297702155962,-17.974094024399406,,-28.686644450689414,-20.996784336889114,-17.986707248461332,,-29.33840919445402,-22.702116132613682,-16.945207582161196,,-25.981861828647823,-24.48149398961857,-15.620364494546608,,-27.5196476037941,-20.17336126216501,-15.119950041168108,,-21.66109316561507,-21.70145649325527,-14.290879315665062,,-25.173041586748354,-20.218740427601574,-11.973907290276546,,-25.988396620439183,-20.92219565529447,-18.456704743550272,,-24.050013626402933,-20.7264784467908,-17.655583298733305,,-26.734564536286832,-22.023829790412123,-18.17727720373588,,-24.6340268489647,-20.3889895997698,-15.432335888411604,,-29.241633865888755,-18.515160844030817,-17.42255129004007,,-22.73332131348946,-20.140108740022555,-12.111530214999746,11,1600,46.68514431,Pasture,South,10.58575536,P3,1577
-7.914738905992545,,-23.82498773696128,-12.831336235183912,-4.309577552689013,,-18.787907854611447,-10.389166196542982,-12.373419717971908,,-20.24709039336962,-11.499920688124847,-9.480277929310764,,-25.340719264348923,-10.805700331648252,-8.459082495277778,,-20.508144676282566,-7.613946216547201,-7.17109766857725,,-23.01670589043692,-5.86620081168487,-7.830172210708929,,-22.800689595630296,-8.848289166957485,-6.675461520518459,,-24.786254344602167,-7.168131122653477,-8.054809116658536,-7.651224861223843,-9.674619025144906,,-19.947094820225697,-9.053300236850617,-7.776934137005763,,-20.619318099471982,-5.8160047088348374,-7.533205782754666,,-19.780216323685874,-8.171794363401217,-6.181964946089732,,-24.749813164095507,-8.119734970644624,,-21.20200136943213,-5.6555785597074735,-4.377895770567282,,-22.822332195297555,-4.38544117901504,-8.734380728232491,,-29.03054971159944,-7.493609599177809,-5.1540269103994705,,-19.05480743679893,-5.795385204819104,-7.5868984070639565,,-21.937541578957212,-6.228167675276296,-8.54075399863841,,-23.801215334468974,-11.349877422834364,-6.82001998170321,-9.529101659258917,-7.260821934822669,,-22.134371699268478,-7.679337039809935,-7.090705398508454,,-24.167112792747766,-12.011732037157817,-9.276957111974989,,-27.09911215422605,-7.861061594341203,-8.59152219703315,,-21.685033417189615,-8.696591675693096,-10.04754743077453,,-23.68012618885225,-5.9827630605258815,-9.047018131513765,,-21.17037824114874,-10.25704011470706,-7.365191177951908,,-21.78769953779053,-12.869505770781588,-8.43414390407886,,-21.100472596889517,-9.918460591909655,-11.900573547466209,,-22.68089087776287,-10.666714760972258,-9.419917427417378,,-25.755318479097898,-5.278412261738055,-7.254571104505523,,-24.12865403989024,-12.612372440577126,-8.051136639265621,,-24.960657377831538,-13.354147260919742,-11.596770794796829,,-26.718937046685763,-12.511974872034282,-12.477711113249597,,-23.804643605071668,-12.317663421417427,-4.947316192238603,,-19.717165028760697,-7.607015616842395,-6.00730196231276,,-23.898488572162215,-5.598307624777798,-9.16243497281023,,-24.451041578599295,-7.263738417464321,-5.716490335145438,,-25.871435147438735,-7.767927590427666,-8.192610914438195,,-23.174094108283022,-8.841722766634806,-6.451635633582598,,-21.881871233132074,-8.654879616153801,-10.02552230716151,,-17.48719661769438,-9.855139503819524,-7.266046807150048,,-22.465766992159004,-5.718322111148696,-6.920823209304217,12,1800,46.68895823,Forest,North,10.63043102,XS6,1778
-22.918039284718095,-27.62876029517402,,-27.700204203361768,-23.929907584553433,-21.73176804767154,,-26.799660045655674,-24.204685966854548,-21.831873213939556,,-23.9217615724192,-22.358159312938,-29.996876400022416,,-25.24394668396808,-25.305332223426145,-25.29306801633455,,-23.57131531782583,-20.794030904396,-23.9952612131519,,-22.68161754175243,-21.71262630925892,-27.021254521070183,,-24.760699799862675,-24.986916952995962,-17.090688425142105,,-23.895618200024614,-22.26284440430557,-20.696067098451458,-21.201770396585964,-17.141395337204123,,-23.720553320590874,-20.875863807468985,-15.608524620762006,,-21.46358503778303,-19.841910446849084,-13.144734957047095,,-22.281960135250603,-24.031516645279698,-15.876290261054983,,-18.255446662806357,-13.146955278665978,,-21.238482948141026,-22.57928454830239,-14.353860121278117,,-16.491769136230022,-14.953610944941989,-15.26001149338104,,-16.759442687723908,-23.754612799493064,-18.576993778671202,,-20.245806568590787,-22.035732851994425,-17.206927722535816,,-19.695635952308702,-20.340372265414853,-18.682203338692247,,-21.39174685968723,-18.892084953169384,-20.334605345337504,-17.88944339157863,-15.020108728597506,,-19.454242296061164,-18.146544554609314,-15.718676340431914,,-23.40346663081511,-20.030978121769692,-16.992100109180125,,-23.303600822939327,-19.160579904718794,-16.654404520619963,,-23.418165205699182,-20.53864137260375,-13.7088032576157,,-18.282445695843656,-20.640798531176785,-16.393037261987512,,-20.080062734039466,-20.69497856751022,-18.327475724758735,,-23.44651242921954,-26.573539102927878,-19.564781658788036,,-23.02220326889691,-21.66002634286936,-22.084665856360918,,-23.86582919635464,-23.589317190755978,-22.077306995376993,,-21.723821017480688,-23.442331296235874,-23.134313358474174,,-27.692503834607525,-25.327471729447325,-23.24055742479792,,-27.44596463175917,-26.30017517094381,-24.72733095644735,,-25.689584955845078,-21.716879350182335,-28.518028611133467,,-25.580584709668965,-22.942901375787507,-21.940209272156913,,-23.849081345297275,-24.875820654883878,-21.811098361620246,,-26.360609990829577,-25.832219271576392,-23.309045350266402,,-25.408221515680335,-23.8287639673107,-22.780044135333522,,-21.55985654578081,-26.25638737510732,-24.152796602783575,,-24.4924234125707,-26.448214014847107,-21.972493702938735,,-24.779612163583064,-21.134964341903114,-18.545250223181146,,-21.597478318574478,-19.80256407212631,-20.478056600262576,,-23.267113325195478,-18.392634954289626,13,1600,46.6988975,Meadow,South,10.61923275,S2,1635
-20.31722115816396,-24.635224732624614,,-22.97288296109376,-23.13281826535769,-24.856995770493747,,-22.139065989224243,-22.240394690643676,-20.81304719789559,,-25.00548771537798,-19.880203003088987,-21.89261013966706,,-19.807166154496304,-18.189696146026783,-18.429633279407824,,-20.441408512654064,-17.9031408253481,-21.690185802062217,,-23.37562818116144,-21.348152258525563,-26.02496277330909,,-22.171784754963735,-23.65906934501699,-23.821785688963352,,-18.865645744113255,-16.270996007347385,-22.488166369876588,-20.07976693254157,-23.98009005920747,,-19.57940089681672,-22.68748630180585,-23.942718785221693,,-19.08435810014035,-21.72577526816439,-22.965970839568346,,-16.307512450379246,-19.728958551514992,-23.7738350458047,,-21.07769622322207,-23.33514235434667,,-18.772585446975373,-21.55622497465491,-25.41421663797895,,-19.64340941913645,-17.796158959749707,-24.22608777245601,,-20.587968659250805,-20.076956175903888,-22.980411010632803,,-24.486726826952744,-19.142643359578408,-22.905435764455692,,-19.627027983236285,-19.381748051362855,-24.315628188693097,,-21.550031332091855,-16.671502912384362,-19.073324092765446,-20.95846734602246,-27.256275191570808,,-21.368160839395266,-22.373046823162834,-23.603403801990765,,-20.462474167874927,-27.17670302284937,-22.735173181310664,,-15.580519213235515,-19.31497397530046,-23.51930950657011,,-18.930146740918634,-20.413145343624915,-25.893824936930127,,-15.052969319358791,-18.145904233709963,-24.4744977681087,,-24.036907051303196,-20.001286901240057,-23.871415182356124,,-22.434913650686767,-23.809414285725886,-20.398531328290574,,-23.708924490797408,-21.33716948102362,-24.419870294972164,,-23.904295140594275,-19.12390942526069,-26.682908857440797,,-18.708906071106952,-21.549200902492384,-21.30446300681359,,-21.603490785463496,-17.828918613887453,-21.86368892210155,,-25.436847570018536,-23.40132846527029,-23.480441616176652,,-17.652582828179362,-18.36796984496751,-25.94034925973492,,-20.25172842278105,-20.44454561202451,-25.487547330071703,,-19.27818567423496,-16.748988083966346,-17.507988028180694,,-19.569082016436884,-19.778550567355836,-20.447629379474776,,-18.44769903236239,-21.256871177354913,-22.809727230850815,,-17.972329753784848,-21.11929972205074,-24.277514901117975,,-22.597663206223057,-22.08083612513626,-22.39163338251853,,-26.540486458062084,-21.480504441463907,-26.94512791409267,,-23.508062778457955,-23.750127786573536,-28.691457793372063,,-21.871809790837414,-18.89669682395715,14,2700,46.76671,Pasture,Flat,10.71079,S3,2680
-18.06882828741822,-17.718727112171546,,-28.088634913367517,-23.615950790896157,-20.99247474805335,,-27.592493253034398,-22.079584999276086,-19.72914399406501,,-25.623946932883776,-24.911907088145075,-21.184205554977122,,-23.346242744650514,-23.90955172832584,-20.93307763015742,,-24.144897151788122,-23.988178629590777,-20.80467198841498,,-24.98462412259073,-23.329229286903516,-19.196382638426666,,-28.795924329171964,-21.282236640470423,-19.23839112841845,,-22.679174813624073,-21.744144701403755,-27.837393961994405,-22.541334740304666,-20.496521984708906,,-24.53584236347112,-24.52765892670183,-16.414375382447513,,-20.30326025040768,-20.302251098858697,-16.312403021704736,,-22.88907256106966,-24.488962550311285,-16.75896323615288,,-20.12734373731664,-15.701851005810548,,-24.967461927243303,-23.001644166281835,-17.02152923114027,,-25.25486815982546,-20.680710977184454,-17.707670646291845,,-24.515502130649004,-20.881492873069718,-16.141726787326185,,-21.348180119252152,-22.303649311510963,-18.227013670341638,,-20.284365586346063,-20.809286880852213,-17.085952136883293,,-22.437661601771666,-19.652852785995044,-20.815251370456686,-21.08377181900222,-20.427750231145207,,-22.316084743530425,-21.75606884891117,-17.453361703041285,,-23.38252128697895,-20.613374777802804,-20.06157231752359,,-25.111323666873883,-25.732060694760897,-18.873095267254104,,-22.20074266103721,-20.93029670306557,-17.28330858983382,,-20.988066347228774,-25.44546657013293,-18.734352742794933,,-23.6482146051662,-22.243746672853252,-20.80823927188335,,-24.66661299049639,-23.315109301037467,-17.533287010199942,,-24.174096941621954,-22.662591191281344,-21.421606206070596,,-24.58261996128661,-23.097777077197208,-20.930868983409255,,-27.356760807168516,-23.448267612379997,-18.89222504327552,,-22.39537240585532,-25.68651991633415,-18.535151254297155,,-23.71984507262901,-22.280962921824003,-17.685344609397447,,-22.639475389041777,-21.845379195776275,-20.270942797474834,,-23.646379552293148,-24.886548439648323,-18.98732878203224,,-23.34316431622066,-27.05807316083382,-18.43996567928436,,-25.073303751533153,-20.484841675183652,-17.937457137930963,,-24.290990125443162,-21.064993602347,-20.55417833217629,,-23.07320002496389,-21.197848934050654,-17.365814613070413,,-23.043486958293524,-25.276800328523823,-21.835546888942524,,-21.753544877756678,-21.76823882893933,-19.832438476027587,,-23.23390669640891,-23.675889483486138,-19.70545182210354,,-21.087403232105622,-24.16094055085238,15,2400,46.706995,Pasture,South,10.602312,S4,2353
-15.705992092677572,-17.766872256896686,,-18.641063974248972,-16.320358671189737,-15.749056061673244,,-17.308580621565227,-14.27648074145548,-17.48447838039642,,-19.305966111909115,-18.103935647222514,-19.84323902332001,,-21.390878175716928,-19.588770709719626,-18.6716704006377,,-15.653320365241392,-18.95219271552608,-16.001592343584058,,-16.097141857169692,-19.601638865364926,-18.390781027904993,,-20.671607146066787,-22.207004630986656,-25.321071034492245,,-17.698083730310042,-17.00425624259291,-17.698557026337244,-14.978063896877188,-18.582637549756235,,-19.955455494168614,-16.387247702663718,-18.868370297895968,,-17.952613988479563,-15.796377277989627,-18.167978156263977,,-16.333505197527344,-16.177243418889258,-20.210551006557314,,-20.40926944675792,-15.88553388566104,,-19.204378407652015,-17.123701694352366,-18.61222732547504,,-15.471950654818407,-16.877580404450285,-17.131062571064575,,-16.503587259260414,-14.930386817919867,-17.56670090814002,,-15.314146437034617,-13.7886025972628,-19.369398183076537,,-16.741128472685173,-13.680817321392276,-22.71417300782356,,-17.869635874688726,-16.639483105378314,-18.823600196234054,-20.319692023000048,-24.14947978036078,,-16.914799533749054,-16.68533147055977,-17.23860187866303,,-17.357979669932316,-18.24105474634767,-22.731333683273757,,-18.25780477879613,-16.52351536521266,-18.085556992644666,,-19.874214680405082,-19.403721512867918,-16.93933447990157,,-15.56406212338805,-17.830584822537727,-19.852161461980245,,-19.150049801660522,-16.52666559604837,-18.80258234020624,,-23.337499806667847,-19.06676462242611,-16.784448933756703,,-20.134295746525233,-14.658127323795432,-21.117629163164402,,-15.781701223131963,-15.052061545042148,-20.04323872594711,,-17.836078758280077,-11.044558390822825,-20.9078429628454,,-15.836791185747872,-15.950240155426352,-16.28916146277296,,-17.654901577260855,-19.45192790020605,-18.61160737266734,,-18.71874047447999,-16.265819704692806,-19.634745777541365,,-15.369526174847362,-18.289693554089872,-18.089888903624917,,-16.312696146668056,-18.143614526139046,-22.407592366707043,,-17.55314800291219,-24.507764565631827,-22.634695941645408,,-16.788831488297753,-17.4455057230228,-21.881474490524795,,-20.380645276696537,-15.355422775186703,-20.5532924723428,,-17.303796876566746,-17.71686177010307,-20.498261342685304,,-16.369831209004317,-17.5675805288627,-17.40521210925211,,-14.934158521219821,-17.627182789869796,-17.969815461284128,,-15.334989776429325,-16.2074259358103,16,2000,46.74048467,Pasture,Flat,10.69699228,M4,1986
-17.629340855004656,-15.311918702034475,,-25.775745720411877,-17.77582077206423,-18.021347236259018,,-24.99593172008055,-19.892223809865104,-15.43404472922479,,-21.053913587489426,-20.482293148347214,-21.818651644353384,,-21.49484767947164,-19.075381150296465,-12.710383202250387,,-20.66789462722049,-19.291130103738187,-15.333584084242833,,-21.089635519452333,-23.261998805773114,-18.10660885367283,,-22.166424160811008,-18.69778796843864,-18.43110167225418,,-21.204880759358097,-18.455866511373248,-17.53896339899625,-19.00434996451856,-16.636402499255315,,-17.656632491386407,-17.243935243193082,-14.798024767383932,,-21.300720599377684,-20.97522131231105,-12.59906433802179,,-21.093630567742856,-15.482788791361399,-17.261325245689235,,-16.982751275281228,-15.824223180765161,,-19.254735887290316,-18.06396590007413,-16.177078376451576,,-20.626501487474812,-16.403554151015058,-15.846618415154987,,-20.10628397715932,-17.764316020563356,-18.12143650059735,,-19.03857821917373,-18.755166396601965,-16.62479239193384,,-16.10623159380346,-14.923840459042392,-14.72080844273685,,-20.10027473245899,-19.576813740454217,-22.723750806486738,-19.08850792755523,-11.135198670242692,,-18.886088508685507,-20.886675307011192,-16.584975418026666,,-24.862535133870036,-19.624691648118002,-14.769787531953206,,-22.089225884592338,-19.289672297062623,-15.612982959257451,,-20.4900491695744,-16.690440680608255,-15.789434329423935,,-19.457374935004456,-18.075382876907533,-17.107834243969847,,-19.824714294817543,-17.682595354821984,-15.492997486453275,,-20.497945167672437,-16.374965233380358,-15.550237255396059,,-21.498182121159733,-20.50106119887451,-15.580815124614842,,-25.115960354435597,-22.300285482851585,-16.624394135102463,,-19.41605353604038,-16.349755584169557,-14.43743854487614,,-20.4091236734728,-20.61749834613039,-19.086387618219305,,-21.96239861525283,-25.130181239200986,-15.594515476460248,,-21.02765851186285,-21.277898515564843,-17.79339707841382,,-19.0852197267057,-21.816758404417463,-17.463870678126984,,-20.92812653161162,-19.54673021966254,-14.869761842277306,,-19.98806850969238,-21.71245291438858,-14.460533171946935,,-20.821162980727266,-19.690303366901006,-18.124108424759754,,-22.192468924020762,-18.60318244297226,-15.804482920503167,,-18.517166960994842,-22.86920552831811,-11.399759644406295,,-20.938198028674897,-15.72002035639155,-15.269607624777088,,-23.00378491463581,-21.15247156873281,-17.23675832578098,,-19.572878889348935,-16.949990342708684,17,2000,46.74219931,Bare soil,Flat,10.69901896,M4s,2010
-13.40826544176149,-26.36410365091946,,-15.876377588757148,-16.575513260310967,-23.484796770492284,,-15.61381170994557,-13.495949406904579,-24.43876071193905,,-18.18737897639451,-13.329608178699036,-25.85401412324034,,-13.628239972920165,-16.294137539822966,-21.59793818319502,,-14.347253559406067,-10.926240585691943,-22.62461649311537,,-16.28599617698145,-15.727508809999263,-26.146208842910884,,-11.784360772328453,-13.378045312634505,-22.37323927424141,,-16.03453978744313,-10.375609322829778,-13.068285438202418,-13.356795492187441,-19.73467252538879,,-12.7808122889914,-12.603942247549254,-20.682648292177742,,-16.09612566993706,-12.464686863140418,-21.954973597111415,,-13.969299423469684,-10.277078561546313,-19.61247606178758,,-10.760710920815928,-21.13899685682543,,-10.926974757426029,-15.817081534069363,-21.609045809181005,,-11.674391996859825,-17.0070670924969,-21.601793728605458,,-11.01569692408406,-7.469980654879262,-23.36398431506211,,-15.015587963723508,-9.712567339243186,-20.81929330747654,,-11.466598972211967,-12.349086040533352,-21.233647689721426,,-14.156069937261732,-12.695033076259737,-13.282038401188212,-12.76389224041826,-21.95355398106218,,-10.69242659794143,-10.787032012657384,-23.823427144777035,,-11.459873811626707,-11.73355875327909,-20.791183250526274,,-14.080313124115902,-14.54575477113062,-21.24268682078542,,-18.826269475577316,-10.518226825493514,-22.254818006654176,,-12.417496045476366,-12.292104291438338,-22.941541201894367,,-17.03233584259592,-12.967381459598837,-23.59981381556148,,-12.4951689909705,-13.94805725114399,-23.9244066518594,,-13.509908816778847,-13.14819362351445,-22.322709742654897,,-13.821565607449244,-12.469482923301381,-20.011335134145945,,-14.578419094457209,-11.841179513539707,-21.06750167708541,,-19.25759009482567,-14.612898900213768,-23.223532890406315,,-17.099097532991543,-14.228866492629546,-23.56812701336252,,-16.75849265796363,-17.034381476393353,-25.819633267841485,,-13.779502514168557,-13.692145582600508,-21.633484187205255,,-11.230648272622602,-16.06101377618973,-22.342493337321514,,-16.91533984108262,-12.027789359281664,-21.449146022185342,,-14.177505122764263,-11.16032870855842,-27.661616847007373,,-12.530997872267271,-13.259754539225474,-20.31325948028646,,-15.532750677294926,-12.490442960669036,-21.552375826492085,,-16.071352502615344,-13.62701355378922,-22.27962032842448,,-12.337884815219805,-10.986813586885942,-22.357027526922572,,-12.662308501548392,-8.59142206675777,18,2400,46.695578,Forest,North,10.648088,F6,2360
-18.79092696670143,-13.857380981587493,,-21.991373073324194,-18.81034386137954,-17.95841877257953,,-21.3146583722812,-20.512437543838246,-13.598690248932684,,-18.505825056525897,-18.418526671185585,-11.70550170501318,,-20.96065879094588,-18.157754100165246,-12.393057165575383,,-19.876253636248695,-18.740014246597852,-13.123063163108625,,-19.355657271517707,-19.500954452873845,-17.03128623089625,,-19.985206413837357,-19.85410404371176,-14.012234553876118,,-22.861717148956306,-20.167563733501645,-17.37836363037751,-18.83708061925664,-14.540415447906396,,-20.19483253856974,-17.972932812252182,-14.2634206480955,,-19.751671367937526,-16.616240691601362,-9.933747624680695,,-21.082849972755934,-17.878160117855863,-11.654655542463866,,-17.11255951920869,-15.059655303332507,,-21.18707954576294,-21.35442681159951,-11.849243501701592,,-18.845926006732586,-19.96172415060769,-10.215129586550564,,-18.094867275960908,-17.111701243734462,-10.72464430724381,,-18.162051110957783,-14.834584072910877,-12.728009746167327,,-16.490052399526103,-15.769776688714776,-11.191437630207783,,-19.4070843038101,-18.358232518851434,-15.689618686683918,-18.04654142862202,-13.433705163239274,,-19.183565988856948,-14.78673131046327,-11.838067292368805,,-18.802492696243863,-17.30991322969219,-9.676483176811137,,-21.80720829075726,-16.60800806403866,-13.602216822283966,,-17.94691375868763,-18.225255440518545,-14.066890413627437,,-15.215641216374095,-18.109491243973643,-11.61175353057585,,-18.64200973385741,-17.038357426968314,-12.092194420564404,,-17.697192035986486,-17.349526922603175,-11.303290038850982,,-23.043390772632222,-18.36324592332405,-14.204802959604397,,-20.4562064078574,-20.358140322680313,-11.518801850913194,,-19.62810788675188,-15.674605152381645,-12.000015448607744,,-14.455592704692526,-19.214783318071447,-13.104044451486986,,-19.642259401473616,-15.538646429800549,-16.286464338364887,,-22.020707668172577,-19.106156307670844,-15.153307482955235,,-19.572743255754027,-18.430755874728543,-9.37208333576547,,-18.71940151193065,-21.235359723853104,-18.026592952668935,,-18.26966646897687,-22.079979038919678,-9.791394982693523,,-15.460421568752892,-19.48973636760507,-14.538265730755755,,-21.664108304586243,-18.07484409389942,-14.447024351039389,,-18.11632248048834,-18.900702789190735,-12.042780452526847,,-17.284943858105645,-19.527839871917315,-8.024607036562326,,-14.673227757132706,-19.527273576539905,-10.732440518459118,,-17.700144897005323,-18.757998733793006,19,2100,46.73886,Forest,South,10.68865,F5,2090
-9.389459437769624,-22.872155993411273,,-12.741200043326689,-10.038334247252488,-23.693754377222543,,-16.625440241569688,-13.259797377507091,-22.183030956844124,,-13.880769425009909,-9.357538768335061,-21.988357939287134,,-15.439809888574079,-12.087992945782716,-20.461645051033408,,-12.164121730572218,-11.85815231198813,-24.24702904108349,,-12.753151894031623,-9.15675649400791,-25.571320495989376,,-10.642214274416249,-7.362116239244072,-24.089079225243683,,-10.95309420988605,-11.570573122482784,-10.648253382996316,-10.552590253574955,-20.20895283053231,,-11.233642584993964,-8.854014963240115,-17.83207047122417,,-9.038519873071166,-13.080135377301618,-19.248981717248665,,-11.903962641923965,-10.532633151114691,-20.37439257888112,,-11.604359401605171,-19.35350145470707,,-11.173085180375416,-13.41762808682832,-21.592174114112332,,-10.123502523932977,-8.91364477885505,-20.01263503725411,,-9.932423091058494,-10.880636852113795,-19.79841821622324,,-10.717464345312429,-9.155254656250843,-17.95568011001731,,-10.743948187621486,-8.662758610739445,-19.075041181625743,,-14.10383385512707,-7.906824894850964,-15.044517223458568,-6.372299498950631,-19.512320524299653,,-8.419354072646884,-10.510759649727536,-21.06783216226715,,-9.901029398642688,-8.19508088838074,-19.641083993576235,,-11.610781453998353,-9.146849482442695,-20.799420146217646,,-8.381033211730154,-10.409939977996622,-20.63542688223844,,-8.956331011191645,-10.493905144186717,-18.020033848186078,,-11.194336434356117,-8.877356230937057,-17.653197270375877,,-10.263988987595207,-16.073584813064027,-19.922358039307642,,-12.151503768175335,-9.484713850191184,-24.40312803843511,,-13.938008208668752,-11.256383763190748,-22.495589955871118,,-13.635273950502583,-9.911574134123924,-19.492192987790865,,-10.86257485733255,-9.334668228196243,-20.728897903928576,,-17.63013669543763,-12.964228978944021,-26.104133846225146,,-16.259883634205227,-11.968477671174744,-27.94281217331481,,-15.415207517452284,-10.346715622668937,-21.37965469336738,,-13.230631358604638,-14.07384707252344,-22.452679849241726,,-10.170142514052166,-10.993299718067275,-20.424506598343605,,-10.917001759023906,-9.743042548922968,-21.261854874482097,,-12.610626716073755,-7.706765531680001,-23.086222890386846,,-13.301949762013184,-8.157385309814476,-22.843052885399416,,-12.148914407138125,-8.10362262574124,-23.412795672710985,,-10.445935546366503,-8.325180039534654,-23.830151101695662,,-13.496896857094686,-11.459166052629184,20,2000,46.69865,Forest,North,10.64211,F4,2027
-20.02582314409981,-13.095146925314463,,-25.770759247498773,-17.805743003284572,-11.914460079533347,,-24.33075484154979,-19.567342251065675,-12.62349376258194,,-21.32511616555728,-16.361857303964268,-13.332078402155203,,-21.259282042921427,-23.73151133799841,-12.504865194567184,,-22.273311904283062,-21.488765396252635,-13.653089737234488,,-16.373287727261786,-17.892983589331102,-10.779358345710765,,-19.421549904540814,-20.494256648235098,-11.56415732896486,,-20.839647944603428,-23.56720960187125,-18.215999111909934,-18.262403673381648,-11.71883360346,,-17.367598618790403,-18.976461886789846,-8.812084525001158,,-19.581412522335878,-22.26094609606784,-9.078576456154758,,-19.583769784614958,-18.551472609362897,-6.789298799639475,,-20.665708807463968,-13.843553100299644,,-18.45352360782536,-16.305672476206674,-8.588834453217316,,-18.222463630026994,-16.144662758100353,-9.077835074937756,,-17.24747300156799,-19.767667575651473,-9.466600628154989,,-21.156156684729332,-19.31643822789373,-9.8500981469914,,-15.693964809862972,-19.67318992370984,-9.649181166837682,,-18.441581933508683,-21.09492785048055,-18.766009684935245,-17.3427640025293,-8.186698506042223,,-17.669225586671768,-18.908499316917904,-13.644681952483147,,-19.88420598034465,-18.31523686701161,-8.397065797667059,,-19.30049591057119,-22.663479476469345,-9.718514586928315,,-19.340202238431946,-15.202922936444342,-9.839507169710723,,-21.46469024613721,-16.89907977417951,-10.870511774886698,,-19.25927930586486,-16.049141787787562,-10.235928898030277,,-18.191500844445528,-19.12130821637209,-12.3960072540563,,-21.82700527107433,-18.586438707278226,-12.023668007349428,,-22.298675615469385,-18.06460875792348,-10.526468396210065,,-15.772373808445241,-17.310515018203116,-10.117497349130582,,-19.554188606040487,-19.956488897041265,-13.69562234889627,,-22.030142421564275,-19.34982502141381,-13.16361296595831,,-22.344169146654217,-17.70048979028926,-15.438875854621678,,-19.680676838315577,-18.598915167500586,-10.186987492960276,,-17.497311421273185,-19.93154939721434,-11.58853811193598,,-17.312676396385385,-17.766948202932973,-12.954725823769682,,-17.25457394187325,-17.045713019215192,-16.129017622765907,,-14.568592446940913,-16.433397054005614,-14.40485453902091,,-17.550141521048626,-19.306741482413184,-10.44480800559564,,-17.02076737868149,-19.762707306795996,-10.410619237551145,,-21.552254972147512,-18.50140513263881,-8.134429633527109,,-18.05395044600467,-17.679719351674123,21,2000,46.69759,Forest,South,10.60724,F3,1985
-18.96810714286202,-10.028361110250819,,-23.993172604852386,-19.743099200282714,-6.934169037856602,,-23.236807200395134,-19.839087303902183,-8.538591583522393,,-20.036081719363384,-17.340378879537177,-8.116053333768065,,-20.177322011791404,-16.686909133883297,-7.485676190170043,,-22.615901306413765,-19.315052738005654,-12.202679040820383,,-18.32097071377467,-17.620576578323767,-10.165916077086417,,-21.180933710866658,-16.776115992766638,-8.6610975106061,,-20.699067311047887,-19.787236970447047,-20.987029039589395,-16.14875999117471,-4.610133693360873,,-19.41634136109188,-17.140904477886558,-8.407369013099833,,-19.925535627281143,-17.577599237122662,-6.501333759013573,,-19.128715397685937,-19.377140637011525,-7.300859634526947,,-18.54978018748382,-7.828077850651427,,-20.366257968228062,-16.60293380967919,-4.860196655834687,,-18.796962296440892,-17.51736534033816,-5.273076734782068,,-21.119452289048787,-18.79017168576524,-6.30882005230296,,-22.09734342268592,-21.175321399158197,-6.32696668224913,,-18.49025253885236,-19.92038945911836,-4.916359956806454,,-20.531565618226114,-21.26445439524384,-19.823525355327615,-19.315815912045895,-7.294593647245558,,-24.654066534395888,-20.402915519652684,-6.494170821425933,,-20.027941065972243,-16.939289702007066,-6.144393475438754,,-24.403846029453685,-20.647764953135344,-7.977936506285962,,-20.558535366575335,-19.007303923196666,-3.43967109138707,,-19.23218776742725,-19.249440382076802,-6.0206532387017475,,-22.252936112905072,-17.248346944767484,-7.561636669475483,,-25.710244227890144,-17.714401222627032,-4.829508714907624,,-17.775225569051823,-17.42829811000994,-7.52985019871248,,-26.574736889056954,-21.538885213271882,-8.06146054335644,,-18.351045713703932,-18.57291054973272,-8.296697653048412,,-21.157779295876992,-18.159997526041014,-10.967161639029396,,-25.352240845291124,-22.717046436360015,-12.816861347924517,,-24.72384345391973,-21.880829549235106,-11.444085130463488,,-23.177331102848967,-16.625141965840825,-4.653076804428988,,-18.48942980182062,-21.07137236167745,-8.76121107218356,,-20.366696728537754,-20.102398225216014,-11.1696968456701,,-20.82588349181158,-18.40688361864788,-12.12253561035087,,-22.128324765094497,-16.74208808298115,-6.199171382282812,,-18.47667904062864,-17.09613862760781,-6.700665891050597,,-19.64762875787594,-19.36882769089642,-4.296366882638962,,-17.621978048872037,-20.68977467035657,-5.566812274315911,,-22.726103950634947,-20.93481084578459,22,1700,46.69435,Forest,South,10.61268,F2,1710
-11.903367265487478,,-22.855031480187588,-15.512012416519303,-10.087241806647132,,-17.60481269258505,-16.607957314362757,-7.447436566703,,-18.873416980334415,-9.501953035803714,-12.922868482747138,,-19.802239044262976,-12.183207947495617,-8.87331525276849,,-18.07249500220098,-12.06235324207656,-8.540958875915695,,-21.224454940102603,-9.787183668685332,-10.340663787346072,,-17.095247121887517,-10.858002668164623,-10.7901612496367,,-18.188995587556356,-10.64616631880831,-9.033028476936902,-9.236067679787535,-12.754803325068675,,-16.75724953366438,-8.414243342746824,-12.78760544919345,,-15.394267868317648,-8.530332354670461,-8.067198972988836,,-19.126534355212115,-11.240863118008804,-9.555351898778921,,-18.489649754443054,-9.979594796366056,,-16.171377529577697,-11.61253116090137,-6.738756791877252,,-18.58559433457614,-11.413674866292379,-7.840204981133279,,-17.215484642317172,-12.926146895636496,-10.16236952954056,,-16.668734588022872,-12.003689399369065,-11.424930068021924,,-17.529292530085836,-11.342737541440355,-13.992914249341954,,-18.332663669419162,-9.086532872927302,-13.486345801365173,-15.254974227565071,-12.790138863069958,,-18.290762539250803,-9.711739116635359,-9.3068873323514,,-16.41141492877407,-10.100562578985567,-10.3984293611333,,-19.41866622988532,-13.854834567073656,-9.95171311870792,,-14.311709451803027,-14.329418618360565,-10.997679542614156,,-19.184858860235213,-11.841595337170858,-11.865069517482814,,-18.893195455854507,-14.158250511137267,-9.162451515664436,,-20.267421398848555,-11.497507662089328,-11.524095561645503,,-21.070863040998084,-13.456657196003729,-11.393634380527642,,-18.50181389355664,-13.246586906999351,-10.823682523177435,,-16.195545294515227,-13.091072202012551,-7.7044479242245885,,-14.352201808994119,-12.286909988765395,-6.355943933954573,,-17.201916070600504,-12.025199193469895,-8.918111377341152,,-20.316884825355036,-16.58729708362024,-11.298869477550825,,-16.947603911975342,-14.933452084970334,-8.716595430994222,,-16.515888759222307,-11.856654580341932,-11.164759341334804,,-17.092468505982172,-14.465695050939178,-8.054598232009349,,-19.124291260898396,-14.962019653900377,-11.523410345848353,,-21.502991340888677,-14.450346340752336,-11.04679660429924,,-17.879699367902056,-12.484898861412175,-11.824312681141716,,-16.227903821965427,-11.781240712309886,-9.956744142575504,,-17.19566270235896,-9.153221595329553,-8.419329338252338,,-18.4199128826464,-12.488589454265233,-7.752821510829168,23,1200,46.67776,Forest,South,10.577797,F1,1154
