"Date","Track_100","Pred_100","Track_20","Pred_20","Track_200","Pred_200","Track_50","Pred_50","Station"
"2014-10-17 05:26:30",168,0.169373583657719,168,0.227464550849315,168,0.16699428591724,168,0.164015045947364,"P3"
"2014-11-10 05:26:16",168,0.173818471538081,168,0.200956791352323,168,0.167835011816222,168,0.152635594835601,"P3"
"2015-05-29 17:06:43",117,0.152159441368982,117,0.192654608528893,117,0.115123676738817,117,0.159042475346526,"P3"
"2015-06-02 05:26:31",168,0.156440832498937,168,0.196398619436168,168,0.102888743756426,168,0.160570749285544,"P3"
"2015-06-03 17:14:51",15,0.149779648032092,15,0.177164812869969,15,0.111165771106367,15,0.142339173270402,"P3"
"2015-06-10 17:06:44",117,0.151732471553864,117,0.198909884074815,117,0.117592839021169,117,0.176707941816261,"P3"
"2015-06-14 05:26:42",168,0.167184047265374,168,0.200820617170203,168,0.116218301318016,168,0.175549579217715,"P3"
"2015-06-15 17:14:51",15,0.151732471553864,15,0.199275887304412,15,0.116528704203426,15,0.176707941816261,"P3"
"2015-06-22 17:06:45",117,0.142082684972593,117,0.157653503609887,117,0.133762466730089,117,0.150200079754556,"P3"
"2015-06-26 05:26:42",168,0.146552906283629,168,0.163140088273619,168,0.139944800028867,168,0.142509961633004,"P3"
"2015-06-27 17:14:52",15,0.159344097692642,15,0.185500114324139,15,0.147168042717574,15,0.169033659053344,"P3"
"2015-07-04 17:06:44",117,0.136139838996142,117,0.173228160663548,117,0.106023886598776,117,0.141568215105068,"P3"
"2015-07-08 05:26:42",168,0.164985117281586,168,0.181758828587921,168,0.116470033142559,168,0.15503213414617,"P3"
"2015-07-09 17:14:51",15,0.15584009029286,15,0.1501249138744,15,0.120599497238553,15,0.13667574004646,"P3"
"2015-07-16 17:06:45",117,0.151409232920355,117,0.139536934022652,117,0.120286754003455,117,0.120510030250426,"P3"
"2015-07-20 05:26:37",168,0.139777048997757,168,0.163019921643344,168,0.0972925277214805,168,0.141373047283331,"P3"
"2015-07-21 17:14:52",15,0.1587436955352,15,0.186014202856384,15,0.11955149900003,15,0.169175273932491,"P3"
"2015-07-28 17:06:46",117,0.135911235745114,117,0.185101073995116,117,0.103236428143512,117,0.144547181476714,"P3"
"2015-08-01 05:26:43",168,0.121286346931084,168,0.185570473117848,168,0.104777796771708,168,0.146957587992392,"P3"
"2015-08-02 17:14:43",15,0.153731684627174,15,0.200704870008909,15,0.119037854872756,15,0.178802633164181,"P3"
"2015-08-13 05:26:44",168,0.176836409163678,168,0.223049824124862,168,0.143163063375584,168,0.147368686703177,"P3"
"2015-08-14 17:14:54",15,0.151091287717707,15,0.174014211480969,15,0.140171126904588,15,0.162114036434119,"P3"
"2015-08-25 05:26:45",168,0.187312598350305,168,0.222236813974335,168,0.174268980806752,168,0.16247984348215,"P3"
"2015-08-26 17:14:54",15,0.180373493485323,15,0.216685428967687,15,0.163271984074084,15,0.148327205520394,"P3"
"2015-09-06 05:26:45",168,0.17465929211602,168,0.210982460480031,168,0.133541072906895,168,0.155960673982926,"P3"
"2015-09-07 17:14:55",15,0.157427158492517,15,0.183184488373575,15,0.127310753255142,15,0.127671274103867,"P3"
"2015-09-18 05:26:45",168,0.179327671053837,168,0.216316393275408,168,0.147711514933174,168,0.170984045941622,"P3"
"2015-09-19 17:14:55",15,0.169211024921343,15,0.209894274727351,15,0.136714518200506,15,0.154623536614169,"P3"
"2015-09-30 05:26:46",168,0.152885037780831,168,0.191566454385963,168,0.138623847929015,168,0.134210053587824,"P3"
"2015-10-01 17:14:55",15,0.15311694248159,15,0.194919351710364,15,0.134368778951643,15,0.143625167397811,"P3"
"2015-10-12 05:26:46",168,0.158396556164393,168,0.212242449147662,168,0.130753420124888,168,0.134117933712233,"P3"
"2015-10-13 17:14:55",15,0.191218228754908,15,0.236501840849411,15,0.158918188984273,15,0.165222855650439,"P3"
"2015-10-20 17:06:54",117,0.211118576637587,117,0.272870208636125,117,0.202178114948615,117,0.242455285772491,"P3"
"2015-10-24 05:26:40",168,0.177493756117129,168,0.185759335900263,168,0.14522499267389,168,0.185412993503405,"P3"
"2015-10-25 17:14:55",15,0.20308048925582,15,0.188725076033087,15,0.169473365250013,15,0.188877449935482,"P3"
"2015-11-01 17:06:54",117,0.202366048810082,117,0.270782124195973,117,0.201272772499318,117,0.234871962371066,"P3"
"2015-11-05 05:26:40",168,0.154819371104453,168,0.16701489210978,168,0.14169029107291,168,0.16609078637401,"P3"
"2015-11-06 17:14:55",15,0.202600034780583,15,0.218477242102825,15,0.171906512285097,15,0.207397113668832,"P3"
"2015-11-17 05:26:45",168,0.161564362766326,168,0.187585333626286,168,0.128319700608525,168,0.190770672606106,"P3"
"2015-11-18 17:14:50",15,0.16677392932735,15,0.187585333626286,15,0.132153671763897,15,0.194088282257265,"P3"
"2015-11-25 17:06:53",117,0.138857134699178,117,0.143323322590963,117,0.151767136301885,117,0.162421185068145,"P3"
"2015-11-29 05:26:44",168,0.123670690677734,168,0.108385881200009,168,0.133914593457899,168,0.134185326791035,"P3"
"2015-11-30 17:14:55",15,0.125202081496034,15,0.126253233468683,15,0.134306855874325,15,0.146312939156812,"P3"
"2015-12-07 17:06:53",117,0.125202081496034,117,0.126253233468683,117,0.150541648502091,117,0.145814222857558,"P3"
"2015-12-12 17:14:49",15,0.138857134699178,15,0.149532273826505,15,0.133521124123119,15,0.16912885260294,"P3"
"2015-12-19 17:06:53",117,0.159007935948409,117,0.165992414722424,117,0.161329091533927,117,0.171583714575738,"P3"
"2015-12-23 05:26:43",168,0.143527731645447,168,0.151741506410146,168,0.134760668848656,168,0.170839368887327,"P3"
"2015-12-24 17:14:54",15,0.138857134699178,15,0.146810958526759,15,0.133521124123119,15,0.166407537303195,"P3"
"2016-01-04 05:26:43",168,0.137325743880878,168,0.151311475132141,168,0.133128861706693,168,0.170409337609323,"P3"
"2016-01-12 17:06:52",117,0.21892710062627,117,0.233189100593562,117,0.191446477975377,117,0.210594664777674,"P3"
"2016-01-16 05:26:43",168,0.164416319033379,168,0.149319654165767,168,0.165365669883901,168,0.168417516642949,"P3"
"2016-05-27 05:26:48",NA,NA,NA,NA,168,0.0914455027796638,NA,NA,"P3"
"2016-05-28 17:14:48",NA,NA,NA,NA,15,0.0882978301600434,NA,NA,"P3"
"2016-06-04 17:06:38",NA,NA,NA,NA,117,0.0894999577476149,NA,NA,"P3"
"2016-06-08 05:26:38",NA,NA,NA,NA,168,0.0857785969100434,NA,NA,"P3"
"2016-06-09 17:14:49",NA,NA,NA,NA,15,0.0920606532044991,NA,NA,"P3"
"2016-06-28 17:06:40",117,0.160424974681933,117,0.191453911941695,117,0.132909372207258,117,0.156322038335355,"P3"
"2016-07-14 05:26:39",168,0.169352319129501,168,0.177661562091951,168,0.133580725317198,168,0.156840758679376,"P3"
"2016-07-15 17:14:50",15,0.15238620190337,15,0.162666952863555,15,0.143712888134805,15,0.143871592854536,"P3"
"2016-07-22 17:06:41",117,0.134157769573353,117,0.161634654322763,117,0.116962599957243,117,0.137658070046942,"P3"
"2016-07-26 05:26:40",168,0.152624055050159,168,0.179432307671289,168,0.120495927030603,168,0.149698176452591,"P3"
"2016-07-27 17:14:51",15,0.160261443019249,15,0.165083260482197,15,0.133992140212052,15,0.149557202762617,"P3"
"2016-08-07 05:26:50",NA,NA,NA,NA,168,0.113019493416319,NA,NA,"P3"
"2016-08-08 17:14:52",NA,NA,NA,NA,15,0.12271647107292,NA,NA,"P3"
"2016-08-15 17:06:42",NA,NA,NA,NA,117,0.126198138231092,NA,NA,"P3"
"2016-08-19 05:26:42",NA,NA,NA,NA,168,0.11536131095541,NA,NA,"P3"
"2016-08-27 17:06:58",117,0.14051050544289,117,0.170146619340569,117,0.145282524037055,117,0.132030564419043,"P3"
"2016-08-31 05:26:42",168,0.147465326827693,168,0.176214854422261,168,0.144215444844384,168,0.140854347271477,"P3"
"2016-09-01 17:14:53",15,0.128190661885955,15,0.170252631222751,15,0.134452218527735,15,0.132079088919611,"P3"
"2016-09-08 17:06:43",117,0.122748662381625,117,0.170252631222751,117,0.136436599115506,117,0.134440970934721,"P3"
"2016-09-12 05:26:42",168,0.198684854646997,168,0.203210070830896,168,0.138865168137618,168,0.172798874880871,"P3"
"2016-09-13 17:14:53",15,0.147445871542335,15,0.145368707527964,15,0.138799526426631,15,0.16986480005237,"P3"
"2016-09-20 17:06:44",117,0.176740444060952,117,0.16351421274086,117,0.139231843855586,117,0.149905029595624,"P3"
"2016-09-24 05:26:43",168,0.200328681211041,168,0.196970021742239,168,0.149147290818861,168,0.15020831740342,"P3"
"2016-09-25 17:14:54",15,0.172833205476255,15,0.175124666792249,15,0.154119145563312,15,0.146135966280544,"P3"
"2016-09-26 17:06:02",117,0.165148901883843,117,0.15930011837372,117,0.131370964747734,117,0.158513507134719,"P3"
"2016-09-30 05:26:04",168,0.170697275592061,168,0.175124666792249,168,0.147611195785635,168,0.146135966280544,"P3"
"2016-10-02 17:06:44",117,0.216485420896146,117,0.220580200020098,117,0.166511927899103,117,0.174369595816851,"P3"
"2016-10-06 05:26:43",168,0.16131132257022,168,0.136154377527987,168,0.152093112249414,168,0.166853203509652,"P3"
"2016-10-07 17:14:54",15,0.168180814029142,15,0.126736694617728,15,0.17977521114602,15,0.147222827697854,"P3"
"2016-10-14 17:06:44",117,0.221307077985665,117,0.233807900797951,117,0.200010982283492,117,0.171486271302177,"P3"
"2016-10-18 05:26:43",168,0.211974088714882,168,0.213003018892498,168,0.189610920537646,168,0.160986801237338,"P3"
"2016-10-19 17:14:54",15,0.198921570317273,15,0.194517209296833,15,0.18049682431972,15,0.142844228859563,"P3"
"2016-10-26 17:06:44",117,0.198214377099787,117,0.181661164344192,117,0.152038489845306,117,0.138758948805624,"P3"
"2016-10-30 05:26:43",168,0.150801566498895,168,0.123666537328691,168,0.1402879907736,168,0.151786586572951,"P3"
"2016-10-31 17:14:54",15,0.153704482082949,15,0.157585355240873,15,0.134336023594122,15,0.151093630422052,"P3"
"2016-11-07 17:06:44",117,0.177212933508669,117,0.223440671930808,117,0.167306727422143,117,0.182596360707085,"P3"
"2016-11-11 05:26:43",168,0.141697728440171,168,0.167797477698433,168,0.124468991172561,168,0.153264552149181,"P3"
"2016-11-12 17:14:54",15,0.197249429844657,15,0.218803248548487,15,0.170618852234206,15,0.188550779506162,"P3"
"2016-11-19 17:06:44",117,0.175654482058636,117,0.200057097564522,117,0.162275194137791,117,0.165112485781496,"P3"
"2016-11-24 17:14:54",15,0.18610814364806,15,0.234627718651295,15,0.181820332946105,15,0.190096986306209,"P3"
"2016-12-01 17:06:43",117,0.211810359022199,117,0.224104718028976,117,0.174870384294945,117,0.202905196431946,"P3"
"2016-12-05 05:26:42",168,0.148367044520574,168,0.152100838493465,168,0.122364109120722,168,0.156725288283065,"P3"
"2016-12-06 17:14:53",15,0.152155512532745,15,0.164098279878326,15,0.121648026146122,15,0.164105050050067,"P3"
"2016-12-13 17:06:43",117,0.143457149491809,117,0.1762674288297,117,0.115255146337567,117,0.158718193185861,"P3"
"2016-12-17 05:26:42",168,0.141925758673509,168,0.170932918360682,168,0.110343158206293,168,0.160240086213742,"P3"
"2016-12-18 17:14:53",15,0.135447421974092,15,0.162184764210973,15,0.10799526808973,15,0.149297492557016,"P3"
"2016-12-25 17:06:43",117,0.154130202270771,117,0.172674762962789,117,0.148489818157985,117,0.160053961448305,"P3"
"2016-12-29 05:26:42",168,0.143991811351572,168,0.144044162921063,168,0.125279666189561,168,0.166711813822362,"P3"
"2016-12-30 17:14:52",15,0.126159765314239,15,0.126224977636717,15,0.125719452374498,15,0.156092927951114,"P3"
"2017-01-06 17:06:41",117,0.117248590640341,117,0.114634577939046,117,0.150498326328372,117,0.144003811954188,"P3"
"2017-01-10 05:26:40",168,0.146053649771539,168,0.154309221273467,168,0.127341504609528,168,0.176976872174766,"P3"
"2017-01-11 17:14:51",15,0.117248590640341,15,0.114634577939046,15,0.12218953304362,15,0.147449166252762,"P3"
"2017-03-23 05:26:39",168,0.176691245216086,168,0.183926602354072,168,0.171769205660692,168,0.182692578673039,"P3"
"2017-03-24 17:14:50",15,0.192719055115797,15,0.186707520451107,15,0.174753411665279,15,0.159080260727349,"P3"
"2017-03-25 17:05:58",117,0.266878021172122,117,0.235386927940491,117,0.239573432545565,117,0.198923748383211,"P3"
"2017-03-29 05:25:55",168,0.174803255529056,168,0.190714408833267,168,0.169453836063772,168,0.173714628260163,"P3"
"2017-03-30 17:14:07",15,0.169280869769994,15,0.176796970933935,15,0.159311806117786,15,0.18326893270371,"P3"
"2017-03-31 17:06:41",117,0.169280869769994,117,0.184852796702698,117,0.171176481325593,117,0.191324758472473,"P3"
"2017-04-04 05:26:40",168,0.146417196585324,168,0.171039470739922,168,0.1409304982824,168,0.174818276703426,"P3"
"2017-04-05 17:14:51",15,0.147796180615829,15,0.170887063952127,15,0.13515517063952,15,0.17466586991563,"P3"
"2017-04-06 17:05:58",117,0.147796180615829,117,0.163842393644104,117,0.147019845847328,117,0.167621199607608,"P3"
"2017-04-10 05:25:56",168,0.176691245216086,168,0.183926602354072,168,0.171769205660692,168,0.182692578673039,"P3"
"2017-04-11 17:14:07",15,0.170912676911957,15,0.182796059740578,15,0.160943613259748,15,0.18814482926482,"P3"
"2017-04-12 17:06:41",117,0.147796180615829,117,0.146498660460483,117,0.147019845847328,117,0.168842641027448,"P3"
"2017-04-16 05:26:40",168,0.148286949633012,168,0.132270242872008,168,0.12819193328485,168,0.159222944761303,"P3"
"2017-04-17 17:14:51",15,0.143303164148122,15,0.111666201119899,15,0.117969165999161,15,0.151938841080766,"P3"
"2017-04-18 17:05:59",117,0.139773244817244,117,0.105021489780238,117,0.125276568015509,117,0.14428950573504,"P3"
"2017-04-22 05:25:56",168,0.148784871826636,168,0.130107828561546,168,0.12819193328485,168,0.162157278073021,"P3"
"2017-04-23 17:14:08",15,0.152357721550421,15,0.120063514757229,15,0.124212236026325,15,0.156790854322217,"P3"
"2017-04-24 17:06:42",117,0.143303164148122,117,0.118623171158733,117,0.125276568015509,117,0.151652730911384,"P3"
"2017-04-28 05:26:41",168,0.18668143461575,168,0.222092139755796,168,0.188942310159474,168,0.179401622507438,"P3"
"2017-04-29 17:14:52",15,0.178504031354062,15,0.21672888436879,15,0.183343309231777,15,0.179173786220443,"P3"
"2017-04-30 17:05:59",117,0.184890204962871,117,0.197441933643549,117,0.17448775259189,117,0.174233997469652,"P3"
"2017-05-04 05:25:57",168,0.168583948380894,168,0.200553127575303,168,0.175919536053,168,0.166291755403013,"P3"
"2017-05-05 17:14:09",15,0.181972982071022,15,0.218213866305645,15,0.18581247151413,15,0.178812516014091,"P3"
"2017-05-06 17:06:42",117,0.174596103228377,117,0.203518867708126,117,0.170255270104634,117,0.17373825956502,"P3"
"2017-05-10 05:26:42",168,0.136616743498482,168,0.149473909886935,168,0.109938324504501,168,0.153716547367901,"P3"
"2017-05-11 17:14:53",15,0.16234705891762,15,0.16500263679077,15,0.138572005063196,15,0.158352316714759,"P3"
"2017-05-12 17:06:00",117,0.175869792068387,117,0.185564514668301,117,0.165101867673134,117,0.165289342123096,"P3"
"2017-05-16 05:26:03",168,0.133766313666911,168,0.115555091974754,168,0.115867619985027,168,0.143466090021958,"P3"
"2017-05-17 17:14:09",15,0.16234705891762,15,0.164920018704254,15,0.138572005063196,15,0.158269698628244,"P3"
"2017-05-18 17:06:43",117,0.147559621633624,117,0.15454785257773,117,0.126994280709507,117,0.167545414219423,"P3"
"2017-05-22 05:26:42",168,0.133766313666911,168,0.115555091974754,168,0.115867619985027,168,0.143466090021958,"P3"
"2017-05-23 17:14:47",15,0.131624438437763,15,0.11733429328039,15,0.113445810812261,15,0.142576649286212,"P3"
"2017-05-24 17:06:00",117,0.132342610116358,117,0.118707811091556,117,0.120827131884812,117,0.145266755120318,"P3"
"2017-05-28 05:26:03",168,0.161755990545862,168,0.196970851320764,168,0.132883559428483,168,0.174196077657172,"P3"
"2017-05-29 17:14:10",15,0.145827183806637,15,0.166012669456948,15,0.116218750114778,15,0.153197485626239,"P3"
"2017-05-30 17:06:44",117,0.171275771374357,117,0.213124669320939,117,0.141578195122545,117,0.157608875053538,"P3"
"2017-06-03 05:26:54",168,0.179320444756136,168,0.217648278037705,168,0.151041623257199,168,0.165633142554455,"P3"
"2017-06-04 17:14:48",15,0.187648552993195,15,0.22099488110685,15,0.165085091511927,15,0.165513153810694,"P3"
"2017-06-05 17:06:01",117,0.174176811283759,117,0.214682537904881,117,0.156664541497331,117,0.162667402421632,"P3"
"2017-06-09 05:25:56",168,0.168164656436276,168,0.210201773875698,168,0.151041623257199,168,0.158186638392449,"P3"
"2017-06-10 17:14:11",15,0.182636556769474,15,0.212005606640807,15,0.191388497996682,15,0.155997171821207,"P3"
"2017-06-11 17:06:45",117,0.173138608077167,117,0.209486565807772,117,0.183976059858617,117,0.141229488772955,"P3"
"2017-06-15 05:26:55",168,0.177249737903087,168,0.208736453043375,168,0.180802614565007,168,0.141185449886482,"P3"
"2017-06-16 17:14:49",15,0.160779380833516,15,0.199653689782082,15,0.175110959188023,15,0.138929713999818,"P3"
"2017-06-17 17:06:02",117,0.140020280934082,117,0.169640831338959,117,0.162659292538343,117,0.149074735451856,"P3"
"2017-06-21 05:25:56",168,0.163007669681419,168,0.19005151637549,168,0.154164040106464,168,0.160932878804524,"P3"
"2017-06-22 17:14:11",15,0.168047029433623,15,0.206205334375665,15,0.14770740588171,15,0.143073748805337,"P3"
"2017-06-23 17:06:45",117,0.150367583081327,117,0.154654689925417,117,0.142444104412784,117,0.147869161472795,"P3"
"2017-06-27 05:26:55",168,0.170246564643634,168,0.212046934720226,168,0.132495956538966,168,0.141650976016329,"P3"
"2017-06-28 17:14:50",15,0.185212712448334,15,0.22141273173303,15,0.149458403672088,15,0.15880579514276,"P3"
"2017-06-29 17:06:02",117,0.186371201017176,117,0.224563745307363,117,0.151606915730514,117,0.159964283711602,"P3"
"2017-07-03 05:25:57",168,0.170246564643634,168,0.214046301832444,168,0.132495956538966,168,0.141650976016329,"P3"
"2017-07-04 17:14:12",15,0.177624334530352,15,0.210616798876683,15,0.150640479399255,15,0.141650976016329,"P3"
"2017-07-05 17:06:46",117,0.186311948716006,117,0.232839422814374,117,0.160186239709289,117,0.178456622834713,"P3"
"2017-07-09 05:26:56",168,0.177050588725252,168,0.207241223112065,168,0.160263805077344,168,0.154957447083522,"P3"
"2017-07-10 17:14:50",15,0.184421051949111,15,0.205811087268522,15,0.160099568220036,15,0.151257447408367,"P3"
"2017-07-11 17:06:03",117,0.191218228754908,117,0.229513937740707,117,0.168627055400688,117,0.175166304470212,"P3"
"2017-07-15 05:25:58",168,0.170387591406797,168,0.211830674464017,168,0.159308143489319,168,0.138729274769979,"P3"
"2017-07-16 17:14:13",15,0.177624334530352,15,0.210616798876683,15,0.150640479399255,15,0.141650976016329,"P3"
"2017-07-17 17:06:46",117,0.14346843811511,117,0.171126281954827,117,0.13254950883053,117,0.149044924516859,"P3"
"2017-07-21 05:26:57",168,0.154557993961387,168,0.190739050574049,168,0.127074371229112,168,0.14991772744188,"P3"
"2017-07-22 17:14:51",15,0.144420227597191,15,0.16615669708692,15,0.12809522432426,15,0.13536037679665,"P3"
"2017-07-23 17:06:04",117,0.144415924002725,117,0.176949927913599,117,0.131300984782101,117,0.143182391978607,"P3"
"2017-07-27 05:25:58",168,0.134618547627196,168,0.180426132726176,168,0.116283259627957,168,0.127759321025728,"P3"
"2017-07-28 17:14:13",15,0.133816623301581,15,0.180532144608358,15,0.114713892485599,15,0.127807845526296,"P3"
"2017-07-29 17:06:47",117,0.130072919193112,117,0.166267065652127,117,0.125522342955903,117,0.138370816222412,"P3"
"2017-08-02 05:26:58",168,0.137038154116007,168,0.174956607674854,168,0.130823248155231,168,0.139641515996773,"P3"
"2017-08-03 17:14:52",15,0.140555824395532,15,0.180220264417343,15,0.124173866414446,15,0.127495965335282,"P3"
"2017-08-04 17:06:05",117,0.143379341545523,117,0.185457647882667,117,0.131300984782101,117,0.145837209940832,"P3"
"2017-08-08 05:25:59",168,0.154557993961387,168,0.197653165402584,168,0.116172555044506,168,0.14991772744188,"P3"
"2017-08-09 17:14:14",15,0.149647984103116,15,0.189445226384814,15,0.119244770741084,15,0.142339097700584,"P3"
"2017-08-10 17:06:48",117,0.147730282487122,117,0.198167253934829,117,0.121569911018146,117,0.149238286666413,"P3"
"2017-08-14 05:26:58",168,0.151841412313042,168,0.192689027358243,168,0.113703392762153,168,0.145077996893679,"P3"
"2017-08-15 17:14:52",15,0.143379341545523,15,0.182466505480879,15,0.120302019140499,15,0.13536037679665,"P3"
"2017-08-16 17:06:05",117,0.146767573482011,117,0.184378131274379,117,0.121886481102036,117,0.141110490748247,"P3"
"2017-08-20 05:26:00",168,0.165898439846978,168,0.197653165402584,168,0.122144208453552,168,0.160099810728925,"P3"
"2017-08-21 17:14:14",15,0.146870539659018,15,0.178485565159686,15,0.122454611338961,15,0.151545044350172,"P3"
"2017-08-22 17:06:48",117,0.14896450407084,117,0.17249119357859,117,0.121886481102036,117,0.150110365294465,"P3"
"2017-08-26 05:26:59",168,0.147965479908009,168,0.155494637416339,168,0.114019962846044,168,0.141995414165392,"P3"
"2017-08-27 17:14:53",15,0.144890932539291,15,0.162225753010903,15,0.120302019140499,15,0.141552789335298,"P3"
"2017-08-28 17:06:06",117,0.150978601565694,117,0.176023506461658,117,0.115650628998199,117,0.139890230540997,"P3"
"2017-09-01 05:26:00",168,0.160202804729848,168,0.186691484031783,168,0.107899471355345,168,0.165310721643852,"P3"
"2017-09-02 17:14:15",15,0.14407178824287,15,0.189785322748113,15,0.111712365367447,15,0.157342385311296,"P3"
"2017-09-03 17:06:49",117,0.145178198833456,117,0.180436208485861,117,0.113296827328984,117,0.148542559955474,"P3"
"2017-09-07 05:26:59",168,0.195892620477634,168,0.232062751983172,168,0.145542194082198,168,0.168078228962843,"P3"
"2017-09-08 17:14:53",15,0.186065642777751,15,0.211476344537409,15,0.14884884286154,15,0.141148146718196,"P3"
"2017-09-09 17:06:06",117,0.174657739112841,117,0.211040283299783,117,0.143394463846987,117,0.143417526470711,"P3"
"2017-09-13 05:26:01",168,0.185591959973283,168,0.206922117331256,168,0.142665105789068,168,0.1468615693376,"P3"
"2017-09-14 17:14:16",15,0.192460931427181,15,0.230835981378345,15,0.151184801658162,15,0.168199709297206,"P3"
"2017-09-15 17:06:49",117,0.192460931427181,117,0.232149065608369,117,0.151184801658162,117,0.169358071895752,"P3"
"2017-09-19 05:27:00",168,0.193706911102356,168,0.223918673493508,168,0.142665105789068,168,0.154976520466673,"P3"
"2017-09-20 17:14:54",15,0.181480830147363,15,0.214373586520891,15,0.145838551082678,15,0.1468615693376,"P3"
"2017-09-21 17:06:07",117,0.192460931427181,117,0.232149065608369,117,0.151184801658162,117,0.169358071895752,"P3"
"2017-09-25 05:26:01",168,0.177486988602667,168,0.196694777275578,168,0.140419305616325,168,0.151128172407435,"P3"
"2017-09-26 17:14:16",15,0.18224493626899,15,0.199983635940682,15,0.14308579207493,15,0.143983130865032,"P3"
"2017-09-27 17:06:50",117,0.186065642777751,117,0.20128422862753,117,0.149573351708487,117,0.141148146718196,"P3"
"2017-10-01 05:27:00",168,0.206455843601969,168,0.216276898729626,168,0.160753715039315,168,0.178083491646074,"P3"
"2017-10-02 17:14:54",15,0.188836568229284,15,0.221941565111658,15,0.149440148222756,15,0.162521846592661,"P3"
"2017-10-03 17:06:07",117,0.192460931427181,117,0.220526813854948,117,0.151909310505109,117,0.169358071895752,"P3"
"2017-10-07 05:26:01",168,0.163987815943719,168,0.199418031546361,168,0.13517685476669,168,0.143417526470711,"P3"
"2017-10-08 17:14:16",15,0.196711214917446,15,0.218912222561257,15,0.199790765550968,15,0.179818396827281,"P3"
"2017-10-09 17:06:50",117,0.17783938751812,117,0.205879133303935,117,0.192550260035672,117,0.165503257328922,"P3"
"2017-10-13 05:27:00",168,0.155143691451017,168,0.17545810045522,168,0.171347849132947,168,0.157852031347852,"P3"
"2017-10-14 17:14:54",15,0.183866217736225,15,0.201027737254159,15,0.202372692007347,15,0.172789011914363,"P3"
"2017-10-15 17:06:07",117,0.177860247651007,117,0.203663505935509,117,0.189952570532084,117,0.162581556082572,"P3"
"2017-10-19 05:26:01",168,0.164511823425996,168,0.189265781992661,168,0.171694667045107,168,0.159205549704947,"P3"
"2017-10-20 17:14:16",15,0.166939115818634,15,0.17545810045522,15,0.170999581813272,15,0.158856655353917,"P3"
"2017-10-21 17:06:50",117,0.149529217083357,117,0.178810997779621,117,0.161691578143213,117,0.167267145157838,"P3"
"2017-10-25 05:27:00",168,0.15338069519034,168,0.17545810045522,168,0.165597191333765,168,0.157852031347852,"P3"
"2017-10-26 17:14:54",15,0.162553658106676,15,0.183499180707079,15,0.162054127638208,15,0.15848361383407,"P3"
"2017-10-27 17:06:07",117,0.164920602937582,117,0.200914026058894,117,0.18076424521685,117,0.162537517196099,"P3"
"2017-10-31 05:26:02",168,0.139577337903148,168,0.149704184539294,168,0.149411070359505,168,0.153389131860872,"P3"
"2017-11-01 17:14:16",15,0.15491208600864,15,0.187551433928613,15,0.165597191333765,15,0.156883321746799,"P3"
"2017-11-02 17:06:50",117,0.141108728721447,117,0.149704184539294,117,0.150985023675383,117,0.153389131860872,"P3"
"2017-11-06 05:27:00",168,0.196282786475304,168,0.217646725944232,168,0.181625544980694,168,0.178970377300503,"P3"
"2017-11-07 17:14:54",15,0.195679394124711,15,0.219850598201912,15,0.187268152556658,15,0.186313149935512,"P3"
"2017-11-08 17:06:07",117,0.176076391257442,117,0.205879133303935,117,0.18076424521685,117,0.165503257328922,"P3"
"2017-11-12 05:26:01",168,0.196282786475304,168,0.217646725944232,168,0.184094707263047,168,0.178970377300503,"P3"
"2017-11-13 17:14:16",15,0.176217418020605,15,0.202233370091966,15,0.176234804971589,15,0.163586180088637,"P3"
"2017-11-14 17:06:50",117,0.15491208600864,117,0.187551433928613,117,0.166986447972992,117,0.155878697740734,"P3"
"2018-05-25 17:06:50",NA,NA,NA,NA,117,0.135013447454648,NA,NA,"P3"
"2018-05-29 05:27:00",NA,NA,NA,NA,168,0.150823303974237,NA,NA,"P3"
"2018-05-30 17:15:11",NA,NA,NA,NA,15,0.148684622709067,NA,NA,"P3"
"2018-05-31 17:06:07",NA,NA,NA,NA,117,0.135013447454648,NA,NA,"P3"
"2018-06-04 05:26:02",NA,NA,NA,NA,168,0.145511177415456,NA,NA,"P3"
"2018-06-05 17:14:17",NA,NA,NA,NA,15,0.135986009122046,NA,NA,"P3"
"2018-06-06 17:06:50",NA,NA,NA,NA,117,0.13664525459661,NA,NA,"P3"
"2018-06-10 05:27:01",NA,NA,NA,NA,168,0.145511177415456,NA,NA,"P3"
"2018-06-11 17:15:12",NA,NA,NA,NA,15,0.145759522919113,NA,NA,"P3"
"2018-06-12 17:06:08",NA,NA,NA,NA,117,0.120984483750925,NA,NA,"P3"
"2018-06-16 05:26:03",NA,NA,NA,NA,168,0.134764629251977,NA,NA,"P3"
"2018-06-17 17:14:17",NA,NA,NA,NA,15,0.148684622709067,NA,NA,"P3"
"2018-06-18 17:06:51",117,0.133203476522596,117,0.172821678556985,117,0.123971340723869,117,0.159025335445139,"P3"
"2018-06-22 05:27:02",168,0.147237223007791,168,0.180813217114767,168,0.117642516297944,168,0.152808483393682,"P3"
"2018-06-23 17:15:12",15,0.121190030619089,15,0.159261498500941,15,0.118981693031545,15,0.133402742074346,"P3"
"2018-06-24 17:06:09",117,0.116334001498656,117,0.127061974670915,117,0.126139810592432,117,0.114009976250257,"P3"
"2018-06-28 05:26:03",168,0.108422449801691,168,0.155939412346618,168,0.130653801641669,168,0.130080655920023,"P3"
"2018-06-30 17:06:52",117,0.112567407752222,117,0.146632577542198,117,0.06452793121956,117,0.134072564911737,"P3"
"2018-07-04 05:27:02",168,0.183538670937662,168,0.192797866013018,168,0.140633308650742,168,0.145926224218337,"P3"
"2018-07-05 17:15:13",15,0.140246942682265,15,0.155085470480742,15,0.102729540734668,15,0.148912224584693,"P3"
"2018-07-06 17:06:09",117,0.139312278952696,117,0.165047200525827,117,0.106775194441187,117,0.158873954629778,"P3"
"2018-07-10 05:26:20",168,0.168480940714099,168,0.188205793985637,168,0.11669487984806,168,0.164308891685277,"P3"
"2018-07-11 17:14:19",15,0.140246942682265,15,0.149788463883022,15,0.0991975050301233,15,0.139169935506891,"P3"
"2018-07-12 17:06:53",117,0.139429348333327,117,0.149788463883022,117,0.101646977976644,117,0.139169935506891,"P3"
"2018-07-16 05:27:03",168,0.177631430292223,168,0.182690122013882,168,0.122940042595601,168,0.155076362158355,"P3"
"2018-07-17 17:15:14",15,0.140246942682265,15,0.14047008772397,15,0.102729540734668,15,0.152819110639823,"P3"
"2018-07-18 17:06:10",117,0.139429348333327,117,0.137054968775275,117,0.0981170586457662,117,0.14955103243128,"P3"
"2018-07-22 05:26:21",168,0.187691948153896,168,0.193636582578553,168,0.138652835546348,168,0.175275073756827,"P3"
"2018-07-23 17:14:20",15,0.187499459454536,15,0.20547410797222,15,0.175033777844777,15,0.176159531132617,"P3"
"2018-07-24 17:06:53",117,0.148833705341076,117,0.148783077948398,117,0.129526556530434,117,0.159938227078156,"P3"
"2018-07-28 05:27:04",168,0.145392730116056,168,0.156895898664613,168,0.123779236283617,168,0.168051047794371,"P3"
"2018-07-29 17:15:14",15,0.148833705341076,15,0.148783077948398,15,0.124218777310974,15,0.160942851084221,"P3"
"2018-07-30 17:06:11",117,0.194296176873295,117,0.207024410446039,117,0.18871254127242,117,0.175275073756827,"P3"
"2018-08-03 05:26:22",168,0.157235737728995,168,0.181749741817673,168,0.130687087338715,168,0.176774045607989,"P3"
"2018-08-04 17:14:20",15,0.149632519050982,15,0.147144004608026,15,0.124218777310974,15,0.158140973505436,"P3"
"2018-08-05 17:06:54",117,0.159928405499029,117,0.131039393679113,117,0.137093638153717,117,0.148758850493988,"P3"
"2018-08-09 05:27:04",168,0.195499465852473,168,0.218775679536778,168,0.18677938843794,168,0.17567392013067,"P3"
"2018-08-10 17:15:15",15,0.176785322024943,15,0.199896456397245,15,0.179708927389832,15,0.177587060815527,"P3"
"2018-08-11 17:06:11",117,0.177662806610279,117,0.182313859927372,117,0.184668439289618,117,0.161499342767649,"P3"
"2018-08-15 05:26:22",168,0.164251608795255,168,0.167398132429031,168,0.159580829413246,168,0.169843048018167,"P3"
"2018-08-16 17:14:21",15,0.167295357833717,15,0.167398132429031,15,0.149578010252447,15,0.173905230591815,"P3"
"2018-08-17 17:06:55",117,0.163885630506516,117,0.160314020159494,117,0.136305829806685,117,0.167255846748771,"P3"
"2018-08-21 05:27:05",168,0.167929784537979,168,0.167398132429031,168,0.15632044097189,168,0.173521223760891,"P3"
"2018-08-22 17:15:16",15,0.159928405499029,15,0.131039393679113,15,0.131785858934256,15,0.149763474500053,"P3"
"2018-08-23 17:06:12",117,0.158160748337404,117,0.135136924502347,117,0.137093638153717,117,0.152856381317221,"P3"
"2018-08-27 05:26:23",168,0.160556002869614,168,0.133865985056694,168,0.176798246053516,168,0.158830334003913,"P3"
"2018-08-28 17:14:22",15,0.163236386754049,15,0.167254657027858,15,0.170246395654071,15,0.175699467706136,"P3"
"2018-08-29 17:06:56",117,0.155510209314126,117,0.142859860817506,117,0.170167822650953,117,0.165257738893194,"P3"
"2018-09-02 05:27:06",168,0.176535226436646,168,0.202014450869764,168,0.181749337712893,168,0.156690424405132,"P3"
"2018-09-03 17:15:17",15,0.177716194665659,15,0.22140551739872,15,0.202662743222462,15,0.171893299018344,"P3"
"2018-09-04 17:06:13",117,0.178005581264812,117,0.226976717274415,117,0.202583995029733,117,0.167472696178911,"P3"
"2018-09-08 05:26:24",168,0.164815258793626,168,0.167254657027858,168,0.173225419444811,168,0.165084181050804,"P3"
"2018-09-09 17:14:22",15,0.172424096610726,15,0.207479693430647,15,0.190264059916172,15,0.166193993059524,"P3"
"2018-09-10 17:06:56",117,0.16574902218877,117,0.178373863750846,117,0.174289768380889,117,0.146965754634697,"P3"
"2018-09-14 05:27:06",168,0.183331943855405,168,0.189376735766676,168,0.187068887454352,168,0.163307135260815,"P3"
"2018-09-15 17:15:17",15,0.163236386754049,15,0.165709456680437,15,0.176747366179808,15,0.174154267358715,"P3"
"2018-09-16 17:06:13",117,0.161724028533886,117,0.167254657027858,117,0.177203338910086,117,0.169782256359708,"P3"
"2018-09-20 05:26:24",168,0.175760646489062,168,0.149305405159382,168,0.201468488984439,168,0.132172590294452,"P3"
"2018-09-21 17:14:22",15,0.160386444747754,15,0.136818668284506,15,0.204033792193961,15,0.154179239399951,"P3"
"2018-09-22 17:06:56",117,0.142585381161662,117,0.121847180742596,117,0.173521162338882,117,0.153237354809887,"P3"
"2018-09-26 05:27:06",168,0.145761847258013,168,0.130841056503408,168,0.18341520002537,168,0.162231230570699,"P3"
"2018-09-27 17:15:17",15,0.142585381161662,15,0.121847180742596,15,0.181435125563732,15,0.159775183331455,"P3"
"2018-09-28 17:06:13",117,0.142080748710098,117,0.131880278568337,117,0.172733353991851,117,0.163270452635628,"P3"
"2018-10-02 05:26:24",168,0.1422512285075,168,0.125189149639427,168,0.181783392883407,168,0.155227269688275,"P3"
"2018-10-03 17:14:23",15,0.140018910290131,15,0.121847180742596,15,0.181435125563732,15,0.159775183331455,"P3"
"2018-10-04 17:06:56",117,0.137322504332642,117,0.118232179600594,117,0.172973048781668,117,0.150774018414102,"P3"
"2018-10-08 05:27:07",168,0.161770693234454,168,0.121252100427149,168,0.220597839068358,168,0.146163192366259,"P3"
"2018-10-09 17:15:17",15,0.160226034280065,15,0.121252100427149,15,0.220323490804886,15,0.152701020887827,"P3"
"2018-10-10 17:06:14",117,0.155780751799984,117,0.126244076635846,117,0.212335608523833,117,0.149946721550229,"P3"
"2018-10-14 05:26:25",168,0.164337164105985,168,0.12296324323506,168,0.220597839068358,168,0.147874335174169,"P3"
"2018-10-15 17:14:23",15,0.160226034280065,15,0.119594475673957,15,0.220323490804886,15,0.151043396134635,"P3"
"2018-10-16 17:06:57",117,0.154284317729796,117,0.0973703738005543,117,0.211787494966618,117,0.139638193318398,"P3"
"2018-10-20 05:27:07",168,0.163402500376417,168,0.129517212925831,168,0.150050529542166,168,0.15442830486494,"P3"
"2018-10-21 17:15:18",15,0.155780751799984,15,0.126244076635846,15,0.150445796914728,15,0.156484550071798,"P3"
"2018-10-22 17:06:14",117,0.154284317729796,117,0.0973703738005543,117,0.167598009659678,117,0.139638193318398,"P3"
"2018-10-26 05:26:25",168,0.159891881625903,168,0.126244076635846,168,0.149979615442099,168,0.149946721550229,"P3"
"2018-10-27 17:14:23",15,0.183813572253235,15,0.219914709180038,15,0.209831665587402,15,0.162698338188465,"P3"
"2018-10-28 17:06:57",117,0.182166419243881,117,0.228850820251257,117,0.22482992974016,117,0.153892072843575,"P3"
"2019-05-25 17:15:17",NA,NA,NA,NA,15,0.152495377304378,NA,NA,"P3"
"2019-05-26 17:06:13",NA,NA,NA,NA,117,0.142674899725051,NA,NA,"P3"
"2019-05-30 05:26:02",NA,NA,NA,NA,168,0.135458036385867,NA,NA,"P3"
"2019-05-31 17:14:23",NA,NA,NA,NA,15,0.120860341318392,NA,NA,"P3"
"2019-06-01 17:06:56",NA,NA,NA,NA,117,0.129723331819542,NA,NA,"P3"
"2019-06-05 05:27:06",NA,NA,NA,NA,168,0.115690654304513,NA,NA,"P3"
"2019-06-06 17:15:17",NA,NA,NA,NA,15,0.106231166559383,NA,NA,"P3"
"2019-06-07 17:06:14",NA,NA,NA,NA,117,0.12267968797517,NA,NA,"P3"
"2019-06-12 17:14:23",NA,NA,NA,NA,15,0.130661350619668,NA,NA,"P3"
"2019-06-13 17:06:57",NA,NA,NA,NA,117,0.128560617464182,NA,NA,"P3"
"2019-06-17 05:27:07",NA,NA,NA,NA,168,0.115817922444515,NA,NA,"P3"
"2019-06-18 17:15:18",15,0.134971470719263,NA,NA,15,0.123164532009547,NA,NA,"P3"
"2019-06-19 17:06:15",117,0.1328729443946,NA,NA,117,0.123871509385748,NA,NA,"P3"
"2019-06-23 05:26:03",168,0.125495174507881,NA,NA,168,0.116004991129756,NA,NA,"P3"
"2019-06-25 17:06:58",117,0.14289232823464,NA,NA,117,0.129183635944529,NA,NA,"P3"
"2019-06-29 05:27:08",168,0.110782280555788,168,0.185431739042008,168,0.130800733225034,168,0.166824060341271,"P3"
"2019-06-30 17:15:19",15,0.117824634146427,15,0.185431739042008,15,0.121819544709305,15,0.163923543758673,"P3"
"2019-07-01 17:06:15",117,0.128261758148449,117,0.195117725617085,117,0.11790731707971,117,0.145321875352348,"P3"
"2019-07-05 05:26:04",168,0.174204605024695,168,0.204019051552039,168,0.171385530133662,168,0.146115833045222,"P3"
"2019-07-06 17:14:25",15,0.186674194245355,15,0.222198090956811,15,0.173769550341329,15,0.169728807337507,"P3"
"2019-07-07 17:06:58",117,0.140382225994568,117,0.165967726954583,117,0.157180868345306,117,0.157282252156966,"P3"
"2019-07-11 05:27:08",168,0.151536961670707,168,0.188448075288025,168,0.152983181932676,168,0.158172077388346,"P3"
"2019-07-12 17:15:19",15,0.146565329332958,15,0.188448075288025,15,0.144342027647616,15,0.157936431542845,"P3"
"2019-07-13 17:06:16",117,0.162625780050013,117,0.197698035702728,117,0.150198163671003,117,0.164489857226999,"P3"
"2019-07-17 05:26:05",168,0.135066294527817,168,0.1753916339934,168,0.167074906031794,168,0.166706159195783,"P3"
"2019-07-18 17:14:25",15,0.154810157465645,15,0.19182728719282,15,0.140183788641439,15,0.157380927886468,"P3"
"2019-07-19 17:06:59",117,0.154810157465645,117,0.19182728719282,117,0.1488249429265,117,0.157641943393392,"P3"
"2019-07-23 05:27:09",168,0.168066203931341,168,0.212048111864159,168,0.152547334632556,168,0.150919638378628,"P3"
"2019-07-24 17:15:20",15,0.142365969078991,15,0.157474849442491,15,0.13194457651816,15,0.137916899352464,"P3"
"2019-07-25 17:06:17",117,0.142365969078991,117,0.150517879403658,117,0.131744730280621,117,0.133724663585215,"P3"
"2019-07-29 05:26:05",168,0.18172996384527,168,0.215357249568591,168,0.164178659117142,168,0.156022204633196,"P3"
"2019-07-30 17:14:26",15,0.189917045319166,15,0.224429423965859,15,0.173239837170176,15,0.1589589767764,"P3"
"2019-07-31 17:07:00",117,0.18872654326796,117,0.228507576357126,117,0.178792786267332,117,0.177754624997236,"P3"
"2019-08-04 05:27:10",168,0.160424631833304,168,0.201568879697905,168,0.144304969460159,168,0.146253495976287,"P3"
"2019-08-05 17:15:21",15,0.189917045319166,15,0.21785675199665,15,0.178147334145672,15,0.152386304807191,"P3"
"2019-08-06 17:06:18",117,0.187269879731238,117,0.228364846866919,117,0.185725540917085,117,0.189733912303707,"P3"
"2019-08-10 05:26:06",168,0.18172996384527,168,0.215357249568591,168,0.164178659117142,168,0.156022204633196,"P3"
"2019-08-11 17:14:27",15,0.163820206564184,15,0.184566128381493,15,0.154147444743271,15,0.148112641423664,"P3"
"2019-08-12 17:07:01",117,0.182664680217281,117,0.214508388622375,117,0.157142400662241,117,0.162113256504105,"P3"
"2019-08-16 05:27:11",168,0.168413843143604,168,0.197816049754583,168,0.134304628827917,168,0.165141240084203,"P3"
"2019-08-17 17:15:22",15,0.132274959472455,15,0.138026414955968,15,0.135909650339352,15,0.132510054204406,"P3"
"2019-08-18 17:06:18",117,0.140690659265763,117,0.178714054100265,117,0.13673601644091,117,0.145812871173271,"P3"
"2019-08-22 05:26:07",168,0.161211048244116,168,0.18798022089472,168,0.13616123684738,168,0.158083537354545,"P3"
"2019-08-24 17:07:01",117,0.164600748669947,117,0.205636168243104,117,0.143609068634662,117,0.173859158737127,"P3"
"2019-08-28 05:27:11",168,0.14273699189335,168,0.178714054100265,168,0.131866987766535,168,0.145812871173271,"P3"
"2019-08-29 17:15:22",15,0.136793023040902,15,0.167882653445735,15,0.133530255983069,15,0.144842260001455,"P3"
"2019-08-30 17:06:19",117,0.158136500875399,117,0.178146181674465,117,0.142540442598832,117,0.160002794539559,"P3"
"2019-09-03 05:26:07",168,0.145183757991173,168,0.175838435712302,168,0.130849110288599,168,0.140480763411243,"P3"
"2019-09-04 17:14:28",15,0.132274959472455,15,0.130562166652164,15,0.135909650339352,15,0.125045805900602,"P3"
"2019-09-05 17:07:02",117,0.131487151125424,117,0.139065637020897,117,0.13248498739463,117,0.133208683728706,"P3"
"2019-09-09 05:27:12",168,0.183707261198833,168,0.217057153513284,168,0.139065650193258,168,0.1614191797815,"P3"
"2019-09-10 17:15:23",15,0.179651258103104,15,0.201881981224696,15,0.1311906185085,15,0.159427439741725,"P3"
"2019-09-11 17:06:19",117,0.17405542497271,117,0.200884204475801,117,0.13607493115011,117,0.142754575453001,"P3"
"2019-09-15 05:26:08",168,0.164251749121056,168,0.20220090203442,168,0.129697332576871,168,0.148206849845304,"P3"
"2019-09-16 17:14:29",15,0.156693898109907,15,0.193851723582641,15,0.131360600793405,15,0.144117912117629,"P3"
"2019-09-17 17:07:02",117,0.156693898109907,117,0.193851723582641,117,0.130508563015427,117,0.144117912117629,"P3"
"2019-09-21 05:27:13",168,0.162637871220861,168,0.213367817937043,168,0.138991491517346,168,0.144228734228721,"P3"
"2019-09-22 17:15:23",15,0.119574208163528,15,0.141350068424733,15,0.125809405754525,15,0.13171824727435,"P3"
"2019-09-27 05:26:09",168,0.15594157337303,168,0.184159923033455,168,0.110859508095442,168,0.146065896385198,"P3"
"2019-09-28 17:14:29",15,0.151689416783948,15,0.181659394772917,15,0.11586755467373,15,0.148621008398765,"P3"
"2019-09-29 17:07:03",117,0.14313156158711,117,0.178302570697655,117,0.108166781049261,117,0.141852973660556,"P3"
"2019-10-03 05:27:13",168,0.155800546609867,168,0.18141044315684,168,0.109585498379274,168,0.146021857498725,"P3"
"2019-10-04 17:15:24",15,0.15816891552066,15,0.181360075017717,15,0.132327028866614,15,0.170950760531875,"P3"
"2019-10-05 17:06:20",117,0.162982332606246,117,0.196610396894894,117,0.133990239020879,117,0.174503804744539,"P3"
"2019-10-09 05:26:09",168,0.176865862551569,168,0.184159923033455,168,0.150086224386571,168,0.147679778543899,"P3"
"2019-10-10 17:14:29",15,0.185275440686538,15,0.196296959349024,15,0.168523882349626,15,0.178716837803281,"P3"
"2019-10-11 17:07:03",117,0.182448344737001,117,0.18111112340164,117,0.171650894614739,117,0.169965491790535,"P3"
"2019-10-15 05:27:13",168,0.176724835788407,168,0.18141044315684,168,0.148812214670403,168,0.147635739657426,"P3"
"2019-10-16 17:15:24",15,0.186006616154479,15,0.195421600610427,15,0.170993044631979,15,0.178355567596929,"P3"
"2019-10-17 17:06:20",117,0.181510311271764,117,0.186947845086771,117,0.171729642807467,117,0.166455135095117,"P3"
"2019-10-21 05:26:09",168,0.190117745980399,168,0.195055597380831,168,0.167819599338369,168,0.175756416696888,"P3"
"2019-10-23 17:07:03",117,0.184726773221571,117,0.194969283755633,117,0.171729642807467,117,0.177891199865782,"P3"
"2019-10-27 05:27:13",168,0.175754177747718,168,0.178631382420489,168,0.149689699255739,168,0.144032460213578,"P3"
"2019-10-28 17:15:24",15,0.160763697483245,15,0.178302570697655,15,0.143921804248077,15,0.146066006719297,"P3"
"2019-10-29 17:06:20",117,0.178029097621821,117,0.180981673788303,117,0.171650894614739,117,0.165416795062018,"P3"
"2020-05-08 17:06:19",117,0.199553599017395,117,0.17518209643393,117,0.125410173360352,117,0.155735364283209,"P3"
"2020-05-12 05:26:11",168,0.190380636101059,168,0.158847483605484,168,0.113099570210826,168,0.148235888567403,"P3"
"2020-05-13 17:14:28",15,0.196062780487284,15,0.218876446832083,15,0.151126118964353,15,0.186777474298144,"P3"
"2020-05-14 17:07:02",117,0.216498165267838,117,0.195429039748876,117,0.153216530171204,117,0.160837930537777,"P3"
"2020-05-18 05:27:12",168,0.215108397530516,168,0.172494391651574,168,0.147026985584645,168,0.164356218182467,"P3"
"2020-05-19 17:15:23",15,0.202254290791021,15,0.146027667211692,15,0.121493162433948,15,0.132324073607752,"P3"
"2020-05-20 17:06:19",117,0.190879080227327,117,0.0929262914227722,117,0.118401354431532,117,0.11065177450669,"P3"
"2020-05-24 05:26:08",168,0.200441246422167,168,0.146877932088359,168,0.122714542304018,168,0.126850325222672,"P3"
"2020-05-25 17:14:29",15,0.190449048949322,15,0.0907638771123104,15,0.111594436837037,15,0.11508630082684,"P3"
"2020-05-26 17:07:03",117,0.182047153836912,117,0.0722323772408951,117,0.107068937739727,117,0.0922327173165632,"P3"
"2020-05-30 05:27:13",168,0.200453458235063,168,0.142636652733306,168,0.124441102180961,168,0.128339517545017,"P3"
"2020-05-31 17:15:24",15,0.201984849053362,15,0.144351000797354,15,0.124441102180961,15,0.135527613994144,"P3"
"2020-06-01 17:06:20",117,0.154189049776694,117,0.107693494361292,117,0.108985202013907,117,0.106955979585127,"P3"
"2020-06-05 05:26:09",168,0.186293445373681,168,0.20735912464753,168,0.148799702747321,168,0.176452063690512,"P3"
"2020-06-06 17:14:30",15,0.161757075435132,15,0.127563164108442,15,0.126213819343637,15,0.12799977746516,"P3"
"2020-06-07 17:07:03",117,0.189176561226805,117,0.202817860661985,117,0.152703075123649,117,0.181870705058811,"P3"
"2020-06-11 05:27:14",168,0.187645170408505,168,0.159856819040222,168,0.150216975129354,168,0.178941803582566,"P3"
"2020-06-12 17:15:24",15,0.189100813655074,15,0.16367105605937,15,0.159382764246882,15,0.190534321552287,"P3"
"2020-06-13 17:06:21",117,0.189100813655074,117,0.163305052829774,117,0.158695418947566,117,0.185060573167208,"P3"
"2020-06-17 05:26:09",168,0.159032048118443,168,0.160654899298735,168,0.0736751989893082,168,0.169217589325288,"P3"
"2020-06-19 17:07:04",117,0.171193825636775,117,0.149720472894791,117,0.121933994078894,117,0.143773899592511,"P3"
"2020-06-23 05:27:14",168,0.158101046411107,168,0.161659113568205,168,0.108897471126211,168,0.137835628271713,"P3"
"2020-06-24 17:15:25",15,0.172390406330674,15,0.147342038604867,15,0.118594448782812,15,0.133951988569642,"P3"
"2020-06-25 17:06:21",117,0.168454827207824,117,0.163757639892868,117,0.117781866860139,117,0.140811639181711,"P3"
"2020-06-29 05:26:10",168,0.143701073638604,168,0.145399811271925,168,0.115544073053233,168,0.120488741431764,"P3"
"2020-06-30 17:14:31",15,0.152297435170401,15,0.164318471699959,15,0.112985899467075,15,0.14024603478739,"P3"
"2020-07-01 17:07:04",117,0.175613072751955,117,0.158209309087974,117,0.121933994078894,117,0.149234032759358,"P3"
"2020-07-05 05:27:15",168,0.158004258576019,168,0.175064404831518,168,0.13494215838675,168,0.142086014831035,"P3"
"2020-07-06 17:15:26",15,0.155585301085541,15,0.17405293872673,15,0.137623304081219,15,0.146699719992974,"P3"
"2020-07-07 17:06:22",117,0.155585301085541,117,0.17405293872673,117,0.14082906453906,117,0.146699719992974,"P3"
"2020-07-11 05:26:11",168,0.158004258576019,168,0.175064404831518,168,0.13494215838675,168,0.142086014831035,"P3"
"2020-07-12 17:14:32",15,0.151352651273117,15,0.177723762963273,15,0.129269678758812,15,0.144496421346713,"P3"
"2020-07-13 17:07:05",117,0.147744561442409,117,0.145002262979811,117,0.137048750458315,117,0.12611422628026,"P3"
"2020-07-17 05:27:16",168,0.148207531198822,168,0.16942922391851,168,0.13727648616906,168,0.146062671784664,"P3"
"2020-07-18 17:15:26",15,0.147744561442409,15,0.145002262979811,15,0.142105220544999,15,0.12611422628026,"P3"
"2020-07-19 17:06:23",117,0.149102840319219,117,0.145662831611398,117,0.124588833501159,117,0.118373651602679,"P3"
"2020-07-23 05:26:11",168,0.152396734490619,168,0.189917794307312,168,0.133195998316091,168,0.139634076865312,"P3"
"2020-07-24 17:14:32",15,0.170310261189015,15,0.217836730632959,15,0.150527029707919,15,0.177310530828901,"P3"
"2020-07-25 17:07:06",117,0.145875002299259,117,0.18321819040476,117,0.133212846248667,117,0.13897534588451,"P3"
"2020-07-29 05:27:17",168,0.138150414500382,168,0.176462776183125,168,0.128572073463666,168,0.145081195422262,"P3"
"2020-07-30 17:15:27",15,0.16842667108498,15,0.192800920092597,15,0.149458403672088,15,0.153811355077709,"P3"
"2020-07-31 17:06:24",117,0.138306976640822,117,0.168962775140044,117,0.122796645405778,117,0.13078214710538,"P3"
"2020-08-04 05:26:12",168,0.151901499769869,168,0.170349599987426,168,0.107700106007317,168,0.154046348994517,"P3"
"2020-08-05 17:14:33",15,0.162952462519824,15,0.197981708028685,15,0.115050788337604,15,0.179892870630529,"P3"
"2020-08-06 17:07:07",117,0.159271962993728,117,0.174939051339378,117,0.113669419066675,117,0.141421515180316,"P3"
"2020-08-10 05:27:17",168,0.12231143123918,168,0.15716778742315,168,0.103195185316862,168,0.144383330597299,"P3"
"2020-08-11 17:15:28",15,0.135915750774227,15,0.176542225855965,15,0.0952729052180818,15,0.144205617438367,"P3"
"2020-08-12 17:06:24",117,0.134464555539758,117,0.17123502364377,117,0.104730438166122,117,0.14120157316409,"P3"
"2020-08-16 05:26:13",168,0.12231143123918,168,0.15716778742315,168,0.111401965268605,168,0.144383330597299,"P3"
"2020-08-17 17:14:36",15,0.162410969377771,15,0.190736716339919,15,0.113982162301773,15,0.162431217325663,"P3"
"2020-08-18 17:07:07",117,0.160293743695635,117,0.190273706905694,117,0.116635250299141,117,0.161654770345567,"P3"
"2020-08-22 05:27:18",168,0.126951673535695,168,0.161929001700784,168,0.116086545830369,168,0.130477713297543,"P3"
"2020-08-23 17:15:29",15,0.155990671371945,15,0.187607795870974,15,0.134756512850836,15,0.146498993229872,"P3"
"2020-08-24 17:06:25",117,0.141474414142032,117,0.183949967304959,117,0.127574786180795,117,0.136575672933418,"P3"
"2020-08-28 05:26:14",168,0.125680944462006,168,0.137993775888468,168,0.131331481049197,168,0.117344830518812,"P3"
"2020-08-29 17:14:34",15,0.166208083272042,15,0.192407033042942,15,0.138294301169019,15,0.152346858878368,"P3"
"2020-08-30 17:07:08",117,0.165528642496575,117,0.199668724967746,117,0.139030899344507,117,0.158781024725056,"P3"
"2020-09-03 05:27:18",168,0.156882909232637,168,0.170749249059022,168,0.127075711730284,168,0.1378162371406,"P3"
"2020-09-04 17:15:29",15,0.153324422621273,15,0.183538927901499,15,0.129444386292055,15,0.134165266417741,"P3"
"2020-09-05 17:06:26",117,0.153465449384436,117,0.184137076926508,117,0.133924156466064,117,0.131243565171391,"P3"
"2020-09-09 05:26:14",168,0.16952033306561,168,0.19719467311476,168,0.13052581915781,168,0.155772432927787,"P3"
"2020-09-10 17:14:35",15,0.164260679119355,15,0.170998200675099,15,0.132859307654201,15,0.1378162371406,"P3"
"2020-09-11 17:07:09",117,0.17609186562091,117,0.187791114688024,117,0.153517911454677,117,0.155852023701437,"P3"
"2020-10-15 05:26:15",168,0.155565494396228,168,0.199947488041697,168,0.124118647808678,168,0.145890467833599,"P3"
"2020-10-17 17:07:09",117,0.152188487851442,117,0.171495028856721,117,0.12399283997893,117,0.159187860819478,"P3"
"2020-10-21 05:27:19",168,0.165615816068466,168,0.169589543649438,168,0.127317063252914,168,0.159338718452305,"P3"
"2020-10-22 17:15:30",15,0.167147206886766,15,0.169589543649438,15,0.127317063252914,15,0.168344870352788,"P3"
"2020-10-23 17:06:26",117,0.183806590818787,117,0.191885350459963,117,0.142036400716437,117,0.187525988875713,"P3"
"2020-10-27 05:26:15",168,0.182275200000487,168,0.206053559826155,168,0.163921394386115,168,0.193584641951879,"P3"
"2020-10-28 17:14:36",15,0.185158315853611,15,0.201131041053468,15,0.174588778882532,15,0.183711018972761,"P3"
"2020-10-29 17:07:09",117,0.185158315853611,117,0.185629567411525,117,0.176578490692003,117,0.184033632280357,"P3"
"2020-11-02 05:27:19",168,0.165615816068466,168,0.169589543649438,168,0.142682131202218,168,0.159338718452305,"P3"
"2020-11-03 17:15:30",15,0.187293099022505,15,0.204692990143871,15,0.172119616600179,15,0.185845802141655,"P3"
"2020-11-04 17:06:26",117,0.182662354057311,117,0.183661720504862,117,0.169084551489196,117,0.186706080043501,"P3"
"2020-11-08 05:26:15",168,0.154682090688026,168,0.167957813671906,168,0.131118834403896,168,0.156779798412662,"P3"
"2020-11-09 17:14:35",15,0.183806590818787,15,0.207269772488387,15,0.170422922394608,15,0.196532140776196,"P3"
"2020-11-10 17:07:09",117,0.163855053604362,117,0.169589543649438,117,0.138844410442864,117,0.159338718452305,"P3"
"2020-11-14 05:27:19",168,0.142814050682492,168,0.133692876623545,168,0.109334142916477,168,0.124360921198179,"P3"
"2020-11-15 17:15:30",15,0.180010408158288,15,0.185880347164284,15,0.159282881124247,15,0.183929599989711,"P3"
"2020-11-16 17:06:26",117,0.176776550602369,117,0.170616091766136,117,0.1726723405625,117,0.175043614719503,"P3"
"2020-11-20 05:26:15",168,0.154335272775867,168,0.171495028856721,168,0.123147111779412,168,0.159187860819478,"P3"
"2020-11-21 17:14:35",15,0.155866663594167,15,0.171495028856721,15,0.125420703375163,15,0.16819401271996,"P3"
"2020-11-22 17:07:09",117,0.148645455847889,117,0.171495028856721,117,0.119885365016624,117,0.152388813545677,"P3"
"2020-11-26 05:27:19",168,0.142814050682492,168,0.129467231516328,168,0.109334142916477,168,0.120135276090962,"P3"
"2020-11-27 17:15:29",15,0.152188487851442,15,0.171495028856721,15,0.125420703375163,15,0.16819401271996,"P3"
"2020-11-28 17:06:26",117,0.167147206886766,117,0.169589543649438,117,0.150969725816887,117,0.159338718452305,"P3"
"2021-06-12 05:26:15",168,0.133747521167543,168,0.166248109986015,168,0.128368087339601,168,0.130750994949041,"P3"
"2021-06-13 17:14:36",15,0.126681443704737,15,0.13450360044363,15,0.121239285005015,15,0.130450705972615,"P3"
"2021-06-14 17:07:10",117,0.136329893760029,117,0.172860806294311,117,0.138788628221772,117,0.128326998361933,"P3"
"2021-06-18 05:27:20",168,0.133747521167543,168,0.166248109986015,168,0.128368087339601,168,0.130750994949041,"P3"
"2021-06-19 17:15:31",15,0.122490526155664,15,0.137937249997722,15,0.121616514583483,15,0.124062240567069,"P3"
"2021-06-20 17:06:36",117,0.122068365683186,117,0.137937249997722,117,0.124822275041324,117,0.124062240567069,"P3"
"2021-06-24 05:26:16",168,0.137919749112976,168,0.169574961950228,168,0.124800661915564,168,0.134077846913254,"P3"
"2021-06-25 17:14:36",15,0.120909487218173,15,0.129440547189955,15,0.128615068599008,15,0.12538765271894,"P3"
"2021-06-26 17:07:10",117,0.120909487218173,117,0.129440547189955,117,0.117567666685847,117,0.12538765271894,"P3"
"2021-06-30 05:27:21",168,0.145146521342904,168,0.173630894309879,168,0.133307220106165,168,0.143605930553513,"P3"
"2021-07-01 17:15:31",15,0.126681443704737,15,0.13450360044363,15,0.13024687574097,15,0.130450705972615,"P3"
"2021-07-02 17:06:28",117,0.120909487218173,117,0.129440547189955,117,0.117567666685847,117,0.12538765271894,"P3"
"2021-07-06 05:26:16",168,0.134579307077333,168,0.173661491837198,168,0.122314172185466,168,0.13073740487761,"P3"
"2021-07-07 17:14:37",15,0.151027464261335,15,0.164964210012356,15,0.133183422906751,15,0.141988755716171,"P3"
"2021-07-08 17:07:11",117,0.14166580035629,117,0.164528148774729,117,0.117432429576969,117,0.139841631440305,"P3"
"2021-07-12 05:27:21",168,0.134266244894085,NA,NA,168,0.12020704085167,NA,NA,"P3"
"2021-07-13 17:15:32",15,0.177427485452288,NA,NA,15,0.149795641229219,NA,NA,"P3"
"2021-07-14 17:06:42",117,0.167421790931368,NA,NA,117,0.136948355672881,NA,NA,"P3"
"2021-07-18 05:26:17",168,0.171532920757287,NA,NA,168,0.132351635070118,NA,NA,"P3"
"2021-07-19 17:14:38",15,0.139368340489054,NA,NA,15,0.133842721891128,NA,NA,"P3"
"2021-07-20 17:07:12",117,0.139715158401214,NA,NA,117,0.134875517413521,NA,NA,"P3"
"2021-07-24 05:27:22",168,0.14957503191673,NA,NA,168,0.132668205154009,NA,NA,"P3"
"2021-07-25 17:15:33",15,0.154533195314638,NA,NA,15,0.131836924759292,NA,NA,"P3"
"2021-07-26 17:06:42",117,0.177427485452288,NA,NA,117,0.148658969017509,NA,NA,"P3"
"2021-07-30 05:26:18",168,0.133418248831888,NA,NA,168,0.125872732453253,NA,NA,"P3"
"2021-07-31 17:14:39",15,0.166087039566697,NA,NA,15,0.141102853646926,NA,NA,"P3"
"2021-08-01 17:07:12",117,0.157976243283602,NA,NA,117,0.134695396436997,NA,NA,"P3"
"2021-08-23 05:26:19",NA,NA,NA,NA,168,0.121587029182882,NA,NA,"P3"
"2021-08-24 17:14:40",NA,NA,NA,NA,15,0.1296905591263,NA,NA,"P3"
"2021-08-29 05:27:24",NA,NA,NA,NA,168,0.123494388872244,NA,NA,"P3"
"2021-08-30 17:15:35",NA,NA,NA,NA,15,0.123726057807855,NA,NA,"P3"
"2021-08-31 17:06:44",NA,NA,NA,NA,117,0.122293832572108,NA,NA,"P3"
"2021-09-04 05:26:20",NA,NA,NA,NA,168,0.118321486098734,NA,NA,"P3"
"2021-09-05 17:14:40",NA,NA,NA,NA,15,0.117761865501816,NA,NA,"P3"
"2021-09-06 17:07:14",117,0.117695611017031,117,0.154888530503757,117,0.116662927926288,117,0.126364995608189,"P3"
"2021-09-10 05:27:24",168,0.141773807571264,168,0.161140996454128,168,0.117557690996889,168,0.12790034778889,"P3"
"2021-09-11 17:15:35",15,0.132139488847444,15,0.146688807876347,15,0.119825643626672,15,0.136008934207303,"P3"
"2021-09-12 17:06:45",117,0.127210667402992,117,0.128909568662441,117,0.122202606270052,117,0.119198269603143,"P3"
"2021-09-16 05:26:20",168,0.165424836580014,168,0.172144424814031,168,0.123408698522379,168,0.14991772744188,"P3"
"2021-09-17 17:14:41",15,0.148128135977829,15,0.157125022063158,15,0.123790084948444,15,0.137279633981664,"P3"
"2021-09-18 17:07:15",117,0.145708529489019,117,0.161140996454128,117,0.122009287890736,117,0.12790034778889,"P3"
"2021-09-22 05:27:25",168,0.159756304897503,168,0.188885195888433,168,0.141761369071325,168,0.155588216105535,"P3"
"2021-09-23 17:15:36",15,0.15568677802088,15,0.19128392481431,15,0.130196932624284,15,0.143754545635058,"P3"
"2021-09-24 17:06:45",117,0.156534774083078,117,0.19128392481431,117,0.133402693082125,117,0.146116427650167,"P3"
"2021-09-28 05:26:21",168,0.142153775608418,168,0.167929250811498,168,0.132330653574588,168,0.152703634172473,"P3"
"2021-09-29 17:14:41",15,0.177292858900199,15,0.20609604997756,15,0.144618244281045,15,0.163896695070668,"P3"
"2021-09-30 17:07:15",117,0.162396490591694,117,0.190303654142176,117,0.141904722718939,117,0.143706021134489,"P3"
"2021-10-04 05:27:25",168,0.160779746377657,168,0.179762294027993,168,0.135452803113991,168,0.143847047897652,"P3"
"2021-10-05 17:15:36",15,0.189312745561257,15,0.206339842004275,15,0.153059059972443,15,0.17475821913318,"P3"
"2021-10-06 17:06:45",117,0.163750146442199,117,0.199386236096246,117,0.148140574822777,117,0.159436564164773,"P3"
"2021-10-10 05:26:21",168,0.158631085715872,168,0.199293355890756,168,0.144922516428126,168,0.13572680847686,"P3"
"2021-10-11 17:14:41",15,0.155828232421466,15,0.185027896993896,15,0.11098396962271,15,0.159639399981461,"P3"
"2021-10-12 17:07:15",117,0.156175050333626,117,0.189430555432265,117,0.117659306492795,117,0.137114127579933,"P3"
"2021-10-16 05:27:25",168,0.124246520083131,168,0.156714592634824,168,0.120038700849077,168,0.145266271349519,"P3"
"2021-10-17 17:15:36",15,0.155492816125388,15,0.185027896993896,15,0.104793765630249,15,0.156738883398862,"P3"
"2021-10-18 17:06:46",117,0.163690877898872,117,0.197293988778538,117,0.148973446307072,117,0.13572680847686,"P3"
"2021-10-22 05:26:21",168,0.141702806216654,168,0.122283272089381,168,0.0960688162115982,168,0.135969051218577,"P3"
"2021-10-23 17:14:42",15,0.144797127633427,15,0.150356824164803,15,0.0960688162115982,15,0.165034091220876,"P3"
"2021-10-24 17:07:15",117,0.144797127633427,117,0.150484938448787,117,0.101028328111384,117,0.165522771596425,"P3"
"2021-10-28 05:27:25",168,0.143265736815128,168,0.14625929334157,168,0.0960688162115982,168,0.161297126489208,"P3"
"2021-10-29 17:15:36",15,0.143234197034954,15,0.117266257307071,15,0.0960688162115982,15,0.133095189109361,"P3"
"2021-10-30 17:06:45",117,0.172042026531495,117,0.175714337938511,117,0.123818489501141,117,0.180508435856238,"P3"
"2022-05-09 17:15:34",15,0.191707972992463,15,0.180095836399315,15,0.0982130525788026,15,0.195852737365342,"P3"
"2022-05-16 17:07:14",117,0.182017959519995,117,0.16239900044273,117,0.114918427305614,117,0.179814445825539,"P3"
"2022-05-20 05:27:24",168,0.162155662447421,168,0.135951264656092,168,0.0827404741718515,168,0.168648140285088,"P3"
"2022-05-21 17:15:35",15,0.148493419011452,15,0.118755200343368,15,0.0716862234820547,15,0.143287822183121,"P3"
"2022-05-28 17:07:14",117,0.13450074200747,117,0.103531985754309,117,0.0905680604666216,117,0.127073119667184,"P3"
"2022-06-01 05:27:25",168,0.199864002960072,168,0.17581525261006,168,0.0919309962843469,168,0.197818566847131,"P3"
"2022-06-02 17:15:36",15,0.164780178930491,15,0.14038678086301,15,0.123480931593539,15,0.172574936156383,"P3"
"2022-06-13 05:27:26",168,0.168975474586347,168,0.138827182267045,168,0.130147048512337,168,0.170689211555394,"P3"
"2022-06-14 17:15:36",15,0.142927744640958,15,0.122935847993035,15,0.11011513075716,15,0.153023935331383,"P3"
"2022-06-21 17:07:16",117,0.128084815489711,117,0.138040994421468,117,0.138105810549616,117,0.151423762535472,"P3"
"2022-06-25 05:27:26",168,0.204282477827249,168,0.191533593588022,168,0.163374358382579,168,0.195232103683109,"P3"
"2022-06-26 17:15:37",15,0.160484636692839,15,0.182628503069606,15,0.119288338507347,15,0.189041890380864,"P3"
"2022-07-03 17:07:17",117,0.128084815489711,117,0.120173642152795,117,0.138105810549616,117,0.13606012903146,"P3"
"2022-07-07 05:27:27",168,0.141315781954696,168,0.157615833922741,168,0.11631100416457,168,0.17674965365444,"P3"
"2022-07-08 17:15:38",15,0.128854495769014,15,0.138166974226465,15,0.114543347002945,15,0.155588173848155,"P3"
"2022-07-15 17:07:18",117,0.142847172772996,117,0.160337149222487,117,0.134949278759763,117,0.179470968954186,"P3"
"2022-07-19 05:27:28",168,0.141315781954696,168,0.157615833922741,168,0.11631100416457,168,0.17674965365444,"P3"
"2022-07-20 17:15:39",15,0.192625624354875,15,0.1773537554592,15,0.172338737270465,15,0.185217637238113,"P3"
"2022-07-27 17:07:18",117,0.164780178930491,117,0.144203042349572,117,0.152788077885956,117,0.172935502247949,"P3"
"2022-07-31 05:27:29",168,0.209233179727493,168,0.171264043266513,168,0.163514170968142,168,0.201405641668568,"P3"
"2022-08-01 17:15:39",15,0.164780178930491,15,0.139925124396899,15,0.125751421069331,15,0.171325364691293,"P3"
"2022-08-08 17:07:19",117,0.15565323038878,117,0.165962651091161,117,0.153328148064177,117,0.174232814997113,"P3"
"2022-08-12 05:27:29",168,0.152497822974391,168,0.169965283629988,168,0.145323221121681,168,0.172662637368983,"P3"
"2022-08-13 17:15:40",15,0.12932399904089,15,0.1407035505892,15,0.125736407245147,15,0.158756099451468,"P3"
"2022-08-20 17:07:20",117,0.146783013145776,117,0.164123454405605,117,0.133010445096383,117,0.17096644457324,"P3"
"2022-08-25 17:15:41",15,0.1338641610447,15,0.100925888244435,15,0.116954506872792,15,0.127882720258704,"P3"
"2022-09-01 17:07:20",117,0.130334241713821,117,0.0748541686066875,117,0.134074081688106,117,0.100055700492367,"P3"
"2022-09-05 05:27:31",168,0.146325447230382,168,0.11887041813324,168,0.118722164034418,168,0.147539870257517,"P3"
"2022-09-06 17:15:42",NA,NA,NA,NA,15,0.117808975301651,NA,NA,"P3"
"2022-09-13 17:07:21",NA,NA,NA,NA,117,0.158779081217332,NA,NA,"P3"
"2022-09-17 05:27:31",NA,NA,NA,NA,168,0.122242004025417,NA,NA,"P3"
"2022-09-18 17:15:41",NA,NA,NA,NA,15,0.117808975301651,NA,NA,"P3"
"2022-09-25 17:07:21",117,0.166818396723197,117,0.173528402042254,117,0.180463569757437,117,0.173042540892893,"P3"
"2022-09-29 05:27:31",168,0.153707314855403,168,0.173528402042254,168,0.160098735285302,168,0.173042540892893,"P3"
"2022-09-30 17:15:42",15,0.20431542397254,15,0.193900455456656,15,0.183565565360114,15,0.193708411042566,"P3"
"2022-10-07 17:07:21",117,0.126586370816702,117,0.135530917813352,117,0.157436444627359,117,0.153312683526607,"P3"
"2022-10-11 05:27:31",168,0.204724252141051,168,0.192223433159447,168,0.16841765604797,168,0.200473088270133,"P3"
"2022-10-12 17:15:42",15,0.197990973913831,15,0.178075218065373,15,0.161228253934731,15,0.189456659844318,"P3"
"2022-10-19 17:07:21",117,0.135183939003426,117,0.109520348470102,117,0.136094590998616,117,0.127302114183357,"P3"
"2022-10-23 05:27:31",168,0.192693866477966,168,0.198953461643455,168,0.174068777056682,168,0.191171813402043,"P3"
"2022-10-24 17:15:42",15,0.208313648899779,15,0.220543324700578,15,0.202197664330845,15,0.199261716158769,"P3"
"2022-10-31 17:07:21",117,0.218823048068328,117,0.193498645335715,117,0.185084689090285,117,0.195295167072434,"P3"
"2022-11-04 05:27:31",168,0.205700115225281,168,0.219225613579497,168,0.21400271933582,168,0.197445288738435,"P3"
"2022-11-05 17:15:42",15,0.21432727753776,15,0.222695724418314,15,0.197613639130399,15,0.19816616870168,"P3"
"2022-11-12 17:07:21",117,0.226929534172332,117,0.20853353450892,117,0.205890572381751,117,0.19368990368221,"P3"
"2022-11-16 05:27:31",168,0.176453504379808,168,0.161920830107588,168,0.172510693688208,168,0.161323857424654,"P3"
