"Date","Track_100","Pred_100","Track_20","Pred_20","Track_200","Pred_200","Track_50","Pred_50","Track_500","Pred_500","Station"
"2015-06-10 17:06:44",117,0.265828222849284,117,0.240471884605412,117,0.284472091455034,117,0.279019269951458,NA,NA,"NEPAS"
"2015-06-17 16:58:22",44,0.298922823542604,44,0.233552043520438,44,0.291961084187576,44,0.24945579914481,NA,NA,"NEPAS"
"2015-06-22 17:06:45",117,0.297023844190243,117,0.249211866800119,117,0.293498283377419,117,0.229649421116171,NA,NA,"NEPAS"
"2015-06-29 16:58:23",44,0.277496161111354,44,0.249211866800119,44,0.271272310124514,44,0.229649421116171,NA,NA,"NEPAS"
"2015-07-03 05:18:21",95,0.350144515800818,95,0.23987148244797,95,0.340770253676803,95,0.318113860786798,NA,NA,"NEPAS"
"2015-07-04 17:06:44",117,0.34137450383603,117,0.232191332557762,117,0.317056330550129,117,0.269980835446864,NA,NA,"NEPAS"
"2015-07-11 16:58:33",44,0.295596159719586,44,0.241678000524597,44,0.289372308732745,44,0.242999421199617,NA,NA,"NEPAS"
"2015-08-21 17:06:27",117,0.28885834579364,117,0.244328647831613,117,0.308979855070401,117,0.234602555337528,117,0.227785503442322,"NEPAS"
"2015-08-28 16:58:25",44,0.269744379367708,44,0.264704031009738,44,0.283289150408489,44,0.236417334475383,44,0.220180395381678,"NEPAS"
"2015-09-01 05:18:24",95,0.294622966698397,95,0.269225856098327,95,0.307549457052721,95,0.238966766926323,95,0.226847909613287,"NEPAS"
"2015-09-02 17:06:28",117,0.241387239718713,117,0.236988269679276,117,0.234072111970186,117,0.263722433243441,117,0.249304330379232,"NEPAS"
"2015-09-09 16:58:25",44,0.235131796157848,44,0.23572405144281,44,0.201954718438738,44,0.228671441202516,44,0.201087414583745,"NEPAS"
"2015-09-13 05:18:24",95,0.249566456927038,95,0.228879665954,95,0.204299826625598,95,0.241528216100821,95,0.227924563434624,"NEPAS"
"2015-09-14 17:06:28",117,0.259049646535505,117,0.23716021800165,117,0.267440253819205,117,0.268598202417296,117,0.257923773946652,"NEPAS"
"2015-09-21 16:58:25",44,0.258538471483143,44,0.22312216474957,44,0.210964435266223,44,0.234629573225961,44,0.218055375122886,"NEPAS"
"2015-09-26 17:06:28",117,0.24657897657995,117,0.227033327277343,117,0.214053841998665,117,0.238540735753734,117,0.209494088130357,"NEPAS"
"2015-10-20 17:06:54",117,0.253556291140884,117,0.182896540770972,117,0.234399012157363,117,0.184752877439626,117,0.191119554552535,"NEPAS"
"2015-10-24 05:26:40",168,0.250276494704116,168,0.194058529991142,168,0.228564707819811,168,0.204591403891863,168,0.197497024187952,"NEPAS"
"2015-10-27 16:58:26",44,0.268182913945,44,0.190319016571369,44,0.22324787457957,44,0.188554801169539,44,0.187749938296525,"NEPAS"
"2015-10-31 05:18:25",95,0.218575870966691,95,0.182411502620506,95,0.225488485977607,95,0.182411502620506,95,0.211675766975052,"NEPAS"
"2015-11-01 17:06:54",117,0.230021545882862,117,0.193857177536677,117,0.223432341111505,117,0.185180640304609,117,0.207707063653716,"NEPAS"
"2015-11-05 05:26:40",168,0.193895447378755,168,0.186550032749213,168,0.201673459711129,168,0.186550032749213,168,0.194043724058253,"NEPAS"
"2015-11-12 05:18:08",95,0.203322392801234,95,0.182188510697253,95,0.197792079616487,95,0.187065834127024,95,0.177146880014313,"NEPAS"
"2015-11-17 05:26:20",168,0.203537389723368,168,0.185790294287002,168,0.196252149498112,168,0.188121950908886,168,0.182873749156906,"NEPAS"
"2015-11-20 16:58:36",44,0.168591892752747,44,0.152146610204032,44,0.170942350525657,44,0.148347396401736,44,0.165996868134362,"NEPAS"
"2015-11-24 05:18:08",95,0.202741724522467,95,0.184994629086101,95,0.193972147610456,95,0.187326285707986,95,0.18279113107039,"NEPAS"
"2015-11-25 17:06:53",117,0.174072822249906,117,0.150219249056265,117,0.174918129613008,117,0.149012360370075,117,0.167530150805891,"NEPAS"
"2015-11-29 05:26:19",168,0.169452013461995,168,0.150219249056265,168,0.165909228260106,168,0.157688897602143,168,0.170288064711318,"NEPAS"
"2015-12-02 16:58:25",44,0.190152740765857,44,0.152146610204032,44,0.172910803789677,44,0.148347396401736,44,0.196266876885037,"NEPAS"
"2016-05-27 05:26:23",168,0.237783845913403,168,0.16150938697195,168,0.209452933948232,168,0.176061770764936,168,0.311305256163613,"NEPAS"
"2016-05-30 16:58:27",44,0.283893184679966,44,0.233410923088085,44,0.253726368317279,44,0.251663261230678,44,0.333517379388446,"NEPAS"
"2016-06-03 05:18:28",95,0.260611802864024,95,0.163073035225981,95,0.219111505029675,95,0.177625419018967,95,0.205607302890504,"NEPAS"
"2016-06-04 17:06:38",117,0.228660467592797,117,0.188228112302965,117,0.196355907796294,117,0.181090366738055,117,0.182222454350308,"NEPAS"
"2016-06-08 05:26:38",168,0.237783845913403,168,0.16150938697195,168,0.209452933948232,168,0.176061770764936,168,0.205930108610991,"NEPAS"
"2016-06-11 16:58:27",44,0.283893184679966,44,0.233410923088085,44,0.253726368317279,44,0.251663261230678,44,0.230543498772949,"NEPAS"
"2016-06-15 05:18:29",95,0.232029876984443,95,0.15575541804299,95,0.192071565490958,95,0.170307801835976,95,0.200547673356525,"NEPAS"
"2016-09-07 05:18:33",95,0.225556557175568,95,0.204477707528454,95,0.272196756335789,95,0.193905662905437,95,0.250817370391734,"NEPAS"
"2016-09-08 17:06:43",117,0.211094505870512,117,0.197774154746119,117,0.261214991415144,117,0.187202110123101,117,0.258342894425538,"NEPAS"
"2016-09-12 05:26:42",168,0.225757997643662,168,0.204679147996549,168,0.247305251023315,168,0.194107103373531,168,0.250225116712857,"NEPAS"
"2016-09-15 16:58:41",44,0.239782851705363,44,0.183516232373064,44,0.241370893079237,44,0.172944187750047,44,0.250616092903731,"NEPAS"
"2016-09-19 05:18:34",95,0.24683500659108,95,0.190565894207848,95,0.28270447931128,95,0.191486983801125,95,0.263210061403676,"NEPAS"
"2016-09-20 17:06:44",117,0.230181030814166,117,0.21766442037428,117,0.265660105595138,117,0.207092375751263,117,0.267743390524453,"NEPAS"
"2016-09-24 05:26:43",168,0.170818601183768,168,0.191546935309811,168,0.173933263468381,168,0.187773458926636,168,0.245372659029765,"NEPAS"
"2016-09-26 17:06:02",117,0.170818601183768,117,0.191546935309811,117,0.19216130278376,117,0.187773458926636,117,0.262341957112439,"NEPAS"
"2016-09-27 16:58:32",44,0.202990962311888,44,0.18125278844691,44,0.180607096294329,44,0.171638682800874,44,0.25607073846885,"NEPAS"
"2016-09-30 05:26:04",168,0.177822227765492,168,0.147961212487143,168,0.175838028986773,168,0.166665951133635,168,0.203282948026227,"NEPAS"
"2016-10-01 05:18:34",95,0.163720493927287,95,0.139671450052096,95,0.156984349676309,95,0.158376188698589,95,0.181838106672446,"NEPAS"
"2016-10-02 17:06:44",117,0.203416966141538,117,0.172908502618922,117,0.201690086633831,117,0.18199410861122,117,0.221468478416791,"NEPAS"
"2016-10-06 05:26:43",168,0.157461081967104,168,0.134011747256062,168,0.163222107422889,168,0.154487819831956,168,0.180498212953518,"NEPAS"
"2016-10-07 05:17:44",95,0.168234318390018,95,0.153099026545785,95,0.160978611713295,95,0.173575099121679,95,0.186485864614333,"NEPAS"
"2016-10-09 16:58:32",44,0.178481138305317,44,0.153099026545785,44,0.171408652978479,44,0.163442726888337,44,0.185622937149668,"NEPAS"
"2016-10-13 05:18:34",95,0.168234318390018,95,0.153099026545785,95,0.160978611713295,95,0.172119264120406,95,0.186485864614333,"NEPAS"
"2016-10-14 17:06:44",117,0.224079425953995,117,0.188262331609883,117,0.230842159486184,117,0.199153396426685,117,0.199707677352404,"NEPAS"
"2016-10-18 05:26:43",168,0.22395925932372,168,0.188262331609883,168,0.230721992855909,168,0.207829933658753,168,0.207226310669788,"NEPAS"
"2016-10-19 05:17:44",95,0.203010495927474,95,0.176163382153528,95,0.196531670947508,95,0.193925525377894,95,0.226336760935758,"NEPAS"
"2016-10-21 16:58:32",44,0.178481138305317,44,0.153099026545785,44,0.171408652978479,44,0.164898561889611,44,0.185622937149668,"NEPAS"
"2016-10-25 05:18:34",95,0.222033432130748,95,0.18001760349201,95,0.216612510744819,95,0.190079163757895,95,0.224602631068992,"NEPAS"
"2016-10-26 17:06:44",117,0.202827453856676,117,0.16221233467606,117,0.196426336950354,117,0.166206303697154,117,0.204124804272363,"NEPAS"
"2016-10-30 05:26:43",168,0.162116005513729,168,0.15601335132122,168,0.154995633585414,168,0.166010657677334,168,0.174555509748485,"NEPAS"
"2016-10-31 05:17:44",95,0.157199851178756,95,0.150626372016371,95,0.149944144502033,95,0.166002230554288,95,0.184208836664729,"NEPAS"
"2016-11-02 16:58:32",44,0.170476278550668,44,0.150626372016371,44,0.154995633585414,44,0.151947141140417,44,0.17796735701826,"NEPAS"
"2016-11-06 05:18:34",95,0.209777157983798,95,0.164028509986507,95,0.215470617270609,95,0.171120290661378,95,0.23226003997234,"NEPAS"
"2016-11-07 17:06:44",117,0.194347704294512,117,0.174880533636468,117,0.187946587388191,117,0.178874502657563,117,0.186337938689764,"NEPAS"
"2016-11-11 05:26:43",168,0.172739522169605,168,0.155425887381331,168,0.167459090463366,168,0.16903898905662,168,0.194699255997177,"NEPAS"
"2016-11-12 05:17:38",95,0.215301601911211,95,0.180956778466543,95,0.209880680525282,95,0.191018338732427,95,0.217870800849454,"NEPAS"
"2016-11-14 16:58:32",44,0.229121410149698,44,0.182983343624834,44,0.227454516547778,44,0.18436836665865,44,0.214380581714415,"NEPAS"
"2017-05-25 16:58:26",44,0.212780334764444,44,0.191801955141234,44,0.257967383578458,44,0.197634851616529,44,0.222381292967006,"NEPAS"
"2017-05-28 05:26:03",168,0.188222532117818,168,0.186483166935807,168,0.216222076761593,168,0.174967638030681,168,0.189845577023024,"NEPAS"
"2017-05-29 05:18:20",95,0.186493687294001,95,0.180719179719988,95,0.22012790196087,95,0.173238793206863,95,0.192425298138697,"NEPAS"
"2017-05-30 17:06:44",117,0.216916174112816,117,0.191382583832379,117,0.255153395107761,117,0.196684288603586,117,0.222381292967006,"NEPAS"
"2017-05-31 16:58:08",44,0.231714631612601,44,0.186637232479612,44,0.256520049597422,44,0.191938937250819,44,0.212071938324445,"NEPAS"
"2017-06-03 05:26:29",168,0.195888864524738,168,0.19608448819112,168,0.209995314858344,168,0.185644202404387,168,0.185168861708564,"NEPAS"
"2017-06-04 05:17:44",95,0.225992815234941,95,0.236048015054016,95,0.234234565447911,95,0.219315939944641,95,0.20006974967757,"NEPAS"
"2017-06-05 17:06:01",117,0.199698034152118,117,0.197958668970106,117,0.213708144421173,117,0.17829095503684,117,0.200224747731237,"NEPAS"
"2017-06-06 16:58:27",44,0.211890691234518,44,0.191801955141234,44,0.211823261729665,44,0.197634851616529,44,0.182210157357205,"NEPAS"
"2017-06-09 05:25:56",168,0.199434442551675,168,0.19608448819112,168,0.213540892885281,168,0.195338094312568,168,0.188714439735501,"NEPAS"
"2017-06-10 05:18:21",95,0.216916174112816,95,0.191382583832379,95,0.222725291764836,95,0.196684288603586,95,0.195943760718806,"NEPAS"
"2017-06-11 17:06:45",117,0.195084189992901,117,0.191801955141234,117,0.210763560378472,117,0.191055561262683,117,0.175630867003358,"NEPAS"
"2017-06-12 16:58:09",44,0.212791099703186,44,0.199050228323943,44,0.209995314858344,44,0.188609942537211,44,0.181023354456941,"NEPAS"
"2017-06-15 05:26:30",168,0.216916174112816,168,0.191382583832379,168,0.223157389567284,168,0.196684288603586,168,0.197689792446446,"NEPAS"
"2017-06-16 05:17:44",95,0.231019927873464,95,0.236296967510507,95,0.239261678086434,95,0.224343052583164,95,0.205096862316093,"NEPAS"
"2017-06-17 17:06:02",117,0.210456474696001,117,0.198032561516929,117,0.228759723995883,117,0.190224589186771,117,0.210030114023256,"NEPAS"
"2017-06-18 16:58:28",44,0.19509350669441,44,0.181412177497785,44,0.196874867534151,44,0.166614012534447,44,0.192315805502598,"NEPAS"
"2017-06-21 05:25:56",168,0.188222532117818,168,0.18564876035788,168,0.197076308002246,168,0.174967638030681,168,0.200176991743885,"NEPAS"
"2017-06-22 05:18:21",95,0.201663480346747,95,0.190967548563308,95,0.211391163927218,95,0.197634851616529,95,0.203403831905716,"NEPAS"
"2017-06-23 17:06:45",117,0.194977141100338,117,0.190860499670745,117,0.21065651148591,117,0.19094851237012,117,0.192699052868935,"NEPAS"
"2017-06-24 16:58:09",44,0.214169171370912,44,0.189679291211489,44,0.215985174521354,44,0.17899816888429,44,0.213158987479789,"NEPAS"
"2017-06-27 05:26:30",168,0.225992815234941,168,0.230435448294057,168,0.213105198615456,168,0.219315939944641,168,0.21403353970572,"NEPAS"
"2017-06-28 05:17:45",95,0.267503720092607,95,0.265468887898727,95,0.249641557027794,95,0.267404914388373,95,0.250733675857336,"NEPAS"
"2017-06-29 17:06:02",117,0.198854604657562,117,0.198215821746017,117,0.22104168293616,117,0.188609942537211,117,0.189833421939755,"NEPAS"
"2017-06-30 16:58:28",44,0.233037170926499,44,0.23521360847609,44,0.213105198615456,44,0.219315939944641,44,0.202344261043849,"NEPAS"
"2017-07-03 05:25:57",168,0.216916174112816,168,0.190548177254453,168,0.234336054083547,168,0.196684288603586,168,0.206844822737444,"NEPAS"
"2017-07-04 05:18:22",95,0.189392779539163,95,0.193576524675291,95,0.222486836225721,95,0.194558690927806,95,0.206652002915856,"NEPAS"
"2017-07-05 17:06:46",117,0.193341047347427,117,0.201701297082793,117,0.229156913657982,117,0.200383753858399,117,0.194920553312301,"NEPAS"
"2017-07-06 16:58:10",44,0.209984973948444,44,0.189293991625406,44,0.228999150002439,44,0.206549340139948,44,0.2040149409453,"NEPAS"
"2017-07-09 05:26:31",168,0.21457565577925,168,0.231797126196438,168,0.219315499393806,168,0.231857793307512,168,0.201123026125569,"NEPAS"
"2017-07-10 05:17:46",95,0.249428241694567,95,0.267925888262372,95,0.260383499052574,95,0.265521745512378,95,0.244828223595527,"NEPAS"
"2017-07-11 17:06:03",117,0.203906262804967,117,0.18795060331481,117,0.240514912894995,117,0.204674760125264,117,0.213383052744765,"NEPAS"
"2017-07-12 16:58:29",44,0.177419510169598,44,0.168433020369516,44,0.198202329569028,44,0.161440509416394,44,0.190146371513188,"NEPAS"
"2017-07-15 05:25:58",168,0.210420089127241,168,0.188874620316551,168,0.239443634310131,168,0.205598777127004,168,0.214712188193243,"NEPAS"
"2017-07-16 05:18:23",95,0.210420089127241,95,0.188874620316551,95,0.237933908628571,95,0.205598777127004,95,0.219172933653738,"NEPAS"
"2017-07-17 17:06:46",117,0.188117217906563,117,0.192300963042691,117,0.229830866244833,117,0.193283129295205,117,0.191494010207418,"NEPAS"
"2017-07-18 16:58:11",44,0.21363488027458,44,0.209450401204027,44,0.223750561406999,44,0.208132857979633,44,0.19534850539887,"NEPAS"
"2017-08-05 16:58:30",44,0.194142536382746,44,0.210683606796715,44,0.215736511883103,44,0.195781418066234,44,0.192680813107681,"NEPAS"
"2017-08-08 05:25:59",168,0.17261109343733,168,0.192315567924526,168,0.198538844556983,168,0.187557525826208,168,0.207610006500804,"NEPAS"
"2017-08-09 05:18:24",95,0.172168410984861,95,0.205911640664138,95,0.176118445122924,95,0.168497582915748,95,0.191088997866324,"NEPAS"
"2017-08-10 17:06:48",117,0.182965070499401,117,0.210683606796715,117,0.195623745740104,117,0.195781418066234,117,0.200779268636737,"NEPAS"
"2017-08-11 16:58:12",44,0.188457562480377,44,0.214977885665743,44,0.207327189307952,44,0.188485232720882,44,0.192554300460747,"NEPAS"
"2017-08-14 05:26:33",168,0.18015444786259,168,0.250859078550068,168,0.210850059011362,168,0.227132232637969,168,0.206723612409991,"NEPAS"
"2017-08-15 05:17:48",95,0.172595638047053,95,0.19833376286405,95,0.178929888790083,95,0.176955403243391,95,0.182243867209588,"NEPAS"
"2017-08-16 17:06:05",117,0.180802284173935,117,0.204104316442869,117,0.193460959414639,117,0.189202127712388,117,0.198616482311271,"NEPAS"
"2017-08-17 16:58:31",44,0.191683331472972,44,0.204069104956312,44,0.211225026906697,44,0.194502853399619,44,0.207736282999206,"NEPAS"
"2017-08-20 05:26:00",168,0.174393521904696,168,0.204242143024055,168,0.202222891474038,168,0.189339954293574,168,0.203692163834019,"NEPAS"
"2017-08-21 05:18:25",95,0.177217027239979,95,0.203232707546753,95,0.186854222153224,95,0.172566621288562,95,0.202547491631258,"NEPAS"
"2017-08-22 17:06:48",117,0.178411136739558,117,0.199179773884289,117,0.21244797109333,117,0.189728828019611,117,0.184847664215435,"NEPAS"
"2017-08-23 16:58:13",44,0.187198410760954,44,0.191912526989362,44,0.218038336436145,44,0.192605727756847,44,0.187893642098566,"NEPAS"
"2017-08-26 05:26:34",168,0.179243837977786,168,0.197145244469379,168,0.197407273754217,168,0.182514856338919,168,0.18180285689243,"NEPAS"
"2017-08-27 05:17:48",95,0.183856791786701,95,0.199289491757645,95,0.214160041029064,95,0.195174483066754,95,0.198722593367138,"NEPAS"
"2017-08-28 17:06:06",117,0.174985598716088,117,0.195754235860818,117,0.21244797109333,117,0.18630328999614,117,0.181422126191964,"NEPAS"
"2017-08-29 16:58:32",44,0.193173102626052,44,0.192399893116612,44,0.197407273754217,44,0.177769504986152,44,0.197183126388329,"NEPAS"
"2017-09-01 05:26:00",168,0.214603784606252,168,0.256738173961274,168,0.248624361230419,168,0.238462570914978,168,0.220410719508868,"NEPAS"
"2017-09-02 05:18:25",95,0.20655724290727,95,0.253336051828155,95,0.235369861526745,95,0.236378158116991,95,0.209417636147251,"NEPAS"
"2017-09-03 17:06:49",117,0.18369293875804,117,0.201596571191716,117,0.212385266885112,117,0.192145625327038,117,0.186431296842096,"NEPAS"
"2017-09-04 16:58:13",44,0.188988559783466,44,0.201596571191716,44,0.212120795058444,44,0.192145625327038,44,0.184806733423162,"NEPAS"
"2017-09-07 05:26:34",168,0.195966424317389,168,0.19985528253539,168,0.197007134606185,168,0.186510269805228,168,0.194790961130076,"NEPAS"
"2017-09-08 05:17:49",95,0.191221072964622,95,0.186364325591257,95,0.175267104958529,95,0.174029903995024,95,0.214881013192498,"NEPAS"
"2017-09-09 17:06:06",117,0.20151658492268,117,0.208672642055698,117,0.184581383226662,117,0.172150337303592,117,0.223183330165889,"NEPAS"
"2017-09-10 16:58:32",44,0.212880311158757,44,0.208672642055698,44,0.189013042757541,44,0.172150337303592,44,0.223183330165889,"NEPAS"
"2017-09-13 05:26:01",168,0.29028884084324,168,0.309866639916831,168,0.27438149434659,168,0.292244124417362,168,0.266418829612054,"NEPAS"
"2017-09-14 05:18:25",95,0.259282263128773,95,0.278860062202365,95,0.256059792265843,95,0.261237546702896,95,0.262563795979301,"NEPAS"
"2017-09-15 17:06:49",117,0.198010622816398,117,0.187556046923628,117,0.200142589091115,117,0.190545214225339,117,0.205662291856624,"NEPAS"
"2017-09-16 16:58:14",44,0.211896569185195,44,0.191109676944024,44,0.195282062023358,44,0.178775255347791,44,0.195233257758458,"NEPAS"
"2017-09-19 05:26:35",168,0.237500496216133,168,0.252381693895539,168,0.232494725357756,168,0.23640205738347,168,0.239628759379116,"NEPAS"
"2017-09-20 05:17:49",95,0.198010622816398,95,0.187556046923628,95,0.191907635604099,95,0.190545214225339,95,0.215371877927479,"NEPAS"
"2017-09-21 17:06:07",117,0.194066428836027,117,0.201222485969045,117,0.184581383226662,117,0.164700181216939,117,0.215733174079236,"NEPAS"
"2017-09-22 16:58:32",44,0.206072590386256,44,0.200241083267651,44,0.187078734376222,44,0.186896070537489,44,0.176692725495715,"NEPAS"
"2017-09-25 05:26:01",168,0.217784495324349,168,0.218893734463137,168,0.24393641609162,168,0.229896751282995,168,0.257728043951958,"NEPAS"
"2017-09-26 05:18:26",95,0.208234371378358,95,0.220519774372627,95,0.231859110978718,95,0.206258694266435,95,0.233970385185128,"NEPAS"
"2017-09-27 17:06:50",117,0.200509433280451,117,0.215729959671879,117,0.231298440390074,117,0.193316694537547,117,0.221685495022494,"NEPAS"
"2017-09-28 16:58:14",44,0.243855376707049,44,0.237802453236198,44,0.252306647086355,44,0.234068287780452,44,0.28567059100633,"NEPAS"
"2017-10-01 05:26:35",168,0.227770744990593,168,0.265860450854753,168,0.243346537389889,168,0.273811280766227,168,0.260935796606527,"NEPAS"
"2017-10-02 05:17:50",95,0.227770744990593,95,0.265860450854753,95,0.247687858436382,95,0.273811280766227,95,0.26890544204094,"NEPAS"
"2017-10-03 17:06:07",117,0.212259717326004,117,0.230638063261386,117,0.24417176431057,117,0.208224798127054,117,0.23444696573476,"NEPAS"
"2017-10-04 16:58:33",44,0.202738935100437,44,0.214202555316155,44,0.224884894742397,44,0.191789290181823,44,0.221685495022494,"NEPAS"
"2017-10-07 05:26:01",168,0.208234371378358,168,0.220519774372627,168,0.233732872715247,168,0.206258694266435,168,0.226000739750715,"NEPAS"
"2017-10-08 05:18:26",95,0.179323307598711,95,0.19225657955937,95,0.200666629688989,95,0.176609487836499,95,0.209501018804515,"NEPAS"
"2017-10-09 17:06:50",117,0.221598462389261,117,0.241795775923007,117,0.252234452295304,117,0.219323091122843,117,0.244663237977132,"NEPAS"
"2017-10-10 16:58:14",44,0.244579962731413,44,0.238088219348039,44,0.250622551586559,44,0.216382168061157,44,0.242735572580794,"NEPAS"
"2017-10-13 05:26:35",168,0.217784495324349,168,0.218893734463137,168,0.269108614226305,168,0.229896751282995,168,0.266887640248371,"NEPAS"
"2017-10-14 05:17:50",95,0.185297189703656,95,0.199604018234855,95,0.20716007421968,95,0.186256635988892,95,0.21482162851788,"NEPAS"
"2017-10-15 17:06:07",117,0.231598307694104,117,0.238685944126486,117,0.267731209616871,117,0.229322936427686,117,0.262901894007323,"NEPAS"
"2017-10-16 16:58:33",44,0.201615895225494,44,0.213079515441212,44,0.232449351065694,44,0.19066625030688,44,0.22492276799522,"NEPAS"
"2017-10-19 05:26:01",168,0.219709873412657,168,0.238088219348039,168,0.249915337739109,168,0.223827139241847,168,0.234725711860229,"NEPAS"
"2017-10-20 05:18:26",95,0.180797029388006,95,0.191446383170676,95,0.202140351478284,95,0.176318831082875,95,0.215882467805737,"NEPAS"
"2017-10-21 17:06:50",117,0.212259717326004,117,0.230638063261386,117,0.241598341143013,117,0.208224798127054,117,0.234938598581981,"NEPAS"
"2017-10-22 16:58:14",44,0.225181527136033,44,0.253774800726048,44,0.285088723315086,44,0.261725630637522,44,0.285703867692563,"NEPAS"
"2017-10-25 05:26:35",168,0.236214689168099,168,0.238515676377834,168,0.260911829994317,168,0.231137131885385,168,0.284226567894164,"NEPAS"
"2017-10-26 05:17:50",95,0.193749688705576,95,0.213845808700081,95,0.215328503055422,95,0.196854047417416,95,0.228824407611588,"NEPAS"
"2017-10-27 17:06:07",117,0.193836113313719,117,0.214845931168454,117,0.225748160298285,117,0.188788286997419,117,0.223199998757584,"NEPAS"
"2017-10-28 16:58:33",44,0.190737664017439,44,0.182176206628751,44,0.205043522997424,44,0.155252090476107,44,0.215057175550227,"NEPAS"
"2017-10-31 05:26:02",168,0.206709437234215,168,0.225929976190004,168,0.238349734881978,168,0.208024517047109,168,0.231835090008682,"NEPAS"
"2017-11-01 05:18:26",95,0.173443256440217,95,0.18570612595963,95,0.197089199231642,95,0.166934194835125,95,0.212489890090497,"NEPAS"
"2017-11-02 17:06:50",117,0.193615393309335,117,0.219213585396724,117,0.225527440293901,117,0.193155941225689,117,0.222979278753201,"NEPAS"
"2017-11-03 16:58:14",44,0.196279277637772,44,0.207228680525889,44,0.210155105339753,44,0.182084734215083,44,0.21941030037741,"NEPAS"
"2017-11-06 05:26:35",168,0.216048182297472,168,0.237087688851625,168,0.248985846034268,168,0.210970625014758,168,0.242727582017744,"NEPAS"
"2017-11-07 05:17:50",95,0.228516929637106,95,0.243055590999543,95,0.259642641692833,95,0.248114519305789,95,0.284718905973534,"NEPAS"
"2017-11-08 17:06:07",117,0.234013987868197,117,0.267642144337328,117,0.257322419879021,117,0.274305274449054,117,0.285594989381323,"NEPAS"
"2017-11-09 16:58:33",44,0.251361718101755,44,0.238515676377834,44,0.253955451474948,44,0.231137131885385,44,0.263866409402064,"NEPAS"
"2017-11-12 05:26:01",168,0.216743802021178,168,0.221945527437683,168,0.243258579900311,168,0.223155851339594,168,0.28321532805251,"NEPAS"
"2017-11-13 05:18:26",95,0.206709437234215,95,0.225929976190004,95,0.230334176834574,95,0.208024517047109,95,0.240972588057007,"NEPAS"
"2017-11-14 17:06:50",117,0.236214689168099,117,0.238515676377834,117,0.25422720081175,117,0.231137131885385,117,0.263866409402064,"NEPAS"
"2017-11-15 16:58:14",44,0.226704815862847,44,0.267217952172006,44,0.248261852547629,44,0.273881082283733,44,0.276806171386733,"NEPAS"
"2018-05-25 17:06:50",117,0.181750961179345,117,0.199897252760841,117,0.217386802788203,117,0.204700717553212,117,0.214913390934378,"NEPAS"
"2018-05-26 16:58:14",44,0.213777257930178,44,0.233713964057128,44,0.253738451184279,44,0.235368876711044,44,0.251836627430181,"NEPAS"
"2018-05-29 05:26:35",168,0.188237135398971,168,0.207299571226215,168,0.242235718894583,168,0.208954483880131,168,0.249252226788168,"NEPAS"
"2018-05-30 05:17:50",95,0.177863913084114,95,0.198355976677345,95,0.223003136182573,95,0.197242987504884,95,0.237108935058152,"NEPAS"
"2018-05-31 17:06:07",117,0.181750961179345,117,0.199897252760841,117,0.217386802788203,117,0.204700717553212,117,0.214913390934378,"NEPAS"
"2018-06-01 16:58:33",44,0.19641451595801,44,0.206763583423074,44,0.212249047383733,44,0.211567048215445,44,0.204707874393309,"NEPAS"
"2018-06-04 05:26:02",168,0.177863913084114,168,0.198355976677345,168,0.228681923588249,168,0.197242987504884,168,0.236737401383659,"NEPAS"
"2018-06-05 05:18:26",95,0.178447564710543,95,0.189484509220938,95,0.197282961175255,95,0.194767373443149,95,0.195084946806877,"NEPAS"
"2018-06-06 17:06:50",117,0.205637290082016,117,0.233713964057128,117,0.262238462993106,117,0.235368876711044,117,0.251836627430181,"NEPAS"
"2018-06-07 16:58:15",44,0.187510293299404,44,0.198230114812304,44,0.209443005496125,44,0.202502387900585,44,0.190375164240354,"NEPAS"
"2018-06-10 05:26:36",168,0.177863913084114,168,0.198355976677345,168,0.228681923588249,168,0.197242987504884,168,0.236737401383659,"NEPAS"
"2018-06-11 05:17:51",95,0.174823695537674,95,0.19373785207394,95,0.200457609388681,95,0.19777345191154,95,0.221740068398769,"NEPAS"
"2018-06-12 17:06:08",117,0.173742575925827,117,0.207095198717852,117,0.225986703597965,117,0.208750111371768,117,0.221482290428389,"NEPAS"
"2018-06-13 16:58:34",44,0.189098452385681,44,0.191717231031424,44,0.225879072648305,44,0.195752830869025,44,0.225016218796031,"NEPAS"
"2018-06-16 05:26:03",168,0.16557171114547,168,0.188457773558142,168,0.188762968287624,168,0.179022648987751,168,0.203272261145436,"NEPAS"
"2018-06-17 05:18:27",95,0.192821467583124,95,0.220920400036531,95,0.186271382273747,95,0.213093587157378,95,0.200663178569497,"NEPAS"
"2018-08-15 05:25:57",168,0.202560926485794,168,0.176114496340351,168,0.237520516451892,168,0.168433354809895,168,0.195321339556082,"NEPAS"
"2018-08-16 05:18:31",95,0.198812705095118,95,0.196059988019068,95,0.220186788819565,95,0.189146711443382,95,0.189137175529321,"NEPAS"
"2018-08-17 17:06:55",117,0.193303539354201,117,0.188489743526898,117,0.220102023757826,117,0.181576466951212,117,0.182323925328518,"NEPAS"
"2018-08-18 16:58:19",44,0.229949076453284,44,0.22075431042698,44,0.241425467068635,44,0.207924579886462,44,0.197071473080359,"NEPAS"
"2018-08-21 05:26:40",168,0.184056136603603,168,0.21725104762713,168,0.214707384141614,168,0.215622716489981,168,0.17282879257259,"NEPAS"
"2018-08-22 05:17:49",95,0.208723864751549,95,0.22075431042698,95,0.228555962135131,95,0.207924579886462,95,0.190467106827376,"NEPAS"
"2018-08-23 17:06:12",117,0.208723864751549,117,0.22075431042698,117,0.240610999391068,117,0.207924579886462,117,0.195981334618812,"NEPAS"
"2018-08-24 16:58:38",44,0.228846976776485,44,0.192235461384272,44,0.240323367391836,44,0.179405730843754,44,0.197071473080359,"NEPAS"
"2018-08-27 05:25:58",168,0.239514707722175,168,0.250036200443114,168,0.286464900936262,168,0.241771512069291,168,0.234202520852784,"NEPAS"
"2018-08-28 05:18:32",95,0.197221382020986,95,0.198774835401749,95,0.218595465745432,95,0.187758738081643,95,0.183006690880862,"NEPAS"
"2018-08-29 17:06:56",117,0.198812705095118,117,0.192514409992131,117,0.225611189498743,117,0.185601133416445,117,0.187833091069435,"NEPAS"
"2018-08-30 16:58:20",44,0.213309479045981,44,0.215414220472706,44,0.226329800099111,44,0.212177577644321,44,0.174456333055192,"NEPAS"
"2018-09-02 05:26:41",168,0.226143927768104,168,0.209099906073248,168,0.236947163354497,168,0.241020201454701,168,0.215924929568344,"NEPAS"
"2018-09-03 05:17:49",95,0.189718227784659,95,0.180175101463646,95,0.19699557843553,95,0.201338907017759,95,0.201370485638468,"NEPAS"
"2018-09-04 17:06:13",117,0.186794096144069,117,0.195504697032089,117,0.188517779346707,117,0.184019581111657,117,0.17817288685636,"NEPAS"
"2018-09-05 16:58:39",44,0.208221212887537,44,0.237874374383313,44,0.203044541765264,44,0.209752036982064,44,0.197064853382278,"NEPAS"
"2018-09-08 05:25:59",168,0.188657727072054,168,0.180884225815335,168,0.198534469121019,168,0.209529470463667,168,0.214654704303841,"NEPAS"
"2018-09-09 05:18:32",95,0.190906077749077,95,0.184467300528926,95,0.183398360930197,95,0.180463623702714,95,0.198607757534227,"NEPAS"
"2018-09-10 17:06:56",117,0.201640714233324,117,0.217604704913408,117,0.21048503056976,117,0.211635172679747,117,0.202394296255491,"NEPAS"
"2018-09-11 16:58:20",44,0.20237496741186,44,0.191705679326306,44,0.186734746351978,44,0.189233265763734,44,0.196925942915038,"NEPAS"
"2018-09-14 05:26:41",168,0.197311068530985,168,0.224254682597958,168,0.210180015795428,168,0.205175473262933,168,0.21995616995099,"NEPAS"
"2018-09-15 05:17:50",95,0.190906077749077,95,0.187433040661749,95,0.183398360930197,95,0.183429363835538,95,0.195633985400373,"NEPAS"
"2018-09-16 17:06:13",117,0.196361414868697,117,0.19085857868522,117,0.197491117773161,117,0.188386165122648,117,0.19707087368788,"NEPAS"
"2018-09-17 16:58:39",44,0.189421910597335,44,0.217530379581434,44,0.193731356960131,44,0.201508821804874,44,0.199105831496202,"NEPAS"
"2018-09-20 05:25:59",168,0.189447301716918,168,0.225478001218454,168,0.203898499218652,168,0.204790480192192,168,0.210028445198368,"NEPAS"
"2018-09-21 05:18:32",95,0.181298499810324,95,0.181031825171793,95,0.184494964029335,95,0.174595925320086,95,0.208885435842793,"NEPAS"
"2018-09-22 17:06:56",117,0.203741000444117,117,0.193011465992356,117,0.204256808728699,117,0.187474184735397,117,0.194589308702113,"NEPAS"
"2018-09-23 16:58:20",44,0.204509249647162,44,0.196922628520129,44,0.201524529737044,44,0.192916610526809,44,0.204302907683321,"NEPAS"
"2018-09-26 05:26:41",168,0.163927621856307,168,0.212409492348369,168,0.169149297813148,168,0.205233168519979,168,0.181730827142086,"NEPAS"
"2018-09-27 05:17:56",95,0.192462085628024,95,0.238096055247261,95,0.189309850385466,95,0.218857278218107,95,0.20947609253334,"NEPAS"
"2018-09-28 17:06:13",117,0.194243189476204,117,0.259336928764805,117,0.200235432439815,117,0.238242806756444,117,0.219084728116613,"NEPAS"
"2018-09-29 16:58:39",44,0.182616552317592,44,0.217693458828649,44,0.181598001986339,44,0.204126658435229,44,0.193784556513361,"NEPAS"
"2018-10-02 05:25:59",168,0.197570041440417,168,0.242369081854707,168,0.207099304662501,168,0.23438463694771,168,0.224944713148139,"NEPAS"
"2018-10-03 05:18:32",95,0.202315392793184,95,0.239171903504455,95,0.198788933804628,95,0.239129988300477,95,0.209686940220706,"NEPAS"
"2018-10-04 17:06:56",117,0.202983047663477,117,0.257084372113326,117,0.201894330698005,117,0.238932989173115,117,0.216933145735525,"NEPAS"
"2018-10-05 16:58:21",44,0.182616552317592,44,0.217693458828649,44,0.181598001986339,44,0.204126658435229,44,0.193784556513361,"NEPAS"
"2018-10-08 05:26:42",168,0.205570802747571,168,0.235352678427788,168,0.18168157672197,168,0.239188455670994,168,0.155182552852263,"NEPAS"
"2018-10-09 05:17:50",95,0.200706174499,95,0.26755641715069,95,0.192975831574057,95,0.253963360489565,95,0.176827685767429,"NEPAS"
"2018-10-10 17:06:14",117,0.194489118679337,117,0.252841126892071,117,0.200253254674303,117,0.248610958667556,117,0.180331928737667,"NEPAS"
"2018-10-11 16:58:39",44,0.178568691429476,44,0.228075701809309,44,0.18235454209858,44,0.219386370343904,44,0.1494191627734,"NEPAS"
"2018-10-14 05:26:00",168,0.212175107986286,168,0.198506938303127,168,0.235746542706834,168,0.204149138830441,168,0.175345361720125,"NEPAS"
"2018-10-15 05:18:33",95,0.182963652850439,95,0.172832524555579,95,0.214068799418931,95,0.174937683694595,95,0.164124550460659,"NEPAS"
"2018-10-16 17:06:57",117,0.172694392644904,117,0.167842880698214,117,0.200399101111169,117,0.155991886256992,117,0.131928883443396,"NEPAS"
"2018-10-17 16:58:21",44,0.182493452468577,44,0.161718824900592,44,0.192411765438318,44,0.15114885181794,44,0.134195960791833,"NEPAS"
"2018-10-20 05:26:42",168,0.173124423922909,168,0.168272911976219,168,0.188853031740747,168,0.165098454767065,168,0.14830887929461,"NEPAS"
"2018-10-21 05:17:51",95,0.173124423922909,95,0.168272911976219,95,0.196077186916915,95,0.165098454767065,95,0.148910387981602,"NEPAS"
"2018-10-22 17:06:14",117,0.18235891366245,117,0.172227785367589,117,0.210063622128714,117,0.165656407274537,117,0.133122932966453,"NEPAS"
"2018-10-23 16:58:40",44,0.182177953540448,44,0.167842880698214,44,0.188423000462742,44,0.155991886256992,44,0.131928883443396,"NEPAS"
"2018-10-26 05:26:00",168,0.182963652850439,168,0.172832524555579,168,0.206844644242762,168,0.174937683694595,168,0.163523041773666,"NEPAS"
"2018-10-27 05:18:33",95,0.212175107986286,95,0.201487093454599,95,0.236062268058845,95,0.207129293981913,95,0.175946870407117,"NEPAS"
"2018-10-28 17:06:57",117,0.224919476062815,117,0.220123117570739,117,0.279751137114096,117,0.223516624786297,117,0.234368645997718,"NEPAS"
"2018-10-29 16:58:21",44,0.252626596948331,44,0.194983569386298,44,0.270988544660413,44,0.205726096076183,44,0.228552997628951,"NEPAS"
"2019-08-13 16:58:25",44,0.255225070093545,44,0.24886041761264,44,0.260335645011555,44,0.255393151738133,44,0.222414582367839,"NEPAS"
"2019-08-16 05:26:46",168,0.218680749331459,168,0.223049618482271,168,0.224817959767117,168,0.223511222815566,168,0.195311359441834,"NEPAS"
"2019-08-17 05:17:55",95,0.208443012017826,95,0.22248620886056,95,0.208235584965948,95,0.210613336034854,95,0.205358753078581,"NEPAS"
"2019-08-18 17:06:18",117,0.20955076639743,117,0.217178983521495,117,0.217091165191913,117,0.202381531638811,117,0.177385398813794,"NEPAS"
"2019-08-19 16:58:44",44,0.198933106429043,44,0.225864624205885,44,0.202689126716493,44,0.200906863463585,44,0.187696788397382,"NEPAS"
"2019-08-22 05:26:07",168,0.215857733888753,168,0.215619878198327,168,0.210575452691476,168,0.20374700537262,168,0.194765648244192,"NEPAS"
"2019-08-23 05:18:37",95,0.218277660837504,95,0.200404531206488,95,0.23339866629007,95,0.201457044616859,95,0.208704597757478,"NEPAS"
"2019-08-24 17:07:01",117,0.20955076639743,117,0.217178983521495,117,0.217091165191913,117,0.202381531638811,117,0.168498255492623,"NEPAS"
"2019-08-25 16:58:26",44,0.249935676314398,44,0.24886041761264,44,0.255172296768908,44,0.249322021945935,44,0.212836721103684,"NEPAS"
"2019-08-28 05:26:46",168,0.225961756315438,168,0.226818966055493,168,0.217386294839954,168,0.255576758956571,168,0.198783404691567,"NEPAS"
"2019-08-29 05:17:55",95,0.195021107700712,95,0.205906422634403,95,0.190582917404984,95,0.206196027698531,95,0.203644968223499,"NEPAS"
"2019-08-30 17:06:19",117,0.200629408598608,117,0.205876095751026,117,0.198196236157294,117,0.19930182312784,117,0.188125087891983,"NEPAS"
"2019-08-31 16:58:44",44,0.218416157462527,44,0.220906618668007,44,0.212300307062787,44,0.258665631069663,44,0.184779085266717,"NEPAS"
"2019-09-03 05:26:07",168,0.17245044711051,168,0.204504241349813,168,0.178869228655207,168,0.185930246769495,168,0.171996848335668,"NEPAS"
"2019-09-04 05:18:38",95,0.18358782571988,95,0.214768366318483,95,0.190813462413275,95,0.193179368313332,95,0.197431473883504,"NEPAS"
"2019-09-05 17:07:02",117,0.187917471422219,117,0.208118388633933,117,0.19942884804548,117,0.199639067730147,117,0.168498255492623,"NEPAS"
"2019-09-06 16:58:26",44,0.222563928047767,44,0.222676840617754,44,0.216448077648028,44,0.20440597620007,44,0.196739240246321,"NEPAS"
"2019-09-09 05:26:47",168,0.293122322480007,168,0.288346363100512,168,0.270838535450529,168,0.31147869399929,168,0.247846469410586,"NEPAS"
"2019-09-10 05:17:56",95,0.162001486038832,95,0.185684093185476,95,0.168707560306482,95,0.176922142169527,95,0.178938178210478,"NEPAS"
"2019-09-11 17:06:19",117,0.197758288936708,117,0.239727172795211,117,0.209333404866034,117,0.198286452671808,117,0.191209963101877,"NEPAS"
"2019-09-12 16:58:45",44,0.225505682202665,44,0.23512009564497,44,0.219389831802926,44,0.223713108914601,44,0.199680994401219,"NEPAS"
"2019-09-15 05:26:08",168,0.215623536266898,168,0.226094151241109,168,0.218265810394582,168,0.200174091097027,168,0.218233893815308,"NEPAS"
"2019-09-16 05:18:38",95,0.198038990214537,95,0.225674779932254,95,0.202225457906172,95,0.203937178261967,95,0.197904177706011,"NEPAS"
"2019-09-17 17:07:02",117,0.182244417665619,117,0.221733084410924,117,0.193819533594945,117,0.181748624035967,117,0.176601733037746,"NEPAS"
"2019-09-18 16:58:27",44,0.217597032476064,44,0.225674779932254,44,0.207560399068349,44,0.203937178261967,44,0.189105183353485,"NEPAS"
"2019-09-21 05:26:48",168,0.18901656467612,168,0.232427507110801,168,0.201577142531693,168,0.196672956074608,168,0.193784749440059,"NEPAS"
"2019-09-22 05:17:57",95,0.204477415124042,95,0.196298094466017,95,0.200928868358239,95,0.195328297197706,95,0.203239038952892,"NEPAS"
"2019-09-24 16:58:46",44,0.209487964129364,44,0.202063166750394,44,0.204088427419665,44,0.187983692380719,44,0.20928770187513,"NEPAS"
"2019-09-27 05:26:09",168,0.208926515904297,168,0.198396553234492,168,0.204920423411016,168,0.193244297492387,168,0.202337750742726,"NEPAS"
"2019-09-28 05:18:39",95,0.206577438105758,95,0.194887788401644,95,0.20213924781003,95,0.193793240317783,95,0.209037231326429,"NEPAS"
"2019-09-29 17:07:03",117,0.191997049313838,117,0.19155274311325,117,0.208253777289865,117,0.190582945844939,117,0.293836150181487,"NEPAS"
"2019-09-30 16:58:27",44,0.216321403686802,44,0.196298094466017,44,0.209239239216112,44,0.195328297197706,44,0.293063976044955,"NEPAS"
"2019-10-03 05:26:48",168,0.177318624635415,168,0.185856029283912,168,0.183737406180113,168,0.177662724517575,168,0.292017719003083,"NEPAS"
"2019-10-04 05:17:57",95,0.159505528886225,95,0.165900791313356,95,0.168520740000726,95,0.1702666006404,95,0.275724944818936,"NEPAS"
"2019-10-05 17:06:20",117,0.20234722555045,117,0.191817262880646,117,0.199914053109136,117,0.186665007138541,117,0.299951967961671,"NEPAS"
"2019-10-06 16:58:46",44,0.206209078398763,44,0.203579810349867,44,0.200809541689064,44,0.180440878687511,44,0.297020273442803,"NEPAS"
"2019-10-09 05:26:09",168,0.194375574480831,168,0.195529435400673,168,0.219461572604892,168,0.207677490898515,168,0.216475262543248,"NEPAS"
"2019-10-10 05:18:39",95,0.219785360258843,95,0.192573616267885,95,0.239855204438929,95,0.212669888573641,95,0.215949971606314,"NEPAS"
"2019-10-11 17:07:03",117,0.185509192872335,117,0.175852341207803,117,0.210171319632926,117,0.192433536574941,117,0.207923428951362,"NEPAS"
"2019-10-12 16:58:27",44,0.231942762794407,44,0.168518375816282,44,0.236195555966203,44,0.185826800621953,44,0.219852531806696,"NEPAS"
"2019-10-15 05:26:48",168,0.215187409633009,168,0.201876046589497,168,0.235786540778069,168,0.22322226602524,168,0.214717420270744,"NEPAS"
"2019-10-16 05:17:57",95,0.186219615296937,95,0.187014330427973,95,0.205336756074152,95,0.20831975218553,95,0.207229085386639,"NEPAS"
"2019-10-17 17:06:20",117,0.185509192872335,117,0.175852341207803,117,0.210171319632926,117,0.192433536574941,117,0.209651841897455,"NEPAS"
"2019-10-18 16:58:46",44,0.208119525441629,44,0.187014330427973,44,0.210088701546411,44,0.20359552579511,44,0.209569223810939,"NEPAS"
"2019-10-21 05:26:09",168,0.194375574480831,168,0.195529435400673,168,0.219461572604892,168,0.207677490898515,168,0.210107810460796,"NEPAS"
"2019-10-22 05:18:39",95,0.171464981925391,95,0.169855021653125,95,0.185498171996787,95,0.178466035762669,95,0.189679068193934,"NEPAS"
"2019-10-23 17:07:03",117,0.212707294004488,117,0.199395930960975,117,0.233306425149547,117,0.212065613164651,117,0.2195106790471,"NEPAS"
"2019-10-24 16:58:27",44,0.241269813293385,44,0.202602980600307,44,0.236513474788879,44,0.215272662803983,44,0.21227864505166,"NEPAS"
"2019-10-27 05:26:48",168,0.186219615296937,168,0.187014330427973,168,0.209503737586434,168,0.20831975218553,168,0.215361729486379,"NEPAS"
"2019-10-28 05:17:57",95,0.194375574480831,95,0.195529435400673,95,0.214709627132633,95,0.207677490898515,95,0.211056137059948,"NEPAS"
"2019-10-29 17:06:20",117,0.201618809539223,117,0.168518375816282,117,0.236195555966203,117,0.185826800621953,117,0.238092059420632,"NEPAS"
"2019-10-30 16:58:46",44,0.250109313514027,44,0.192573616267885,44,0.254362106685823,44,0.203993351341573,44,0.236361273054146,"NEPAS"
"2020-05-24 05:26:08",168,0.191229310043026,168,0.207599457531734,168,0.238632162084959,168,0.202475468621871,168,0.213570744500529,"NEPAS"
"2020-05-25 05:18:39",95,0.187665207644138,95,0.203045058727909,95,0.235230969224117,95,0.200902112144086,95,0.199283079218088,"NEPAS"
"2020-05-26 17:07:03",117,0.191229310043026,117,0.198853851940369,117,0.243366227559514,117,0.194740454164434,117,0.202705554282158,"NEPAS"
"2020-05-27 16:58:27",44,0.211859200498903,44,0.208799027656869,44,0.24449835901519,44,0.206656081073046,44,0.188426256116796,"NEPAS"
"2020-05-30 05:26:48",168,0.198071038822251,168,0.207654136536221,168,0.248373316899136,168,0.190431061658922,168,0.217597610517269,"NEPAS"
"2020-05-31 05:17:57",95,0.189329314561664,95,0.207648951630258,95,0.242005519677776,95,0.188817565061723,95,0.215119086228645,"NEPAS"
"2020-06-01 17:06:20",117,0.195842263851942,117,0.203527818925501,117,0.250332663352742,117,0.209079168351889,117,0.181570016819501,"NEPAS"
"2020-06-02 16:58:46",44,0.201207695239645,44,0.208226310510521,44,0.246978474643711,44,0.203633513304746,44,0.185042163861951,"NEPAS"
"2020-06-05 05:26:09",168,0.258810654469256,168,0.28886278220635,168,0.252276898399497,168,0.296650422343331,168,0.232565261998557,"NEPAS"
"2020-06-06 05:18:39",95,0.217800438676903,95,0.260344135264321,95,0.221313962390782,95,0.253052599670436,95,0.195647844351597,"NEPAS"
"2020-06-07 17:07:03",117,0.248371023584132,117,0.278423151321227,117,0.258111202737049,117,0.286210791458207,117,0.209029700704261,"NEPAS"
"2020-06-08 16:58:28",44,0.237473917537877,44,0.278423151321227,44,0.252276898399497,44,0.286210791458207,44,0.209029700704261,"NEPAS"
"2020-06-11 05:26:49",168,0.226589256671492,168,0.259658791793998,168,0.237296156233314,168,0.253725268835096,168,0.204323645729263,"NEPAS"
"2020-06-12 05:17:58",95,0.194943490934271,95,0.210643107817948,95,0.234316192022476,95,0.206050310612174,95,0.194816671135074,"NEPAS"
"2020-06-13 17:06:21",117,0.186483958690259,117,0.194108500587602,117,0.251308757262533,117,0.189995102811667,117,0.210558044102507,"NEPAS"
"2020-06-14 16:58:47",44,0.211164861103922,44,0.231626984607491,44,0.251433347927741,44,0.229484038023667,44,0.187731916721815,"NEPAS"
"2020-08-22 05:26:53",NA,NA,NA,NA,NA,NA,NA,NA,168,0.32416209381827,"NEPAS"
"2020-08-23 05:18:02",NA,NA,NA,NA,NA,NA,NA,NA,95,0.318261243426998,"NEPAS"
"2020-08-24 17:06:25",NA,NA,NA,NA,NA,NA,NA,NA,117,0.308876108425231,"NEPAS"
"2020-08-25 16:58:51",NA,NA,NA,NA,NA,NA,NA,NA,44,0.304761815397176,"NEPAS"
"2020-08-28 05:26:14",168,0.212496507440393,168,0.211232188650654,168,0.29936410488957,168,0.207386572400115,168,0.325227040074074,"NEPAS"
"2020-08-29 05:18:44",95,0.231316100641275,95,0.194132349864991,95,0.304686049165422,95,0.185729053681467,95,0.317159143750198,"NEPAS"
"2020-08-30 17:07:08",117,0.209413736557668,117,0.233543923294821,117,0.305771412839679,117,0.195733823985501,117,0.310380751694201,"NEPAS"
"2020-08-31 16:58:32",44,0.215127984158411,44,0.233543923294821,44,0.271522438209671,44,0.187684148214899,44,0.310965106020685,"NEPAS"
"2020-09-03 05:26:53",168,0.225565658977382,168,0.225450246844451,168,0.298357670893698,168,0.201384549575659,168,0.322774134406689,"NEPAS"
"2020-09-04 05:18:02",95,0.206192739719807,95,0.216223042692168,95,0.308724020744681,95,0.179411707540802,95,0.33152933080092,"NEPAS"
"2020-09-05 17:06:26",117,0.203110293892496,117,0.220438027729959,117,0.316460676009434,117,0.185610581633527,117,0.288835667491984,"NEPAS"
"2020-09-06 16:58:51",44,0.240383237564653,44,0.225450246844451,44,0.298357670893698,44,0.201384549575659,44,0.288828542154077,"NEPAS"
"2020-09-09 05:26:14",168,0.214087511872104,168,0.212895826422561,168,0.311108497212344,168,0.182940730568489,168,0.335398683169738,"NEPAS"
"2020-09-10 05:18:45",95,0.212221174456676,95,0.224657206333332,95,0.308583786318527,95,0.196639198222892,95,0.313135547041512,"NEPAS"
"2020-09-11 17:07:09",117,0.230752585670949,117,0.245217451247644,117,0.299134377359232,117,0.216488318772297,117,0.287442265025053,"NEPAS"
"2020-09-12 16:58:33",44,0.260174679784988,44,0.226391659477758,44,0.334330672958301,44,0.235794353536772,44,0.320997379735936,"NEPAS"
"2020-09-15 05:26:54",168,0.223606029765485,168,0.196416019986671,168,0.213898899814878,168,0.177084249319442,168,0.212999419111397,"NEPAS"
"2020-09-16 05:18:03",95,0.209360772523508,95,0.220640407711214,95,0.195052192922486,95,0.19186106026454,95,0.211122178649763,"NEPAS"
"2020-09-17 17:06:26",117,0.180558881812235,117,0.190202336227386,117,0.189499105656821,117,0.163786832758708,117,0.193598632548432,"NEPAS"
"2020-09-18 16:58:52",44,0.220000508146878,44,0.216223042692168,44,0.199324008534218,44,0.179411707540802,44,0.198798561461916,"NEPAS"
"2020-09-21 05:26:15",168,0.203914968424333,168,0.217117275094663,168,0.197046237238744,168,0.178744250971294,168,0.199532868221477,"NEPAS"
"2020-09-22 05:18:45",95,0.203315839982571,95,0.215375942051082,95,0.188117616851624,95,0.178564606899716,95,0.207419151705443,"NEPAS"
"2020-09-23 17:07:09",117,0.223606029765485,117,0.196416019986671,117,0.212913437888631,117,0.177084249319442,117,0.203965529125415,"NEPAS"
"2020-09-24 16:58:33",44,0.225245525308209,44,0.212150804412498,44,0.206524441291534,44,0.176441739629466,44,0.204391310348426,"NEPAS"
"2020-09-27 05:26:54",168,0.208761495029714,168,0.212895826422561,168,0.201892763844125,168,0.176084491271194,168,0.210149542740953,"NEPAS"
"2020-09-28 05:18:03",95,0.212221174456676,95,0.224657206333332,95,0.21125707937636,95,0.196639198222892,95,0.233196207082899,"NEPAS"
"2020-09-29 17:06:26",NA,NA,NA,NA,NA,NA,NA,NA,117,0.218822529570458,"NEPAS"
"2020-09-30 16:58:52",NA,NA,NA,NA,NA,NA,NA,NA,44,0.19638142222971,"NEPAS"
"2020-10-03 05:26:15",NA,NA,NA,NA,NA,NA,NA,NA,168,0.209295809431373,"NEPAS"
"2020-10-04 05:18:45",NA,NA,NA,NA,NA,NA,NA,NA,95,0.213266841007604,"NEPAS"
"2020-10-05 17:07:09",NA,NA,NA,NA,NA,NA,NA,NA,117,0.204391310348426,"NEPAS"
"2020-10-06 16:58:34",NA,NA,NA,NA,NA,NA,NA,NA,44,0.197271065759636,"NEPAS"
"2020-10-09 05:26:55",NA,NA,NA,NA,NA,NA,NA,NA,168,0.212831441494754,"NEPAS"
"2020-10-10 05:18:03",NA,NA,NA,NA,NA,NA,NA,NA,95,0.219936305043839,"NEPAS"
"2020-10-11 17:06:26",NA,NA,NA,NA,NA,NA,NA,NA,117,0.233647440520989,"NEPAS"
"2020-10-12 16:58:52",NA,NA,NA,NA,NA,NA,NA,NA,44,0.195194619329447,"NEPAS"
"2021-06-12 05:26:15",168,0.178860118191131,168,0.170377016375876,168,0.216736632182159,168,0.16844210879436,168,0.190976757482366,"NEPAS"
"2021-06-13 05:18:46",95,0.176811348644262,95,0.181112661193655,95,0.204591846407023,95,0.172447138566439,95,0.192696789371642,"NEPAS"
"2021-06-14 17:07:10",117,0.190573930651298,117,0.175872202783813,117,0.217599198140606,117,0.173937295202298,117,0.193667679870769,"NEPAS"
"2021-06-15 16:58:34",44,0.194302032125025,44,0.188430278376645,44,0.217390791001959,44,0.17401078682047,44,0.186293221347426,"NEPAS"
"2021-06-18 05:26:55",168,0.176079526946134,168,0.19654818749057,168,0.209146046200315,168,0.17032224452817,168,0.187528438385858,"NEPAS"
"2021-06-19 05:18:04",95,0.165898358357249,95,0.224542569695456,95,0.175763576434112,95,0.193493110295759,95,0.181084180739489,"NEPAS"
"2021-06-20 17:06:36",117,0.179741383397409,117,0.197147315932332,117,0.210551888566048,117,0.170921372969932,117,0.182910038503154,"NEPAS"
"2021-06-21 16:58:53",44,0.189455049763702,44,0.209698923943074,44,0.20692258316634,44,0.191759141644742,44,0.160575652271496,"NEPAS"
"2021-06-24 05:26:16",168,0.170717247722674,168,0.183047729764688,168,0.213763493550918,168,0.181112822183173,168,0.192087790147464,"NEPAS"
"2021-06-25 05:18:46",95,0.166625956857242,95,0.225270168195448,95,0.175763576434112,95,0.194220708795752,95,0.181811779239481,"NEPAS"
"2021-06-26 17:07:10",117,0.175024737152913,117,0.215288733263608,117,0.190076423965194,117,0.197348950965276,117,0.180294170659425,"NEPAS"
"2021-06-27 16:58:35",44,0.173584499030896,44,0.21667520514711,44,0.18254009220107,44,0.185625745747414,44,0.165648093149782,"NEPAS"
"2021-06-30 05:26:56",168,0.157333156774805,168,0.2093755394627,168,0.18183287835362,168,0.178326080063004,168,0.162964444991565,"NEPAS"
"2021-07-01 05:18:04",95,0.175024737152913,95,0.215288733263608,95,0.186596137580782,95,0.197348950965276,95,0.185875818009601,"NEPAS"
"2021-07-02 17:06:28",117,0.178613055424546,117,0.189528910287723,117,0.203105877543947,117,0.174007148363212,117,0.181661543900016,"NEPAS"
"2021-07-03 16:58:54",44,0.195898869690416,44,0.217597441153401,44,0.213366403093055,44,0.195553956664795,44,0.175509167597582,"NEPAS"
"2021-07-06 05:26:16",168,0.187393292681649,168,0.189445388906448,168,0.225981647357114,168,0.174406252974956,NA,NA,"NEPAS"
"2021-07-07 05:18:47",95,0.158099025477608,95,0.203058303324869,95,0.182594917945456,95,0.179091948765807,NA,NA,"NEPAS"
"2021-07-08 17:07:11",117,0.278286412837741,117,0.203225788071372,117,0.265637585887372,117,0.197644923264848,NA,NA,"NEPAS"
"2021-07-09 16:58:35",44,0.262760586522684,44,0.192663877502824,44,0.255381877578068,44,0.178419283495943,NA,NA,"NEPAS"
"2021-07-12 05:26:56",168,0.261523690035055,168,0.180009341158433,168,0.240546287579083,168,0.165233555447463,NA,NA,"NEPAS"
"2021-07-13 05:18:05",95,0.271451324008303,95,0.211783191587669,95,0.241311031299398,95,0.171944224234497,NA,NA,"NEPAS"
"2021-07-14 17:06:42",117,0.264720729941851,117,0.193664717071403,117,0.253096253456644,117,0.18474889647523,NA,NA,"NEPAS"
"2021-07-15 16:58:54",44,0.248967523930837,44,0.193534723910224,44,0.239255810878504,44,0.16564926109789,NA,NA,"NEPAS"
"2021-07-18 05:26:17",168,0.326206558029053,168,0.286179207511188,168,0.301619319615836,168,0.278313740805796,NA,NA,"NEPAS"
"2021-07-19 05:18:48",95,0.261523690035055,95,0.184754692511199,95,0.232231875427464,95,0.16997890680023,NA,NA,"NEPAS"
"2021-07-20 17:07:12",117,0.264600563311576,117,0.193544550441127,117,0.252976086826368,117,0.184628729844954,NA,NA,"NEPAS"
"2021-07-21 16:58:36",44,0.246826031325368,44,0.191393231304755,44,0.237114318273036,44,0.163507768492422,NA,NA,"NEPAS"
"2021-07-24 05:26:57",168,0.264600563311576,168,0.193544550441127,168,0.253790554503935,168,0.184628729844954,NA,NA,"NEPAS"
"2021-07-25 05:18:06",95,0.25795525908423,95,0.198287126663596,95,0.232111184289386,95,0.168793352160026,NA,NA,"NEPAS"
"2021-07-26 17:06:42",117,0.301670398931478,117,0.263371221543679,117,0.300088726211675,117,0.25034240659564,NA,NA,"NEPAS"
"2021-07-27 16:58:55",44,0.268650966345301,44,0.189392703950998,44,0.261392424030961,44,0.183811839144475,NA,NA,"NEPAS"
"2021-08-29 05:26:59",168,0.166580300216055,168,0.226513538187677,168,0.165745257852727,168,0.197090322223239,168,0.192128393664752,"NEPAS"
"2021-08-30 05:18:08",95,0.164974651663288,95,0.22924938720449,95,0.147155423010292,95,0.201434482931288,95,0.208333553761342,"NEPAS"
"2021-08-31 17:06:44",117,0.166171449913026,117,0.216299293147166,117,0.156514119691144,117,0.206649034033801,117,0.183260670466329,"NEPAS"
"2021-09-01 16:58:57",44,0.191034953107246,44,0.224172589452211,44,0.165832080633388,44,0.194749373487773,44,0.193467169752063,"NEPAS"
"2021-09-04 05:26:20",168,0.184271448521258,168,0.216299293147166,168,0.184665778639686,168,0.206649034033801,168,0.187598919358359,"NEPAS"
"2021-09-05 05:18:50",95,0.166587155563453,95,0.222949270831715,95,0.148767926910458,95,0.202319388331461,95,0.21219388885721,"NEPAS"
"2021-09-06 17:07:14",117,0.166587155563453,117,0.222949270831715,117,0.155223642990565,117,0.202319388331461,117,0.203394894504685,"NEPAS"
"2021-09-07 16:58:39",44,0.191034953107246,44,0.230668205540018,44,0.165832080633388,44,0.20124498957558,44,0.204854648629734,"NEPAS"
"2021-09-10 05:26:59",168,0.181243791989206,168,0.225778487379124,168,0.171336509251502,168,0.196355271414686,168,0.193780072696447,"NEPAS"
"2021-09-11 05:18:08",95,0.166171449913026,95,0.211553941794399,95,0.150058403611037,95,0.201903682681034,95,0.211778183206783,"NEPAS"
"2021-09-12 17:06:45",117,0.164974651663288,117,0.22924938720449,117,0.150635709394705,117,0.201434482931288,117,0.199534559408817,"NEPAS"
"2021-09-13 16:58:57",44,0.190894277830141,44,0.225577046911029,44,0.171135068783408,44,0.196153830946591,44,0.188421077055276,"NEPAS"
"2021-09-16 05:26:20",168,0.183898614030663,168,0.208052703436489,168,0.173483247567484,168,0.20666865048465,168,0.183361212238802,"NEPAS"
"2021-09-17 05:18:51",95,0.243957936648307,95,0.24581373976865,95,0.226217907193327,95,0.252530634098286,95,0.236777166257398,"NEPAS"
"2021-09-18 17:07:15",117,0.189061425898535,117,0.196983187766016,117,0.17852264517064,117,0.202777541313516,117,0.178466680217355,"NEPAS"
"2021-09-19 16:58:39",44,0.214957514524929,44,0.225562481479143,44,0.186018346876136,44,0.226208246016581,44,0.183139967743503,"NEPAS"
"2021-09-22 05:27:00",168,0.179302585197187,168,0.215682462621879,168,0.176715885382487,168,0.204821289594604,168,0.206962065317183,"NEPAS"
"2021-09-23 05:18:09",95,0.182351680947806,95,0.207558565073904,95,0.169210827031953,95,0.174646536396982,95,0.184024832835897,"NEPAS"
"2021-09-24 17:06:45",117,0.19174611827941,117,0.201135686549714,117,0.187681998438049,117,0.205719126183304,117,0.189486500159011,"NEPAS"
"2021-09-25 16:58:58",44,0.205552918885245,44,0.212666317194847,44,0.182765617652725,44,0.182032187316498,44,0.181498648555781,"NEPAS"
"2021-09-28 05:26:21",168,0.182810165841598,168,0.216475503132998,168,0.185843466836329,168,0.205614330105722,168,0.206962065317183,"NEPAS"
"2021-09-29 05:18:51",95,0.182810165841598,95,0.216475503132998,95,0.176268866161373,95,0.213349344563159,95,0.211422810777679,"NEPAS"
"2021-09-30 17:07:15",117,0.179302585197187,117,0.215682462621879,117,0.173597000787638,117,0.204821289594604,117,0.207404361945565,"NEPAS"
"2021-10-01 16:58:39",44,0.213820835957038,44,0.230179465751085,44,0.181907441853698,44,0.201153647563973,44,0.205415966918974,"NEPAS"
"2021-10-04 05:27:00",168,0.171993353319701,168,0.144424741029626,168,0.170901830721211,168,0.151557925680175,168,0.165571218360759,"NEPAS"
"2021-10-05 05:18:09",95,0.237052132554426,95,0.217871024543799,95,0.224246649271325,95,0.22968619337244,95,0.229209496392676,"NEPAS"
"2021-10-06 17:06:45",117,0.237652534711868,117,0.224287355262512,117,0.23935395367566,117,0.216934945201479,117,0.228928049378075,"NEPAS"
"2021-10-07 16:58:58",44,0.182997889370038,44,0.14390517860388,44,0.166726054994646,44,0.14313219460336,44,0.163376555741613,"NEPAS"
"2021-10-10 05:26:21",168,0.160515475576438,168,0.131350593520197,168,0.185037822164673,168,0.142820190850653,168,0.170949770542562,"NEPAS"
"2021-10-11 05:18:51",95,0.167817778307981,95,0.132974800458814,95,0.179970377764286,95,0.150122493582196,95,0.176531734968139,"NEPAS"
"2021-10-12 17:07:15",117,0.162754725054306,117,0.127911747205139,117,0.179659269982869,117,0.136382903096453,117,0.161597354435977,"NEPAS"
"2021-10-13 16:58:39",44,0.228373882605521,44,0.176548509965384,44,0.223475440077933,44,0.183179228342988,44,0.208861942504012,"NEPAS"
"2021-10-16 05:27:00",168,0.177482299325526,168,0.148016800378367,168,0.19438684425409,168,0.159787014599741,168,0.182711383311685,"NEPAS"
"2021-10-17 05:18:09",95,0.162754725054306,95,0.127911747205139,95,0.174907324510611,95,0.145059440328521,95,0.167350419666395,"NEPAS"
"2021-10-18 17:06:46",117,0.207298493649362,117,0.174295953313904,117,0.224203038577926,117,0.180926671691509,117,0.209589541004005,"NEPAS"
"2021-10-19 16:58:58",44,0.190331350230859,44,0.132974800458814,44,0.184722323236544,44,0.141445956350128,44,0.172557871043357,"NEPAS"
"2021-10-22 05:26:21",168,0.162754725054306,168,0.127911747205139,168,0.179659269982869,168,0.145059440328521,168,0.167350419666395,"NEPAS"
"2021-10-23 05:18:51",95,0.160515475576438,95,0.131350593520197,95,0.174607780899489,95,0.142820190850653,95,0.170949770542562,"NEPAS"
"2021-10-24 17:07:15",117,0.167890898203902,117,0.133818288935734,117,0.179659269982869,117,0.141519076246049,117,0.161597354435977,"NEPAS"
"2021-10-25 16:58:39",44,0.229101481105514,44,0.174295953313904,44,0.224203038577926,44,0.180926671691509,44,0.209589541004005,"NEPAS"
"2021-10-28 05:27:00",168,0.182009314202891,168,0.152543815255731,168,0.198913859131454,168,0.164314029477105,168,0.184843526855398,"NEPAS"
"2021-10-29 05:18:09",95,0.207298493649362,95,0.174295953313904,95,0.219451093105667,95,0.189603208923577,95,0.21013270630187,"NEPAS"
"2021-10-30 17:06:45",117,0.18315427596126,117,0.1536887770141,117,0.200058820889823,117,0.156782454003406,117,0.180547089447679,"NEPAS"
"2021-10-31 16:58:58",44,0.185268296977184,44,0.133818288935734,44,0.179659269982869,44,0.141519076246049,44,0.161597354435977,"NEPAS"
"2022-05-11 16:58:56",44,0.259179782048575,44,0.197320749845334,44,0.250704831454867,44,0.210957258477911,44,0.223058760315696,"NEPAS"
"2022-05-15 05:18:50",95,0.192127603091649,95,0.16266210414449,95,0.198431089209224,95,0.174432318365864,95,0.188640868384093,"NEPAS"
"2022-05-16 17:07:14",117,0.229903296060887,117,0.227470665854641,117,0.251305233612309,117,0.230616132829613,117,0.223659162473138,"NEPAS"
"2022-05-20 05:26:59",168,0.234375827510137,168,0.1792421083128,168,0.25577776506156,168,0.207444264599497,168,0.229092011573067,"NEPAS"
"2022-05-27 05:18:50",95,0.222577684844109,95,0.185036800149532,95,0.223711948245448,95,0.195646121933469,95,0.21929616492651,"NEPAS"
"2022-05-28 17:07:14",117,0.207518685128571,117,0.182281207834455,117,0.213404894002169,117,0.189945083641627,117,0.190062709271272,"NEPAS"
"2022-06-01 05:27:00",168,0.229260217343818,168,0.194736188226028,168,0.245573504659347,168,0.212692147894871,168,0.207927878503423,"NEPAS"
"2022-08-27 16:59:03",44,0.250721238983447,44,0.191408971956421,44,0.242246288389739,44,0.19334175650829,44,0.228086844560072,"NEPAS"
"2022-08-31 05:18:56",95,0.231770661405672,95,0.184275960124373,95,0.231362938466147,95,0.204839098495032,95,0.245328897359632,"NEPAS"
"2022-09-01 17:07:20",117,0.224987578679261,117,0.191190483572282,117,0.24130086599479,117,0.199742971998246,117,0.217429272541161,"NEPAS"
"2022-09-05 05:27:06",168,0.206808262703968,168,0.175071529455934,168,0.217439822930333,168,0.191411942495174,168,0.194519972130572,"NEPAS"
"2022-09-08 16:59:04",44,0.223824691888286,44,0.194456614849517,44,0.220122688286246,44,0.196048672619321,44,0.19427234830218,"NEPAS"
"2022-09-12 05:18:57",95,0.212501477579772,95,0.183540514458637,95,0.203209236240563,95,0.193849907138695,95,0.208971832337956,"NEPAS"
"2022-09-13 17:07:21",117,0.22741170922063,117,0.199339358718288,117,0.217439822930333,117,0.200083601547485,117,0.187637172104618,"NEPAS"
"2022-09-17 05:27:06",168,0.223376780292465,168,0.194456614849517,168,0.220122688286246,168,0.204725209851389,168,0.194815513600045,"NEPAS"
"2022-09-20 16:59:03",44,0.23331573925299,44,0.194674170369961,44,0.24130086599479,44,0.197868714789954,44,0.225401760613452,"NEPAS"
"2022-09-24 05:18:57",95,0.207305771665608,95,0.179082779025774,95,0.192880455225425,95,0.191446336492677,95,0.188933038227996,"NEPAS"
"2022-09-25 17:07:21",117,0.216495943652374,117,0.17277644350328,117,0.187239983797361,117,0.177311278678721,117,0.18707565062435,"NEPAS"
"2022-09-29 05:27:06",168,0.244304111581099,168,0.172742619773334,168,0.222361248637716,168,0.184557788601975,168,0.234208513600895,"NEPAS"
"2022-10-02 16:59:04",44,0.242822484935085,44,0.1838664386822,44,0.21495920251551,44,0.181921050072159,44,0.203642273983647,"NEPAS"
"2022-10-06 05:18:57",95,0.221409656797409,95,0.183986605312475,95,0.197256183331947,95,0.184098050060407,95,0.215181695174601,"NEPAS"
"2022-10-07 17:07:21",117,0.214574204563226,117,0.174541104649597,117,0.185318244708213,117,0.176257065788227,117,0.18707565062435,"NEPAS"
"2022-10-11 05:27:06",168,0.172874493894983,168,0.188629033510949,168,0.210928768763454,168,0.161926144263767,168,0.194012449788534,"NEPAS"
"2022-10-14 16:59:04",44,0.184623253402448,44,0.182280515878434,44,0.20825140019114,44,0.144688935712462,44,0.188495743663186,"NEPAS"
"2022-10-18 05:18:57",95,0.187491891878919,95,0.178511832016879,95,0.206360422498734,95,0.161213659044568,95,0.217144371686817,"NEPAS"
"2022-10-19 17:07:21",117,0.175525023476127,117,0.196064470981964,117,0.193998322535526,117,0.161718201932281,117,0.193853676968918,"NEPAS"
"2022-10-23 05:27:06",168,0.179559952404292,168,0.19360014395621,168,0.217190355909294,168,0.167930412138595,168,0.200697908297843,"NEPAS"
"2022-10-26 16:59:04",44,0.186038582733646,44,0.181465185276716,44,0.203208034292394,44,0.143873605110744,44,0.179530102075065,"NEPAS"
"2022-10-30 05:18:57",95,0.202574985920732,95,0.197256275807362,95,0.221443516540547,95,0.176296753086381,95,0.23222746572863,"NEPAS"
"2022-10-31 17:07:21",117,0.172234760284359,117,0.184008294941367,117,0.194428163634746,117,0.146416714775395,117,0.190223522726119,"NEPAS"
