time,station,landuse,elevation,latitude,longitude,swc_wc_a_02_avg,swc_wc_a_02_std,swc_wc_a_05_avg,swc_wc_a_05_std,swc_wc_b_02_avg,swc_wc_b_02_std,swc_wc_b_05_avg,swc_wc_b_05_std,swc_wc_c_02_avg,swc_wc_c_02_std,swc_wc_c_05_avg,swc_wc_c_05_std
,,,,,,m^3/m^3,m^3/m^3,m^3/m^3,m^3/m^3,m^3/m^3,m^3/m^3,m^3/m^3,m^3/m^3,m^3/m^3,m^3/m^3,m^3/m^3,m^3/m^3
2022-10-31 00:00:00,b2,me,1490,46.6862577024,10.5798451965,0.3338,0,0.3699,0,0.3295,0,0.3334,0,0.3654,0,0.2183667,4.714125e-05
2022-10-31 00:15:00,b2,me,1490,46.6862577024,10.5798451965,0.3338,0,0.3699,0,0.3295,0,0.3334,0,0.3654,0,0.2183467,4.988961e-05
2022-10-31 00:30:00,b2,me,1490,46.6862577024,10.5798451965,0.3338,0,0.36954,0.0002939291,0.3295,0,0.3334,0,0.36524,0.0002653213,0.21836,4.899063e-05
2022-10-31 00:45:00,b2,me,1490,46.6862577024,10.5798451965,0.3338,0,0.3693,0,0.3295,0,0.3334,0,0.3648,0,0.2183933,2.494481e-05
2022-10-31 01:00:00,b2,me,1490,46.6862577024,10.5798451965,0.3338,0,0.3693,0,0.3295,0,0.3334,0,0.3648,0,0.21838,4.000067e-05
2022-10-31 01:15:00,b2,me,1490,46.6862577024,10.5798451965,0.3338,0,0.3693,0,0.3295,0,0.3334,0,0.3648,0,0.21806,0.000351756
2022-10-31 01:30:00,b2,me,1490,46.6862577024,10.5798451965,0.3338,0,0.3693,0,0.3295,0,0.33284,0.0001496687,0.3648,0,0.2180133,0.0003499826
2022-10-31 01:45:00,b2,me,1490,46.6862577024,10.5798451965,0.33376,0.0001496614,0.3693,0,0.3295,0,0.3328,0,0.3648,0,0.2176933,2.494481e-05
2022-10-31 02:00:00,b2,me,1490,46.6862577024,10.5798451965,0.3334,0.0002828334,0.3693,0,0.3295,0,0.3328,0,0.3648,0,0.2177,0
2022-10-31 02:15:00,b2,me,1490,46.6862577024,10.5798451965,0.3338,0,0.3693,0,0.3295,0,0.3328,0,0.3648,0,0.2177,0
2022-10-31 02:30:00,b2,me,1490,46.6862577024,10.5798451965,0.3338,0,0.3693,0,0.3295,0,0.3328,0,0.3648,0,0.2177,0
2022-10-31 02:45:00,b2,me,1490,46.6862577024,10.5798451965,0.3338,0,0.3693,0,0.3293,0.0002828334,0.3328,0,0.3648,0,0.2177,0
2022-10-31 03:00:00,b2,me,1490,46.6862577024,10.5798451965,0.33376,0.0001496614,0.3693,0,0.3289,0,0.3328,0,0.3648,0,0.2177,0
2022-10-31 03:15:00,b2,me,1490,46.6862577024,10.5798451965,0.33324,0.0001496614,0.3693,0,0.3289,0,0.3328,0,0.36432,0.0002400041,0.2177,0
2022-10-31 03:30:00,b2,me,1490,46.6862577024,10.5798451965,0.3332,0,0.3693,0,0.3289,0,0.3328,0,0.3642,0,0.2177,0
2022-10-31 03:45:00,b2,me,1490,46.6862577024,10.5798451965,0.33324,0.0001496614,0.3693,0,0.3289,0,0.3328,0,0.3642,0,0.2177,0
2022-10-31 04:00:00,b2,me,1490,46.6862577024,10.5798451965,0.3332,0,0.3691,0.0002828475,0.3289,0,0.3328,0,0.3642,0,0.2177,0
2022-10-31 04:15:00,b2,me,1490,46.6862577024,10.5798451965,0.3332,0,0.3687,0,0.3289,0,0.3328,0,0.3642,0,0.2177,0
2022-10-31 04:30:00,b2,me,1490,46.6862577024,10.5798451965,0.3332,0,0.3687,0,0.3289,0,0.3324,0.0002828475,0.3642,0,0.2177,0
2022-10-31 04:45:00,b2,me,1490,46.6862577024,10.5798451965,0.3332,0,0.3687,0,0.3289,0,0.3322,0,0.3642,0,0.2172,0.0003183343
2022-10-31 05:00:00,b2,me,1490,46.6862577024,10.5798451965,0.3332,0,0.3687,0,0.3289,0,0.3322,0,0.3642,0,0.217,0
2022-10-31 05:15:00,b2,me,1490,46.6862577024,10.5798451965,0.33292,0.0002993376,0.3687,0,0.3289,0,0.3322,0,0.3642,0,0.21702,4.000068e-05
2022-10-31 05:30:00,b2,me,1490,46.6862577024,10.5798451965,0.33312,0.0002039642,0.3687,0,0.3289,0,0.3322,0,0.3642,0,0.217,0
2022-10-31 05:45:00,b2,me,1490,46.6862577024,10.5798451965,0.33312,0.0002039642,0.3687,0,0.32834,0.0001496687,0.3322,0,0.3642,0,0.217,0
2022-10-31 06:00:00,b2,me,1490,46.6862577024,10.5798451965,0.333,0.0002828475,0.3687,0,0.3283,0,0.3322,0,0.3642,0,0.2170133,3.399404e-05
2022-10-31 06:15:00,b2,me,1490,46.6862577024,10.5798451965,0.3332,0,0.3687,0,0.3283,0,0.3322,0,0.3642,0,0.21702,4.000068e-05
2022-10-31 06:30:00,b2,me,1490,46.6862577024,10.5798451965,0.3332,0,0.3687,0,0.3283,0,0.3322,0,0.3642,0,0.2170133,3.399404e-05
2022-10-31 06:45:00,b2,me,1490,46.6862577024,10.5798451965,0.3326,0,0.3687,0,0.3283,0,0.3322,0,0.3642,0,0.2170333,4.714125e-05
2022-10-31 07:00:00,b2,me,1490,46.6862577024,10.5798451965,0.3326,0,0.3687,0,0.3283,0,0.3322,0,0.3637666,0.0001699651,0.21704,4.899063e-05
2022-10-31 07:15:00,b2,me,1490,46.6862577024,10.5798451965,0.3326,0,0.3687,0,0.3283,0,0.3322,0,0.3636867,3.39991e-05,0.2170267,4.422241e-05
2022-10-31 07:30:00,b2,me,1490,46.6862577024,10.5798451965,0.3326,0,0.3687,0,0.3283,0,0.3322,0,0.3637,0,0.21706,4.899062e-05
2022-10-31 07:45:00,b2,me,1490,46.6862577024,10.5798451965,0.3326,0,0.3687,0,0.3283,0,0.332,0.0002828334,0.3637,0,0.21706,4.899063e-05
2022-10-31 08:00:00,b2,me,1490,46.6862577024,10.5798451965,0.3326,0,0.3687,0,0.3283,0,0.3316,0,0.3637,0,0.2170667,4.714125e-05
2022-10-31 08:15:00,b2,me,1490,46.6862577024,10.5798451965,0.3326,0,0.3687,0,0.3276933,2.494109e-05,0.3316,0,0.3637,0,0.2178,0
2022-10-31 08:30:00,b2,me,1490,46.6862577024,10.5798451965,0.33212,0.0002400041,0.3684,0.0002449458,0.32768,3.999472e-05,0.3316,0,0.3637,0,0.2170667,4.714125e-05
2022-10-31 08:45:00,b2,me,1490,46.6862577024,10.5798451965,0.332,0,0.3682,0,0.3276933,2.494109e-05,0.3316,0,0.3637,0,0.2170933,2.494481e-05
2022-10-31 09:00:00,b2,me,1490,46.6862577024,10.5798451965,0.332,0,0.3682,0,0.3277,0,0.3316,0,0.3637,0,0.21798,0.001258149
2022-10-31 09:15:00,b2,me,1490,46.6862577024,10.5798451965,0.3319933,2.494109e-05,0.3682,0,0.3276733,4.421582e-05,0.3316,0,0.3637,0,0.2165267,0.0003193037
2022-10-31 09:30:00,b2,me,1490,46.6862577024,10.5798451965,0.3319533,4.988217e-05,0.3682,0,0.3276,0.0002366421,0.33124,0.0002939437,0.3637,0,0.21634,4.899063e-05
2022-10-31 09:45:00,b2,me,1490,46.6862577024,10.5798451965,0.3316733,0.0003065248,0.3682,0,0.327,0,0.331,0,0.36342,0.0002993376,0.21636,4.899063e-05
2022-10-31 10:00:00,b2,me,1490,46.6862577024,10.5798451965,0.3313,0,0.3682,0,0.32692,0.0002039541,0.331,0,0.3631,0,0.2165733,0.0003604926
2022-10-31 10:15:00,b2,me,1490,46.6862577024,10.5798451965,0.3313,0,0.3682,0,0.3264,0,0.331,0,0.3631,0,0.21642,0.0002315157
2022-10-31 10:30:00,b2,me,1490,46.6862577024,10.5798451965,0.3313,0,0.368,0.0002828475,0.32626,0.0002799988,0.331,0,0.3631,0,0.2163533,4.988961e-05
2022-10-31 10:45:00,b2,me,1490,46.6862577024,10.5798451965,0.3308667,0.0003091162,0.3676,0,0.3257133,3.398897e-05,0.3303933,0.0002379533,0.3631,0,0.2163467,4.988961e-05
2022-10-31 11:00:00,b2,me,1490,46.6862577024,10.5798451965,0.3305866,0.0001627524,0.3676,0,0.3257,0,0.3303,0,0.3629,0.0002828334,0.2159733,0.0003492198
2022-10-31 11:15:00,b2,me,1490,46.6862577024,10.5798451965,0.3306,0,0.3676,0,0.3257,0,0.3303,0,0.3625,0,0.21616,0.0006858564
2022-10-31 11:30:00,b2,me,1490,46.6862577024,10.5798451965,0.33008,0.000203954,0.36712,0.0002399921,0.32522,0.0002400041,0.32978,0.0002039642,0.3625,0,0.2158333,0.0003299817
2022-10-31 11:45:00,b2,me,1490,46.6862577024,10.5798451965,0.33,0,0.367,0,0.3249133,0.0003095503,0.3297,0,0.3624933,2.494852e-05,0.2156,0
2022-10-31 12:00:00,b2,me,1490,46.6862577024,10.5798451965,0.3296733,0.0003492347,0.367,0,0.3244,0,0.3296067,0.0002379532,0.3622867,0.0002753622,0.2156,0
2022-10-31 12:15:00,b2,me,1490,46.6862577024,10.5798451965,0.3294466,0.000364913,0.36668,0.0002993377,0.324,0.0002828475,0.329,0,0.3618933,2.494852e-05,0.2152667,0.0003571478
2022-10-31 12:30:00,b2,me,1490,46.6862577024,10.5798451965,0.3287,0,0.3664,0,0.3233466,0.0003222139,0.329,0,0.3618466,4.989704e-05,0.2148733,4.422241e-05
2022-10-31 12:45:00,b2,me,1490,46.6862577024,10.5798451965,0.3287,0,0.3664,0,0.3231733,0.0001730754,0.32872,0.0002993376,0.3618,0,0.21488,4.000068e-05
2022-10-31 13:00:00,b2,me,1490,46.6862577024,10.5798451965,0.32902,0.0003709375,0.36624,0.0002653345,0.3231066,2.494109e-05,0.3284,0,0.36176,0.0001496614,0.2148667,4.714125e-05
2022-10-31 13:15:00,b2,me,1490,46.6862577024,10.5798451965,0.32856,0.000224497,0.3658,0,0.32258,0.0002039642,0.3277933,0.0002379533,0.3612067,2.494109e-05,0.2144733,0.0003492199
2022-10-31 13:30:00,b2,me,1490,46.6862577024,10.5798451965,0.328,0.0002190873,0.3658,0,0.3219666,0.0002699771,0.3277,0,0.3612,0,0.2148933,0.001124554
2022-10-31 13:45:00,b2,me,1490,46.6862577024,10.5798451965,0.3274,0,0.36528,0.000203954,0.3213733,0.0002885935,0.32726,0.0002653212,0.3612,0,0.2141,0
2022-10-31 14:00:00,b2,me,1490,46.6862577024,10.5798451965,0.3274333,0.0001534799,0.3652,0,0.3212,0,0.3271,0,0.3612,0,0.2141,0
2022-10-31 14:15:00,b2,me,1490,46.6862577024,10.5798451965,0.3273933,2.494109e-05,0.3652,0,0.32128,0.0002039541,0.3270733,4.4229e-05,0.3612,0,0.2141,0
2022-10-31 14:30:00,b2,me,1490,46.6862577024,10.5798451965,0.3274,0,0.3652,0,0.3212,0,0.32704,4.899792e-05,0.36112,0.0002039642,0.2140467,0.0001746099
2022-10-31 14:45:00,b2,me,1490,46.6862577024,10.5798451965,0.3272467,0.0002753575,0.3652,0,0.32082,0.0003124183,0.3264,0,0.3606,0,0.2139933,0.0002542083
2022-10-31 15:00:00,b2,me,1490,46.6862577024,10.5798451965,0.3265933,0.0002489113,0.3652,0,0.3205333,4.714827e-05,0.3264,0,0.3606,0,0.2133333,4.714125e-05
2022-10-31 15:15:00,b2,me,1490,46.6862577024,10.5798451965,0.32646,0.0002939437,0.3652,0,0.3202667,0.0003003617,0.3264,0,0.3606,0,0.21334,4.899062e-05
2022-10-31 15:30:00,b2,me,1490,46.6862577024,10.5798451965,0.3261,0,0.36464,0.0001496688,0.3199,0,0.32748,0.0003249603,0.3606,0,0.21324,0.000255086
2022-10-31 15:45:00,b2,me,1490,46.6862577024,10.5798451965,0.3259,0.0002828334,0.3646,0,0.3193466,0.000221711,0.3276,0,0.36008,0.000203954,0.2126067,2.494481e-05
2022-10-31 16:00:00,b2,me,1490,46.6862577024,10.5798451965,0.3257267,0.0003065145,0.3646,0,0.3189067,0.0003295797,0.3271533,0.0006520375,0.36,0,0.2126,0
2022-10-31 16:15:00,b2,me,1490,46.6862577024,10.5798451965,0.32552,0.0001599977,0.3646,0,0.3186,0,0.3264066,0.0004850597,0.36,0,0.2126067,2.494481e-05
2022-10-31 16:30:00,b2,me,1490,46.6862577024,10.5798451965,0.3252133,0.0003383599,0.3646,0,0.3186,0,0.327,0,0.36,0,0.2126,0
2022-10-31 16:45:00,b2,me,1490,46.6862577024,10.5798451965,0.3248467,0.0001746099,0.36456,0.0001496688,0.3186,0,0.3269533,0.0001746099,0.36,0,0.2126,0
2022-10-31 17:00:00,b2,me,1490,46.6862577024,10.5798451965,0.3254533,0.0001746099,0.36408,0.0002039642,0.3186,0,0.3269933,2.494109e-05,0.3594133,3.398897e-05,0.2126133,3.399404e-05
2022-10-31 17:15:00,b2,me,1490,46.6862577024,10.5798451965,0.3248533,4.988217e-05,0.364,0,0.31812,0.0002400041,0.3268,0.0003033142,0.3594,0,0.2126,0
2022-10-31 17:30:00,b2,me,1490,46.6862577024,10.5798451965,0.32494,0.0001496688,0.364,0,0.3182,0.0002828475,0.3269933,0.0002379554,0.3594133,3.398897e-05,0.2130667,0.001159121
2022-10-31 17:45:00,b2,me,1490,46.6862577024,10.5798451965,0.3249,0,0.364,0,0.3186,0,0.3269466,4.988217e-05,0.3594266,4.421582e-05,0.2119267,4.42224e-05
2022-10-31 18:00:00,b2,me,1490,46.6862577024,10.5798451965,0.3249,0,0.364,0,0.3186,0,0.3270067,0.0001651931,0.35946,4.898332e-05,0.2121866,0.0003383608
2022-10-31 18:15:00,b2,me,1490,46.6862577024,10.5798451965,0.3249,0,0.364,0,0.3186,0,0.3269533,0.0001499578,0.3594866,3.398897e-05,0.2122267,0.0003749953
2022-10-31 18:30:00,b2,me,1490,46.6862577024,10.5798451965,0.3249,0,0.364,0,0.3186,0,0.32696,0.0001496614,0.3595,0,0.21268,4.000068e-05
2022-10-31 18:45:00,b2,me,1490,46.6862577024,10.5798451965,0.3249,0,0.364,0,0.31812,0.0002400041,0.32696,0.0001496614,0.35942,0.0002039541,0.2126733,4.422241e-05
2022-10-31 19:00:00,b2,me,1490,46.6862577024,10.5798451965,0.3247066,0.000288602,0.364,0,0.318,0,0.3269466,0.0002940905,0.3589,0,0.2126933,2.494481e-05
2022-10-31 19:15:00,b2,me,1490,46.6862577024,10.5798451965,0.3243,0,0.364,0,0.318,0,0.327,0,0.3589,0,0.2125133,0.0003095503
2022-10-31 19:30:00,b2,me,1490,46.6862577024,10.5798451965,0.3243,0,0.364,0,0.318,0,0.327,0,0.3589,0,0.212,0
2022-10-31 19:45:00,b2,me,1490,46.6862577024,10.5798451965,0.3243,0,0.364,0,0.318,0,0.327,0,0.3589,0,0.212,0
2022-10-31 20:00:00,b2,me,1490,46.6862577024,10.5798451965,0.3243,0,0.364,0,0.318,0,0.32672,0.0002993228,0.3589,0,0.212,0
2022-10-31 20:15:00,b2,me,1490,46.6862577024,10.5798451965,0.3243066,2.494852e-05,0.36396,0.0001496614,0.3180133,3.39991e-05,0.32664,0.0002939291,0.3589,0,0.212,0
2022-10-31 20:30:00,b2,me,1490,46.6862577024,10.5798451965,0.3243266,4.4229e-05,0.3634533,4.988217e-05,0.3180066,2.494852e-05,0.32644,0.0001496614,0.3589,0,0.2120067,2.494481e-05
2022-10-31 20:45:00,b2,me,1490,46.6862577024,10.5798451965,0.3243533,4.989704e-05,0.3634933,2.494109e-05,0.3180667,4.714828e-05,0.32692,0.000203954,0.3587,0.0002828475,0.2120133,3.399404e-05
2022-10-31 21:00:00,b2,me,1490,46.6862577024,10.5798451965,0.3243467,0.0001746102,0.3635,0,0.31806,4.899792e-05,0.32668,0.0002993228,0.3583,0,0.2120133,3.399404e-05
2022-10-31 21:15:00,b2,me,1490,46.6862577024,10.5798451965,0.3243867,3.39991e-05,0.3635,0,0.3180933,2.494852e-05,0.32652,0.0002399921,0.3583,0,0.2114067,0.0002351348
2022-10-31 21:30:00,b2,me,1490,46.6862577024,10.5798451965,0.3244,0,0.3635,0,0.3180933,2.494852e-05,0.3264,0,0.3583,0,0.2118333,0.0003091194
2022-10-31 21:45:00,b2,me,1490,46.6862577024,10.5798451965,0.3244,0,0.3635,0,0.3175866,0.0003095503,0.32644,0.0001496614,0.3583,0,0.2116533,0.000366726
2022-10-31 22:00:00,b2,me,1490,46.6862577024,10.5798451965,0.32408,0.0003429278,0.3635,0,0.3174,0,0.3264,0,0.3583,0,0.21148,0.0002970962
2022-10-31 22:15:00,b2,me,1490,46.6862577024,10.5798451965,0.32372,3.999472e-05,0.3635,0,0.3174067,2.494109e-05,0.3264,0,0.3583,0,0.2113467,4.988961e-05
2022-10-31 22:30:00,b2,me,1490,46.6862577024,10.5798451965,0.32376,4.898332e-05,0.3635,0,0.3174,0,0.3263267,0.0002080625,0.3583,0,0.2113733,4.422241e-05
2022-10-31 22:45:00,b2,me,1490,46.6862577024,10.5798451965,0.3237866,3.398897e-05,0.3635,0,0.3174333,4.713422e-05,0.32636,0.0001496688,0.3583,0,0.2113933,2.494481e-05
2022-10-31 23:00:00,b2,me,1490,46.6862577024,10.5798451965,0.3235067,0.0003335994,0.3635,0,0.31744,4.898332e-05,0.32584,0.0001496688,0.3580666,0.000264992,0.2114,0
2022-10-31 23:15:00,b2,me,1490,46.6862577024,10.5798451965,0.3231,0,0.3635,0,0.31744,4.898332e-05,0.32584,0.0001496688,0.3578,0,0.2113933,2.494481e-05
2022-10-31 23:30:00,b2,me,1490,46.6862577024,10.5798451965,0.32324,0.0002799988,0.3635,0,0.3174733,4.421582e-05,0.3258,0,0.3578,0,0.2113933,2.494481e-05
2022-10-31 23:45:00,b2,me,1490,46.6862577024,10.5798451965,0.3238,0,0.3635,0,0.3174933,2.494109e-05,0.3258,0,0.3578,0,0.2114,0
2022-10-31 00:00:00,i1,me,1490,46.6870089577,10.5796932062,0.3810267,0.0002264668,0.3018,0,0.2554,0,0.1986666,4.714125e-05,0.3612533,0.0004964715,0.2728,0
2022-10-31 00:15:00,i1,me,1490,46.6870089577,10.5796932062,0.3809,0,0.3021666,0.0003823809,0.2554,0,0.1986733,4.422241e-05,0.36146,0.0002653345,0.2728,0
2022-10-31 00:30:00,i1,me,1490,46.6870089577,10.5796932062,0.3809,0,0.30254,0.0002799988,0.2554,0,0.1986866,3.399404e-05,0.36166,0.0002939437,0.2728,0
2022-10-31 00:45:00,i1,me,1490,46.6870089577,10.5796932062,0.3809,0,0.30254,0.0002799988,0.2554067,2.494109e-05,0.1986933,2.494481e-05,0.3618933,2.494852e-05,0.2728,0
2022-10-31 01:00:00,i1,me,1490,46.6870089577,10.5796932062,0.3809,0,0.3025533,0.0002753567,0.2554067,2.494109e-05,0.1986933,2.494481e-05,0.3619,0,0.2728,0
2022-10-31 01:15:00,i1,me,1490,46.6870089577,10.5796932062,0.3809,0,0.3021466,0.0004030925,0.2554133,3.398897e-05,0.19828,0.0003429271,0.36196,0.0001743548,0.2729,0.0002366421
2022-10-31 01:30:00,i1,me,1490,46.6870089577,10.5796932062,0.382,0,0.30256,0.0002154025,0.25544,4.898332e-05,0.1980933,0.0002379532,0.36166,0.0002939437,0.2735,0
2022-10-31 01:45:00,i1,me,1490,46.6870089577,10.5796932062,0.382,0,0.3024733,4.422901e-05,0.2554466,4.988217e-05,0.1983266,0.0003492198,0.3615,0.0002828475,0.27396,0.0003261891
2022-10-31 02:00:00,i1,me,1490,46.6870089577,10.5796932062,0.382,0,0.3024867,3.39991e-05,0.2554666,4.713422e-05,0.198,0,0.36186,0.0001496688,0.2735,0
2022-10-31 02:15:00,i1,me,1490,46.6870089577,10.5796932062,0.382,0,0.3024933,2.494852e-05,0.25548,3.999472e-05,0.198,0,0.3619,0,0.2735,0
2022-10-31 02:30:00,i1,me,1490,46.6870089577,10.5796932062,0.38188,0.0002400041,0.3018,0,0.2554933,2.494107e-05,0.1980067,2.494481e-05,0.36178,0.0002400041,0.2735,0
2022-10-31 02:45:00,i1,me,1490,46.6870089577,10.5796932062,0.38192,0.0002039642,0.3019933,0.0004639956,0.2554866,3.398897e-05,0.198,0,0.3613,0,0.2735,0
2022-10-31 03:00:00,i1,me,1490,46.6870089577,10.5796932062,0.38172,0.0002993377,0.3019,0.0003346643,0.2554933,2.494109e-05,0.1980067,2.494481e-05,0.36186,0.0001496688,0.2735,0
2022-10-31 03:15:00,i1,me,1490,46.6870089577,10.5796932062,0.3814,0,0.3018933,0.0002379533,0.2555,0,0.1980133,3.399404e-05,0.3615,0.0002828475,0.2735,0
2022-10-31 03:30:00,i1,me,1490,46.6870089577,10.5796932062,0.38144,0.0001496688,0.3018,0,0.2555,0,0.1980333,4.714125e-05,0.36162,0.0002993376,0.2735,0
2022-10-31 03:45:00,i1,me,1490,46.6870089577,10.5796932062,0.3814,0,0.30172,0.0002039642,0.2555,0,0.1980267,4.422241e-05,0.3613,0,0.2735,0
2022-10-31 04:00:00,i1,me,1490,46.6870089577,10.5796932062,0.3814,0,0.30128,0.0002039642,0.2555,0,0.1980133,3.399404e-05,0.3613,0,0.2735066,2.494852e-05
2022-10-31 04:15:00,i1,me,1490,46.6870089577,10.5796932062,0.3814,0,0.3014334,0.0003823942,0.2555,0,0.1980533,4.988961e-05,0.36134,0.0001496688,0.27314,0.0002939437
2022-10-31 04:30:00,i1,me,1490,46.6870089577,10.5796932062,0.3814,0,0.3017866,0.000162754,0.2554533,0.0001746099,0.1980467,4.988961e-05,0.3613,0,0.2728933,2.494109e-05
2022-10-31 04:45:00,i1,me,1490,46.6870089577,10.5796932062,0.3814,0,0.3016867,0.0002963482,0.2555,0,0.1980733,4.422241e-05,0.3613,0,0.2728933,2.494109e-05
2022-10-31 05:00:00,i1,me,1490,46.6870089577,10.5796932062,0.3814,0,0.3012,0.0005715452,0.2555,0,0.1980667,4.714125e-05,0.3613,0,0.2729,0
2022-10-31 05:15:00,i1,me,1490,46.6870089577,10.5796932062,0.3814,0,0.30134,0.0002799988,0.2555,0,0.1980867,3.399404e-05,0.3613,0,0.2729,0
2022-10-31 05:30:00,i1,me,1490,46.6870089577,10.5796932062,0.3814,0,0.3012,0,0.2555,0,0.19808,4.000068e-05,0.3613,0,0.2729,0
2022-10-31 05:45:00,i1,me,1490,46.6870089577,10.5796932062,0.3814,0,0.3010133,0.0003095503,0.2555,0,0.1976533,0.0003403251,0.3613,0,0.2729,0
2022-10-31 06:00:00,i1,me,1490,46.6870089577,10.5796932062,0.3814,0,0.30054,4.898332e-05,0.2555,0,0.1973667,4.714125e-05,0.3613,0,0.2729,0
2022-10-31 06:15:00,i1,me,1490,46.6870089577,10.5796932062,0.3814,0,0.3005733,4.421582e-05,0.2555133,3.39991e-05,0.1973733,4.422241e-05,0.3613,0,0.2729,0
2022-10-31 06:30:00,i1,me,1490,46.6870089577,10.5796932062,0.3814,0,0.30058,3.999472e-05,0.2555,0,0.1973933,2.494481e-05,0.3613,0,0.2729,0
2022-10-31 06:45:00,i1,me,1490,46.6870089577,10.5796932062,0.3814,0,0.3005933,2.494109e-05,0.2555267,4.4229e-05,0.1974,0,0.3613,0,0.2729,0
2022-10-31 07:00:00,i1,me,1490,46.6870089577,10.5796932062,0.3814,0,0.3005067,0.0002379532,0.25552,4.000664e-05,0.1974,0,0.3613,0,0.2729,0
2022-10-31 07:15:00,i1,me,1490,46.6870089577,10.5796932062,0.3814,0,0.3006,0,0.2555267,4.4229e-05,0.1974,0,0.3613,0,0.2729,0
2022-10-31 07:30:00,i1,me,1490,46.6870089577,10.5796932062,0.3814,0,0.3006,0,0.2555533,4.989704e-05,0.1974,0,0.3613,0,0.2729,0
2022-10-31 07:45:00,i1,me,1490,46.6870089577,10.5796932062,0.3814,0,0.3006,0,0.2555667,4.714827e-05,0.1974,0,0.3613,0,0.2729,0
2022-10-31 08:00:00,i1,me,1490,46.6870089577,10.5796932062,0.3814,0,0.3001333,0.0003299817,0.2555933,2.494852e-05,0.1974,0,0.3613,0,0.2729,0
2022-10-31 08:15:00,i1,me,1490,46.6870089577,10.5796932062,0.3814,0,0.2999,0,0.2555733,4.422901e-05,0.1974,0,0.3613,0,0.2729,0
2022-10-31 08:30:00,i1,me,1490,46.6870089577,10.5796932062,0.3814,0,0.3005533,0.0001746099,0.2555733,4.4229e-05,0.1973867,3.399404e-05,0.3613,0,0.2729,0
2022-10-31 08:45:00,i1,me,1490,46.6870089577,10.5796932062,0.3814,0,0.3008,0.0002828475,0.25558,4.000663e-05,0.1974,0,0.3613,0,0.2729,0
2022-10-31 09:00:00,i1,me,1490,46.6870089577,10.5796932062,0.3814,0,0.3011,0.00035963,0.2555867,3.39991e-05,0.1971667,0.0003299817,0.36134,0.0001496688,0.2729,0
2022-10-31 09:15:00,i1,me,1490,46.6870089577,10.5796932062,0.3814,0,0.2999,0,0.2555733,4.4229e-05,0.1967,0,0.36134,0.0001496688,0.2729,0
2022-10-31 09:30:00,i1,me,1490,46.6870089577,10.5796932062,0.3814,0,0.2999,0,0.2555867,3.39991e-05,0.1967,0,0.36134,0.0001496688,0.2729,0
2022-10-31 09:45:00,i1,me,1490,46.6870089577,10.5796932062,0.3814,0,0.2999,0,0.2555467,4.989704e-05,0.1967,0,0.36182,0.0005306689,0.2728066,0.0002379532
2022-10-31 10:00:00,i1,me,1490,46.6870089577,10.5796932062,0.3814,0,0.2999,0,0.25552,4.000664e-05,0.1967,0,0.3613,0,0.27222,4.000664e-05
2022-10-31 10:15:00,i1,me,1490,46.6870089577,10.5796932062,0.3814,0,0.29926,4.898332e-05,0.2555133,3.39991e-05,0.1967,0,0.36086,0.0002653213,0.2722,0
2022-10-31 10:30:00,i1,me,1490,46.6870089577,10.5796932062,0.3814,0,0.2992333,4.713422e-05,0.2555,0,0.1967,0,0.36074,0.0001496613,0.2722,0
2022-10-31 10:45:00,i1,me,1490,46.6870089577,10.5796932062,0.38136,0.0001496614,0.2992266,4.421582e-05,0.25536,0.0002799988,0.1967,0,0.36086,0.0002653213,0.2722,0
2022-10-31 11:00:00,i1,me,1490,46.6870089577,10.5796932062,0.38096,0.0002653212,0.2989267,0.0003213877,0.25436,0.0003479439,0.1960867,0.0002418489,0.3609667,0.0004027577,0.27164,0.0002799988
2022-10-31 11:15:00,i1,me,1490,46.6870089577,10.5796932062,0.3808,0,0.2986,0,0.2540267,4.421582e-05,0.196,0,0.36046,0.0002939437,0.2715,0
2022-10-31 11:30:00,i1,me,1490,46.6870089577,10.5796932062,0.3804,0.0002000093,0.29854,4.898332e-05,0.254,0,0.1959933,2.494481e-05,0.3601,0,0.2715,0
2022-10-31 11:45:00,i1,me,1490,46.6870089577,10.5796932062,0.3803,0,0.2983,0.0002988892,0.2539067,0.0002379532,0.1959867,3.399404e-05,0.35982,0.0002993376,0.2712666,0.0003299817
2022-10-31 12:00:00,i1,me,1490,46.6870089577,10.5796932062,0.3803,0,0.2978667,4.713422e-05,0.2533,0,0.19598,4.000068e-05,0.3598533,0.0005097336,0.2708,0
2022-10-31 12:15:00,i1,me,1490,46.6870089577,10.5796932062,0.37982,0.0002399921,0.29772,0.0002638185,0.2535733,0.0003492204,0.1959,0.0002366421,0.3599533,0.0003649078,0.2704267,0.0003492198
2022-10-31 12:30:00,i1,me,1490,46.6870089577,10.5796932062,0.3797,0,0.2972,0,0.2533533,0.0002918153,0.1952733,4.422241e-05,0.3596533,0.0003303906,0.2701,0
2022-10-31 12:45:00,i1,me,1490,46.6870089577,10.5796932062,0.3797,0,0.2971733,4.421582e-05,0.2532,0,0.19528,4.000068e-05,0.3591533,0.000338359,0.2700533,0.0001746099
2022-10-31 13:00:00,i1,me,1490,46.6870089577,10.5796932062,0.37938,0.0002993377,0.2969266,0.0003043406,0.25292,0.0003429271,0.1952533,4.988961e-05,0.35838,0.0008447488,0.2694,0
2022-10-31 13:15:00,i1,me,1490,46.6870089577,10.5796932062,0.3791,0,0.2965,0,0.2525,0,0.19504,0.0003136865,0.35698,0.0002400041,0.2693533,0.0001746099
2022-10-31 13:30:00,i1,me,1490,46.6870089577,10.5796932062,0.3786333,0.0001247203,0.29652,0.0001600005,0.2515667,0.0003299817,0.1945133,3.399404e-05,0.35638,0.0002400041,0.2687066,2.494109e-05
2022-10-31 13:45:00,i1,me,1490,46.6870089577,10.5796932062,0.3783133,0.0002940955,0.2964533,4.988217e-05,0.2510333,0.0001738453,0.1945,0,0.3559,0,0.2687,0
2022-10-31 14:00:00,i1,me,1490,46.6870089577,10.5796932062,0.378,0,0.2964,0,0.2503133,3.39991e-05,0.1945,0,0.35602,0.0002400041,0.2680467,0.0001746099
2022-10-31 14:15:00,i1,me,1490,46.6870089577,10.5796932062,0.378,0,0.2964,0,0.25036,0.0001743557,0.1944933,2.494481e-05,0.3553,0,0.268,0
2022-10-31 14:30:00,i1,me,1490,46.6870089577,10.5796932062,0.3774,0,0.2958666,0.000269979,0.2507933,0.0003234516,0.194,0.0003425384,0.3553,0,0.268,0
2022-10-31 14:45:00,i1,me,1490,46.6870089577,10.5796932062,0.3774,0,0.2957067,2.494109e-05,0.2503467,4.989704e-05,0.1937267,4.422241e-05,0.3551,0.0002828475,0.2679067,0.0002379532
2022-10-31 15:00:00,i1,me,1490,46.6870089577,10.5796932062,0.3771933,0.000254219,0.2957067,2.494109e-05,0.2501733,0.0003193086,0.1937267,4.42224e-05,0.35478,0.0002039642,0.2673133,3.398897e-05
2022-10-31 15:15:00,i1,me,1490,46.6870089577,10.5796932062,0.3768867,3.398897e-05,0.2957067,2.494109e-05,0.2496533,4.988961e-05,0.1937,0,0.3544666,0.0002867481,0.2673133,3.398897e-05
2022-10-31 15:30:00,i1,me,1490,46.6870089577,10.5796932062,0.3768933,2.494109e-05,0.2952933,0.000288604,0.24968,4.000067e-05,0.1937,0,0.35414,4.899792e-05,0.2673,0
2022-10-31 15:45:00,i1,me,1490,46.6870089577,10.5796932062,0.3765267,0.0002791974,0.29508,4.000664e-05,0.24898,4.000068e-05,0.1937067,2.494481e-05,0.3536266,0.0001289248,0.2669733,0.0003213877
2022-10-31 16:00:00,i1,me,1490,46.6870089577,10.5796932062,0.3763,0,0.2950333,0.0001738453,0.2485266,0.000362337,0.1930933,0.0002379533,0.35308,0.0002039642,0.26666,4.898332e-05
2022-10-31 16:15:00,i1,me,1490,46.6870089577,10.5796932062,0.3763,0,0.2950467,0.0001746102,0.2480267,0.0003193033,0.193,0,0.35292,0.0002039541,0.26666,4.898332e-05
2022-10-31 16:30:00,i1,me,1490,46.6870089577,10.5796932062,0.3759,0.0002828475,0.2946,0.0002828334,0.24754,4.899062e-05,0.1929933,2.494481e-05,0.35244,0.0001496614,0.2663933,0.0003234544
2022-10-31 16:45:00,i1,me,1490,46.6870089577,10.5796932062,0.3757,0,0.2944,0,0.2482067,0.0002379533,0.193,0,0.3524,0,0.266,0
2022-10-31 17:00:00,i1,me,1490,46.6870089577,10.5796932062,0.3757,0,0.2944,0,0.24828,4.000068e-05,0.193,0,0.3524,0,0.266,0
2022-10-31 17:15:00,i1,me,1490,46.6870089577,10.5796932062,0.3757,0,0.2943067,0.0002379532,0.24774,0.0002799988,0.193,0,0.3524,0,0.266,0
2022-10-31 17:30:00,i1,me,1490,46.6870089577,10.5796932062,0.3752333,0.0001247203,0.2937933,0.0002379532,0.2476,0,0.1929933,2.494481e-05,0.35244,0.0004079175,0.266,0
2022-10-31 17:45:00,i1,me,1490,46.6870089577,10.5796932062,0.3752,0,0.2937,0,0.2476,0,0.1929933,2.49448e-05,0.352,0.0002828475,0.26544,0.0002799988
2022-10-31 18:00:00,i1,me,1490,46.6870089577,10.5796932062,0.3752,0,0.29384,0.0002799988,0.2474667,0.0002844086,0.1929933,2.494481e-05,0.3518,0,0.2653,0
2022-10-31 18:15:00,i1,me,1490,46.6870089577,10.5796932062,0.37504,0.0002653345,0.2937,0,0.2470733,0.0002999258,0.193,0,0.3518,0,0.2653,0
2022-10-31 18:30:00,i1,me,1490,46.6870089577,10.5796932062,0.3746,0,0.2937133,3.398897e-05,0.2469733,4.421582e-05,0.1929933,2.494481e-05,0.35176,0.0001496614,0.2653067,2.494109e-05
2022-10-31 18:45:00,i1,me,1490,46.6870089577,10.5796932062,0.3746,0,0.2937666,4.713422e-05,0.2469933,2.494109e-05,0.1929867,3.399404e-05,0.35188,0.0003709437,0.2653266,4.421582e-05
2022-10-31 19:00:00,i1,me,1490,46.6870089577,10.5796932062,0.3746,0,0.2937933,2.494109e-05,0.247,0,0.1923,0,0.35136,0.0003440877,0.2653466,4.988217e-05
2022-10-31 19:15:00,i1,me,1490,46.6870089577,10.5796932062,0.3746,0,0.2938,0,0.24686,0.0002799988,0.1923,0,0.35216,0.0002939437,0.26538,3.999472e-05
2022-10-31 19:30:00,i1,me,1490,46.6870089577,10.5796932062,0.3746,0,0.2938,0,0.2463,0,0.1923,0,0.35188,0.0002039642,0.2653867,3.398897e-05
2022-10-31 19:45:00,i1,me,1490,46.6870089577,10.5796932062,0.3746,0,0.2938,0,0.2463133,3.399404e-05,0.1923,0,0.35164,0.0002653213,0.26544,0.0001781371
2022-10-31 20:00:00,i1,me,1490,46.6870089577,10.5796932062,0.3746,0,0.2938,0,0.2463333,4.714125e-05,0.1923,0,0.35132,0.0002399921,0.26544,0.0001496688
2022-10-31 20:15:00,i1,me,1490,46.6870089577,10.5796932062,0.3746,0,0.2938,0,0.2463333,4.714125e-05,0.1923067,2.494109e-05,0.3512,0,0.2654,0
2022-10-31 20:30:00,i1,me,1490,46.6870089577,10.5796932062,0.37464,0.0001496688,0.2938,0,0.2463733,4.422241e-05,0.1923,0,0.3511667,0.0001247277,0.2654,0
2022-10-31 20:45:00,i1,me,1490,46.6870089577,10.5796932062,0.3744733,0.0003021394,0.2934133,0.0003180511,0.2463933,2.494481e-05,0.19232,3.999472e-05,0.3512,0,0.2654,0
2022-10-31 21:00:00,i1,me,1490,46.6870089577,10.5796932062,0.3745533,0.0003913518,0.2931733,4.421582e-05,0.2464,0,0.1923333,4.713422e-05,0.35118,0.0001600005,0.2654,0
2022-10-31 21:15:00,i1,me,1490,46.6870089577,10.5796932062,0.3742333,0.0002211055,0.2931933,2.494109e-05,0.2457467,0.0001746099,0.19234,4.898332e-05,0.3509067,0.0002694928,0.2654,0
2022-10-31 21:30:00,i1,me,1490,46.6870089577,10.5796932062,0.3744933,0.0005157114,0.2932,0,0.24556,0.0002799988,0.1923667,4.713422e-05,0.35066,0.0001496614,0.2654,0
2022-10-31 21:45:00,i1,me,1490,46.6870089577,10.5796932062,0.3742,0.0001999974,0.2932,0,0.24514,0.0002799988,0.1923733,4.421582e-05,0.35022,0.0002399921,0.2654067,2.494852e-05
2022-10-31 22:00:00,i1,me,1490,46.6870089577,10.5796932062,0.3747333,0.0004812077,0.2932,0,0.245,0,0.1924,0,0.35062,0.0002039541,0.26542,4.000664e-05
2022-10-31 22:15:00,i1,me,1490,46.6870089577,10.5796932062,0.3746,0,0.2932,0,0.245,0,0.19188,0.0003145354,0.3507,0,0.26542,4.000663e-05
2022-10-31 22:30:00,i1,me,1490,46.6870089577,10.5796932062,0.3746066,2.494852e-05,0.2932,0,0.2452333,0.0003299817,0.1916933,2.494481e-05,0.35078,0.0002039642,0.2654467,4.989704e-05
2022-10-31 22:45:00,i1,me,1490,46.6870089577,10.5796932062,0.37478,0.000337051,0.2932,0,0.2456733,0.0001842698,0.1916933,2.494481e-05,0.3517666,0.0001247203,0.2654133,3.39991e-05
2022-10-31 23:00:00,i1,me,1490,46.6870089577,10.5796932062,0.3747067,0.0002434945,0.2932,0,0.2455267,0.0003043376,0.1917,0,0.3518,0,0.2654733,4.4229e-05
2022-10-31 23:15:00,i1,me,1490,46.6870089577,10.5796932062,0.37468,4.000664e-05,0.2932,0,0.2457333,4.714125e-05,0.1917,0,0.3515333,0.0002494406,0.2654933,2.494852e-05
2022-10-31 23:30:00,i1,me,1490,46.6870089577,10.5796932062,0.37472,0.0002400006,0.2931133,0.0002217069,0.2457667,4.714125e-05,0.1917,0,0.3512867,3.398897e-05,0.2652067,0.0003335971
2022-10-31 23:45:00,i1,me,1490,46.6870089577,10.5796932062,0.3752066,0.0002976982,0.2925933,2.494852e-05,0.2457733,4.422241e-05,0.1917,0,0.3513533,0.0001783842,0.2648,0
2022-10-31 00:00:00,i3,me,1430,46.6840937033,10.5816655619,0.4224,0,0.39756,0.0001496614,0.4431,0,0.3814,0,0.39534,0.0002939437,0.3928,0
2022-10-31 00:15:00,i3,me,1430,46.6840937033,10.5816655619,0.4224,0,0.3976,0,0.4431,0,0.3814,0,0.3953,0.0002828475,0.3928,0
2022-10-31 00:30:00,i3,me,1430,46.6840937033,10.5816655619,0.4224,0,0.39752,0.0002039541,0.4431,0,0.3814,0,0.3955,0.0002828475,0.3928,0
2022-10-31 00:45:00,i3,me,1430,46.6840937033,10.5816655619,0.4224,0,0.3976,0,0.4430667,0.0001247203,0.3814,0,0.3951,0,0.3928,0
2022-10-31 01:00:00,i3,me,1430,46.6840937033,10.5816655619,0.4224,0,0.3976,0,0.4431,0,0.3814,0,0.3951,0,0.3928,0
2022-10-31 01:15:00,i3,me,1430,46.6840937033,10.5816655619,0.4224,0,0.3976,0,0.4431,0,0.3814,0,0.3951,0,0.3928,0
2022-10-31 01:30:00,i3,me,1430,46.6840937033,10.5816655619,0.4224,0,0.3972,0.0002828334,0.4431,0,0.3814,0,0.3951,0,0.3928,0
2022-10-31 01:45:00,i3,me,1430,46.6840937033,10.5816655619,0.4223666,0.0001247203,0.39704,0.0001496613,0.4431,0,0.3814,0,0.3951,0,0.3928,0
2022-10-31 02:00:00,i3,me,1430,46.6840937033,10.5816655619,0.4222666,0.0002211055,0.397,0,0.4429,0.0002449458,0.3814,0,0.3951,0,0.3928,0
2022-10-31 02:15:00,i3,me,1430,46.6840937033,10.5816655619,0.4221333,0.0002494406,0.397,0,0.4426,0,0.3814,0,0.39554,0.0002653345,0.3923667,0.0001699651
2022-10-31 02:30:00,i3,me,1430,46.6840937033,10.5816655619,0.4219666,0.0001699651,0.397,0,0.4426333,0.0001247203,0.3814,0,0.39554,0.0002653345,0.3923,0
2022-10-31 02:45:00,i3,me,1430,46.6840937033,10.5816655619,0.4219,0,0.397,0,0.4426,0,0.3814,0,0.39566,0.0001496688,0.3923,0
2022-10-31 03:00:00,i3,me,1430,46.6840937033,10.5816655619,0.4219,0,0.397,0,0.4426,0,0.3814,0,0.3957,0,0.3923,0
2022-10-31 03:15:00,i3,me,1430,46.6840937033,10.5816655619,0.4219,0,0.397,0,0.4426,0,0.3814,0,0.3957,0,0.3923,0
2022-10-31 03:30:00,i3,me,1430,46.6840937033,10.5816655619,0.4219,0,0.397,0,0.4426,0,0.38112,0.0002993228,0.39542,0.0002993376,0.3923,0
2022-10-31 03:45:00,i3,me,1430,46.6840937033,10.5816655619,0.4219,0,0.397,0,0.4426,0,0.38128,0.0002399921,0.3951,0,0.3923,0
2022-10-31 04:00:00,i3,me,1430,46.6840937033,10.5816655619,0.4219,0,0.397,0,0.4426,0,0.3812,0.0002828334,0.3951,0,0.3923,0
2022-10-31 04:15:00,i3,me,1430,46.6840937033,10.5816655619,0.4219,0,0.397,0,0.4426,0,0.381,0.0002828334,0.3951,0,0.3923,0
2022-10-31 04:30:00,i3,me,1430,46.6840937033,10.5816655619,0.4219,0,0.397,0,0.4426,0,0.3808,0,0.3951,0,0.3923,0
2022-10-31 04:45:00,i3,me,1430,46.6840937033,10.5816655619,0.4219,0,0.397,0,0.4426,0,0.3808,0,0.3951,0,0.3923,0
2022-10-31 05:00:00,i3,me,1430,46.6840937033,10.5816655619,0.4219,0,0.397,0,0.4426,0,0.3808,0,0.3951,0,0.3923,0
2022-10-31 05:15:00,i3,me,1430,46.6840937033,10.5816655619,0.4219,0,0.397,0,0.4426,0,0.3808,0,0.3951,0,0.3923,0
2022-10-31 05:30:00,i3,me,1430,46.6840937033,10.5816655619,0.4219,0,0.397,0,0.4426,0,0.3808,0,0.3951067,2.494852e-05,0.3923,0
2022-10-31 05:45:00,i3,me,1430,46.6840937033,10.5816655619,0.4219,0,0.397,0,0.4423667,0.0002494555,0.3808,0,0.39512,4.000664e-05,0.3923,0
2022-10-31 06:00:00,i3,me,1430,46.6840937033,10.5816655619,0.4219,0,0.397,0,0.4423,0.0002449604,0.3808,0,0.39514,4.899792e-05,0.3923,0
2022-10-31 06:15:00,i3,me,1430,46.6840937033,10.5816655619,0.4215,0.0001999974,0.397,0,0.4421667,0.0001699752,0.3808,0,0.39516,4.899792e-05,0.3923,0
2022-10-31 06:30:00,i3,me,1430,46.6840937033,10.5816655619,0.4218,0.0001999974,0.397,0,0.4421,0,0.3808,0,0.3951533,4.989704e-05,0.3923,0
2022-10-31 06:45:00,i3,me,1430,46.6840937033,10.5816655619,0.4217333,0.0002356992,0.397,0,0.4421,0,0.3808,0,0.3951667,4.714827e-05,0.3923,0
2022-10-31 07:00:00,i3,me,1430,46.6840937033,10.5816655619,0.4218667,0.0001247203,0.3969,0.0002000093,0.4421,0,0.3808,0,0.3951733,4.422901e-05,0.3923,0
2022-10-31 07:15:00,i3,me,1430,46.6840937033,10.5816655619,0.4214,0,0.3969,0.0002000093,0.4421,0,0.3808,0,0.3952,0,0.3923,0
2022-10-31 07:30:00,i3,me,1430,46.6840937033,10.5816655619,0.4214,0,0.3966333,0.0002211186,0.4421,0,0.3808,0,0.3951867,3.39991e-05,0.3923,0
2022-10-31 07:45:00,i3,me,1430,46.6840937033,10.5816655619,0.4214,0,0.3965,0,0.4421,0,0.3808,0,0.3952,0,0.3923,0
2022-10-31 08:00:00,i3,me,1430,46.6840937033,10.5816655619,0.4214,0,0.3965,0,0.4421,0,0.3808,0,0.3952,0,0.3923,0
2022-10-31 08:15:00,i3,me,1430,46.6840937033,10.5816655619,0.4214,0,0.3964333,0.0001699651,0.4419666,0.0002211055,0.3808,0,0.3952,0,0.3923,0
2022-10-31 08:30:00,i3,me,1430,46.6840937033,10.5816655619,0.4214,0,0.3960333,0.0001247203,0.4416867,0.0001667981,0.3808,0,0.3953,0.0001999974,0.3923,0
2022-10-31 08:45:00,i3,me,1430,46.6840937033,10.5816655619,0.4214,0,0.396,0,0.44172,0.0001939043,0.3808,0,0.3952,0,0.3923,0
2022-10-31 09:00:00,i3,me,1430,46.6840937033,10.5816655619,0.4214,0,0.396,0,0.44164,4.899792e-05,0.38058,0.0002638275,0.39516,0.0001496688,0.3923,0
2022-10-31 09:15:00,i3,me,1430,46.6840937033,10.5816655619,0.4214,0,0.396,0,0.4416867,3.39991e-05,0.3803,0,0.3946,0,0.3923,0
2022-10-31 09:30:00,i3,me,1430,46.6840937033,10.5816655619,0.4214,0,0.396,0,0.4413666,0.0002357132,0.3803,0,0.3946,0,0.3923,0
2022-10-31 09:45:00,i3,me,1430,46.6840937033,10.5816655619,0.4214,0,0.396,0,0.4412,0,0.3803,0,0.3946,0,0.3923,0
2022-10-31 10:00:00,i3,me,1430,46.6840937033,10.5816655619,0.4210666,0.0002357132,0.396,0,0.4409333,0.0002494406,0.37986,0.0002653212,0.3946,0,0.39178,0.0002039642
2022-10-31 10:15:00,i3,me,1430,46.6840937033,10.5816655619,0.4209,0,0.39572,0.0002993376,0.4407,0,0.3797,0,0.3942667,0.0002356992,0.3917,0
2022-10-31 10:30:00,i3,me,1430,46.6840937033,10.5816655619,0.4208,0.0001999974,0.3954,0,0.44038,0.0001600027,0.37958,0.0002400041,0.3941,0,0.3917,0
2022-10-31 10:45:00,i3,me,1430,46.6840937033,10.5816655619,0.4204,0,0.39584,0.0002653345,0.4403,0,0.3791,0,0.39386,0.0002939437,0.3917,0
2022-10-31 11:00:00,i3,me,1430,46.6840937033,10.5816655619,0.4203,0.0001999974,0.39592,0.0002039642,0.4397667,0.0001247203,0.3786667,0.0001699651,0.3935,0,0.3917,0
2022-10-31 11:15:00,i3,me,1430,46.6840937033,10.5816655619,0.4199,0,0.3954,0,0.4393,0,0.3786,0,0.3934333,0.0001699651,0.3912,0
2022-10-31 11:30:00,i3,me,1430,46.6840937033,10.5816655619,0.4198333,0.0001699651,0.3954,0,0.4391133,0.0001995584,0.3784,0.0002828475,0.3936267,0.0004296813,0.3912,0
2022-10-31 11:45:00,i3,me,1430,46.6840937033,10.5816655619,0.4194,0,0.3954,0,0.4389,0,0.378,0,0.3934667,0.0001247203,0.3911333,4.714827e-05
2022-10-31 12:00:00,i3,me,1430,46.6840937033,10.5816655619,0.41916,0.0002939437,0.395,0.0001999974,0.4384333,0.0001247203,0.37764,0.0002939291,0.39272,0.0002993376,0.3906666,0.0001699651
2022-10-31 12:15:00,i3,me,1430,46.6840937033,10.5816655619,0.4188,0,0.3949,0,0.4380333,0.0002211055,0.37736,0.0001496688,0.39268,0.0002993376,0.3906,0
2022-10-31 12:30:00,i3,me,1430,46.6840937033,10.5816655619,0.4183,0,0.39458,0.0002993228,0.4377133,0.0001995584,0.3768,0,0.3923667,0.0001247203,0.39012,0.0002400041
2022-10-31 12:45:00,i3,me,1430,46.6840937033,10.5816655619,0.4183,0,0.3943,0,0.4375,0,0.3767,0.0001999974,0.3918533,0.0001499658,0.39,0
2022-10-31 13:00:00,i3,me,1430,46.6840937033,10.5816655619,0.4178667,0.0001699651,0.3940333,0.0002494555,0.437,0,0.3763,0,0.3913,0,0.3895666,0.0001699651
2022-10-31 13:15:00,i3,me,1430,46.6840937033,10.5816655619,0.4174333,0.0002211186,0.3936,0.0002828334,0.4365333,0.0001247203,0.3757,0,0.3909,0.0002828334,0.38934,0.0002653213
2022-10-31 13:30:00,i3,me,1430,46.6840937033,10.5816655619,0.417,0.0002449458,0.3929333,0.0002494555,0.4359466,0.000135966,0.3751799,0.0002039642,0.3903333,0.0002211186,0.3889,0
2022-10-31 13:45:00,i3,me,1430,46.6840937033,10.5816655619,0.4168,0,0.3929333,0.0002494555,0.4356,0,0.3751,0,0.38992,0.0002993228,0.3885,0.0002000093
2022-10-31 14:00:00,i3,me,1430,46.6840937033,10.5816655619,0.4164333,0.0002211055,0.3932,0,0.4354667,0.0002211186,0.37506,0.0001496614,0.3896,0,0.3884,0
2022-10-31 14:15:00,i3,me,1430,46.6840937033,10.5816655619,0.4163,0,0.3928333,0.0002211186,0.4351,0,0.37458,0.000203954,0.3896,0,0.38816,0.0002939291
2022-10-31 14:30:00,i3,me,1430,46.6840937033,10.5816655619,0.4163,0,0.3927,0,0.4351,0,0.3745,0,0.3895,0.0002000093,0.3878,0
2022-10-31 14:45:00,i3,me,1430,46.6840937033,10.5816655619,0.4159333,0.0002211055,0.3927,0,NaN,NaN,0.3745,0,0.3891,0,0.3878,0
2022-10-31 15:00:00,i3,me,1430,46.6840937033,10.5816655619,0.4158,0,0.3927,0,NaN,NaN,0.3745,0,0.3891,0,0.38772,0.0002039642
2022-10-31 15:15:00,i3,me,1430,46.6840937033,10.5816655619,0.4158,0,0.39254,0.0002653213,0.4346,0,0.3745,0,0.38858,0.000203954,0.3872,0
2022-10-31 15:30:00,i3,me,1430,46.6840937033,10.5816655619,0.41568,0.0002400041,0.3921,0,NaN,NaN,0.3739,0,0.3885,0,0.3872,0
2022-10-31 15:45:00,i3,me,1430,46.6840937033,10.5816655619,0.4156066,0.0002743917,0.3921,0,0.434,0.0001999974,0.3739,0,0.3884,0.0001999974,0.3869666,0.0002494406
2022-10-31 16:00:00,i3,me,1430,46.6840937033,10.5816655619,0.4150066,0.0002515709,0.3921,0,0.4336,0,0.3737,0.0002449458,0.3880333,0.0001247203,0.3867,0
2022-10-31 16:15:00,i3,me,1430,46.6840937033,10.5816655619,0.4147,0,0.3916333,0.0001247203,0.4336,0,0.3734,0,0.388,0,0.3867,0
2022-10-31 16:30:00,i3,me,1430,46.6840937033,10.5816655619,0.4147,0,0.3916,0,0.4336,0,0.3734,0,0.38776,0.0002939437,0.38626,0.0002653345
2022-10-31 16:45:00,i3,me,1430,46.6840937033,10.5816655619,0.4147,0,0.3916,0,0.4335733,9.977922e-05,0.3734,0,0.3874,0,0.3861,0
2022-10-31 17:00:00,i3,me,1430,46.6840937033,10.5816655619,0.4147,0,0.3916,0,0.4332,0,0.3734,0,0.3874,0,0.3861,0
2022-10-31 17:15:00,i3,me,1430,46.6840937033,10.5816655619,0.4143667,0.0002356992,0.3916,0,0.4332,0,0.3734,0,0.3874,0,0.3861,0
2022-10-31 17:30:00,i3,me,1430,46.6840937033,10.5816655619,0.4142,0,0.3916,0,0.4332,0,0.3734,0,0.3874,0,0.3861,0
2022-10-31 17:45:00,i3,me,1430,46.6840937033,10.5816655619,0.4142,0,0.39124,0.0002939437,0.4332,0,0.3734,0,0.3874,0,0.3858666,0.0002494406
2022-10-31 18:00:00,i3,me,1430,46.6840937033,10.5816655619,0.4142,0,0.391,0,0.4332,0,0.3734,0,0.3874,0,0.3856,0
2022-10-31 18:15:00,i3,me,1430,46.6840937033,10.5816655619,0.4142,0,0.391,0,0.4332,0,0.3735667,0.0002356992,0.3873667,0.0001247203,0.3856,0
2022-10-31 18:30:00,i3,me,1430,46.6840937033,10.5816655619,0.4142,0,0.391,0,0.4332,0,0.3736733,0.0002568164,0.3870333,0.0002211055,0.3856,0
2022-10-31 18:45:00,i3,me,1430,46.6840937033,10.5816655619,0.4142,0,0.391,0,0.4332,0,0.3739333,4.714828e-05,0.3870667,0.0002356992,0.3856,0
2022-10-31 19:00:00,i3,me,1430,46.6840937033,10.5816655619,0.4140667,0.0002211055,0.391,0,0.43314,4.899792e-05,0.3739533,4.989704e-05,0.3869,0,0.3856,0
2022-10-31 19:15:00,i3,me,1430,46.6840937033,10.5816655619,0.4137667,0.0001699651,0.391,0,0.4331,0,0.3739533,4.989704e-05,0.3869,0,0.3856,0
2022-10-31 19:30:00,i3,me,1430,46.6840937033,10.5816655619,0.4137,0,0.391,0,0.4331,0,0.3734733,0.0001878542,0.3869,0,0.3856,0
2022-10-31 19:45:00,i3,me,1430,46.6840937033,10.5816655619,0.4137,0,0.391,0,0.4331,0,0.3734,0,0.3869,0,0.3856,0
2022-10-31 20:00:00,i3,me,1430,46.6840937033,10.5816655619,0.4137,0,0.3909667,0.0001247203,0.4331,0,0.3734,0,0.3869,0,0.3856,0
2022-10-31 20:15:00,i3,me,1430,46.6840937033,10.5816655619,0.4137,0,0.3906666,0.0002356992,0.4331,0,0.3734,0,0.3869333,0.0001247203,0.3856,0
2022-10-31 20:30:00,i3,me,1430,46.6840937033,10.5816655619,0.4137,0,0.3905,0,0.4331,0,0.3734,0,0.3869,0,0.3856,0
2022-10-31 20:45:00,i3,me,1430,46.6840937033,10.5816655619,0.4137,0,0.39046,0.0001496688,0.4331,0,0.3734,0,0.3869,0,0.3854,0.0002828475
2022-10-31 21:00:00,i3,me,1430,46.6840937033,10.5816655619,0.4137,0,0.39018,0.0002993377,0.43286,0.0001959479,0.3734,0,0.3869,0,0.385,0
2022-10-31 21:15:00,i3,me,1430,46.6840937033,10.5816655619,0.4137,0,0.38998,0.0002039642,0.4327,0,0.3734,0,0.3869,0,0.385,0
2022-10-31 21:30:00,i3,me,1430,46.6840937033,10.5816655619,0.4137,0,0.3899,0,0.4327,0,0.3734,0,0.3869,0,0.385,0
2022-10-31 21:45:00,i3,me,1430,46.6840937033,10.5816655619,0.4137,0,0.3899,0,0.4327,0,0.3734,0,0.3869,0,0.385,0
2022-10-31 22:00:00,i3,me,1430,46.6840937033,10.5816655619,0.4132667,0.0001699752,0.3899,0,0.4328867,0.0001995436,0.3734,0,0.3869,0,0.385,0
2022-10-31 22:15:00,i3,me,1430,46.6840937033,10.5816655619,0.4132,0,0.39022,0.0002993376,NaN,NaN,0.3734,0,0.3869,0,0.3850133,3.39991e-05
2022-10-31 22:30:00,i3,me,1430,46.6840937033,10.5816655619,0.4132,0,0.3903,0.0002828475,NaN,NaN,0.3734,0,0.38678,0.0002400041,0.3850133,3.39991e-05
2022-10-31 22:45:00,i3,me,1430,46.6840937033,10.5816655619,0.4132,0,0.39042,0.0002039642,0.4327,0,0.3734,0,0.3869,0,0.3850533,4.989704e-05
2022-10-31 23:00:00,i3,me,1430,46.6840937033,10.5816655619,0.4132,0,0.3905,0,0.4327,0,0.3734,0,0.3869,0,0.3850533,4.989704e-05
2022-10-31 23:15:00,i3,me,1430,46.6840937033,10.5816655619,0.4132,0,0.3905,0,0.4327,0,0.3734,0,0.3869,0,0.3850867,3.39991e-05
2022-10-31 23:30:00,i3,me,1430,46.6840937033,10.5816655619,0.4132,0,0.3905,0,0.4327,0,0.3734,0,0.3869,0,0.3851,0
2022-10-31 23:45:00,i3,me,1430,46.6840937033,10.5816655619,0.4132,0,0.3905,0,0.4327,0,0.3734,0,0.3869,0,0.3851,0
2022-10-31 00:00:00,p1,pa,1526,46.685863,10.58294569,0.1981933,2.494481e-05,0.1895,0,0.2505266,0.0003213855,0.2929,0,0.1841933,2.494481e-05,0.2188,0
2022-10-31 00:15:00,p1,pa,1526,46.685863,10.58294569,0.1982,0,0.1895067,2.494481e-05,0.2503,0,0.2929,0,0.1835467,0.0001746099,0.2188,0
2022-10-31 00:30:00,p1,pa,1526,46.685863,10.58294569,0.1982,0,0.1895,0,0.2502933,2.494109e-05,0.2929,0,0.1834933,2.494481e-05,0.2188,0
2022-10-31 00:45:00,p1,pa,1526,46.685863,10.58294569,0.1978267,0.0003492198,0.1895,0,0.2506267,0.0003492198,0.29254,0.0002939437,0.1835,0,0.2188,0
2022-10-31 01:00:00,p1,pa,1526,46.685863,10.58294569,0.1974933,2.494481e-05,0.1895,0,0.2509533,0.0001746099,0.2923,0,0.1835,0,0.2188,0
2022-10-31 01:15:00,p1,pa,1526,46.685863,10.58294569,0.1975,0,0.1895,0,0.251,0,0.2923,0,0.1835,0,0.2188,0
2022-10-31 01:30:00,p1,pa,1526,46.685863,10.58294569,0.1975,0,0.1895067,2.494481e-05,0.251,0,0.2923,0,0.1835,0,0.2188,0
2022-10-31 01:45:00,p1,pa,1526,46.685863,10.58294569,0.1975,0,0.1895067,2.494481e-05,0.251,0,0.2923,0,0.1835,0,0.2188,0
2022-10-31 02:00:00,p1,pa,1526,46.685863,10.58294569,0.1975,0,0.1895067,2.494481e-05,0.251,0,0.2923,0,0.1835,0,0.2188,0
2022-10-31 02:15:00,p1,pa,1526,46.685863,10.58294569,0.1975067,2.494481e-05,0.1895267,4.422241e-05,0.251,0,0.2923,0,0.1834067,0.0002379583,0.2188,0
2022-10-31 02:30:00,p1,pa,1526,46.685863,10.58294569,0.1975,0,0.1895333,4.714125e-05,0.251,0,0.2923,0,0.1828,0,0.2188,0
2022-10-31 02:45:00,p1,pa,1526,46.685863,10.58294569,0.1975067,2.494481e-05,0.18954,4.899062e-05,0.251,0,0.2923,0,0.1828,0,0.2188,0
2022-10-31 03:00:00,p1,pa,1526,46.685863,10.58294569,0.1975133,3.399404e-05,0.1895733,4.422241e-05,0.251,0,0.2923,0,0.1828,0,0.2188,0
2022-10-31 03:15:00,p1,pa,1526,46.685863,10.58294569,0.1975133,3.399404e-05,0.1895533,4.988961e-05,0.251,0,0.2923,0,0.1828,0,0.2188067,2.494481e-05
2022-10-31 03:30:00,p1,pa,1526,46.685863,10.58294569,0.1975333,4.714125e-05,0.1895467,4.988961e-05,0.251,0,0.2923,0,0.1828,0,0.2188067,2.494481e-05
2022-10-31 03:45:00,p1,pa,1526,46.685863,10.58294569,0.19754,4.899063e-05,0.1893333,0.0003379704,0.251,0,0.2923,0,0.1828,0,0.2188067,2.494481e-05
2022-10-31 04:00:00,p1,pa,1526,46.685863,10.58294569,0.1975533,4.988961e-05,0.18888,3.999472e-05,0.2510067,2.494852e-05,0.2923,0,0.1828133,3.399404e-05,0.2188067,2.494481e-05
2022-10-31 04:15:00,p1,pa,1526,46.685863,10.58294569,0.1975667,4.714125e-05,0.1888733,4.421582e-05,0.2510067,2.494852e-05,0.2923,0,0.1828067,2.494481e-05,0.2188333,4.714125e-05
2022-10-31 04:30:00,p1,pa,1526,46.685863,10.58294569,0.19754,4.899063e-05,0.1888733,4.421582e-05,0.25102,4.000664e-05,0.2923,0,0.1828133,3.399404e-05,0.2188333,4.714125e-05
2022-10-31 04:45:00,p1,pa,1526,46.685863,10.58294569,0.1975667,4.714125e-05,0.18888,3.999472e-05,0.2510267,4.4229e-05,0.2923,0,0.1828133,3.399404e-05,0.21882,4.000068e-05
2022-10-31 05:00:00,p1,pa,1526,46.685863,10.58294569,0.19718,0.0003562831,0.1888733,4.421582e-05,0.25104,4.899792e-05,0.2923,0,0.1822467,0.0002777676,0.2188133,3.399404e-05
2022-10-31 05:15:00,p1,pa,1526,46.685863,10.58294569,0.1968667,4.714125e-05,0.1889,0,0.25106,4.899792e-05,0.2923,0,0.1821067,2.494481e-05,0.21886,4.899062e-05
2022-10-31 05:30:00,p1,pa,1526,46.685863,10.58294569,0.19688,4.000068e-05,0.1888933,2.494109e-05,0.2510267,4.4229e-05,0.2923,0,0.1821067,2.494481e-05,0.2186867,0.0003116966
2022-10-31 05:45:00,p1,pa,1526,46.685863,10.58294569,0.1969,0,0.1888933,2.494109e-05,0.2510533,4.989704e-05,0.2923,0,0.1821267,4.42224e-05,0.2182,0
2022-10-31 06:00:00,p1,pa,1526,46.685863,10.58294569,0.1969,0,0.1889,0,0.2510533,4.989704e-05,0.2923,0,0.1821267,4.422241e-05,0.2182,0
2022-10-31 06:15:00,p1,pa,1526,46.685863,10.58294569,0.1968933,2.494481e-05,0.1888933,2.494109e-05,0.25108,4.000664e-05,0.2923,0,0.1821133,3.399404e-05,0.2182,0
2022-10-31 06:30:00,p1,pa,1526,46.685863,10.58294569,0.1968933,2.494481e-05,0.1889,0,0.2510733,4.4229e-05,0.2923,0,0.18214,4.899062e-05,0.2182,0
2022-10-31 06:45:00,p1,pa,1526,46.685863,10.58294569,0.1969,0,0.1889,0,0.25062,0.000327005,0.2923,0,0.18214,4.899063e-05,0.2182,0
2022-10-31 07:00:00,p1,pa,1526,46.685863,10.58294569,0.1969,0,0.1889,0,0.2503933,2.494852e-05,0.2923,0,0.18216,4.899062e-05,0.2182,0
2022-10-31 07:15:00,p1,pa,1526,46.685863,10.58294569,0.1969,0,0.1889,0,0.2504,0,0.2923,0,0.18214,4.899063e-05,0.2182,0
2022-10-31 07:30:00,p1,pa,1526,46.685863,10.58294569,0.1968933,2.494481e-05,0.1889,0,0.2503933,2.494852e-05,0.2923,0,0.18218,4.000067e-05,0.2182,0
2022-10-31 07:45:00,p1,pa,1526,46.685863,10.58294569,0.1969,0,0.1889,0,0.2504,0,0.2923,0,0.1821733,4.422241e-05,0.2182,0
2022-10-31 08:00:00,p1,pa,1526,46.685863,10.58294569,0.1968933,2.494481e-05,0.1889,0,0.2504,0,0.2923,0,0.1821866,3.399404e-05,0.2182,0
2022-10-31 08:15:00,p1,pa,1526,46.685863,10.58294569,0.1969,0,0.1889,0,0.2504,0,0.29222,0.0002039541,0.1816266,0.000333599,0.2182,0
2022-10-31 08:30:00,p1,pa,1526,46.685863,10.58294569,0.1969,0,0.1889,0,0.2504,0,0.2917,0,0.1821133,0.0001961856,0.2182,0
2022-10-31 08:45:00,p1,pa,1526,46.685863,10.58294569,0.1968733,4.422241e-05,0.1888067,0.0002379532,0.2504,0,0.2917,0,0.1820533,0.0002604264,0.2182,0
2022-10-31 09:00:00,p1,pa,1526,46.685863,10.58294569,0.1968933,2.494481e-05,0.1889,0,0.2504,0,0.2917,0,0.18142,4.000068e-05,0.2182,0
2022-10-31 09:15:00,p1,pa,1526,46.685863,10.58294569,0.1968933,2.494481e-05,0.1889,0,0.2504,0,0.2917,0,0.1814133,3.399404e-05,0.2182,0
2022-10-31 09:30:00,p1,pa,1526,46.685863,10.58294569,0.1971267,0.000335598,0.1887133,0.0003095503,0.2503933,2.494853e-05,0.2917,0,0.1815867,0.0003095503,0.2182,0
2022-10-31 09:45:00,p1,pa,1526,46.685863,10.58294569,0.1975533,4.988961e-05,0.1889,0,0.25034,4.899792e-05,0.2917,0,0.1820933,2.494481e-05,0.2182,0
2022-10-31 10:00:00,p1,pa,1526,46.685863,10.58294569,0.1975133,3.399404e-05,0.1889,0,0.2503,0,0.2917,0,0.18208,4.000068e-05,0.2182,0
2022-10-31 10:15:00,p1,pa,1526,46.685863,10.58294569,0.1975,0,0.1889,0,0.2503,0,0.2917,0,0.1819666,0.0001813523,0.2182,0
2022-10-31 10:30:00,p1,pa,1526,46.685863,10.58294569,0.19774,0.0003517562,0.1888867,3.398897e-05,0.2502867,3.398897e-05,0.2917,0,0.1816733,0.0003492198,0.2182,0
2022-10-31 10:45:00,p1,pa,1526,46.685863,10.58294569,0.19812,4.000067e-05,0.1888467,4.988217e-05,0.25024,4.898332e-05,0.2917,0,0.1819866,3.399404e-05,0.2182,0
2022-10-31 11:00:00,p1,pa,1526,46.685863,10.58294569,0.1981,0,0.1888067,2.494109e-05,0.2502,0,0.2916867,3.39991e-05,0.1817,0.0003559014,0.2176867,0.0003095503
2022-10-31 11:15:00,p1,pa,1526,46.685863,10.58294569,0.19808,4.000068e-05,0.1888,0,0.2502,0,0.2916667,4.714827e-05,0.1812267,4.422241e-05,0.2175,0
2022-10-31 11:30:00,p1,pa,1526,46.685863,10.58294569,0.1980467,4.988961e-05,0.1888,0,0.2502,0,0.2916266,4.4229e-05,0.1812267,4.422241e-05,0.2175,0
2022-10-31 11:45:00,p1,pa,1526,46.685863,10.58294569,0.198,0,0.1888,0,0.25018,4.000664e-05,0.2916,0,0.1812,0,0.2175,0
2022-10-31 12:00:00,p1,pa,1526,46.685863,10.58294569,0.198,0,0.18882,0.0001599991,0.2501267,4.422901e-05,0.2916,0,0.1813333,0.0002844086,0.2175,0
2022-10-31 12:15:00,p1,pa,1526,46.685863,10.58294569,0.1979733,4.42224e-05,0.18944,4.899062e-05,0.2501,0,0.2916,0,0.1818867,3.399404e-05,0.2175,0
2022-10-31 12:30:00,p1,pa,1526,46.685863,10.58294569,0.19784,0.0002360781,0.1894267,4.422241e-05,0.2501,0,0.2916,0,0.18146,0.0003611082,0.2175,0
2022-10-31 12:45:00,p1,pa,1526,46.685863,10.58294569,0.1972133,3.399404e-05,0.1894067,2.49448e-05,0.2500066,0.0002379481,0.2916,0,0.1811133,3.399404e-05,0.2174933,2.494481e-05
2022-10-31 13:00:00,p1,pa,1526,46.685863,10.58294569,0.1972067,2.494481e-05,0.1890267,0.0003492198,0.2494,0,0.2916,0,0.1810933,2.494481e-05,0.2174933,2.494481e-05
2022-10-31 13:15:00,p1,pa,1526,46.685863,10.58294569,0.1971733,4.422241e-05,0.1894,0,0.24934,4.899062e-05,0.2912267,0.0003492198,0.18102,4.000068e-05,0.21748,4.000068e-05
2022-10-31 13:30:00,p1,pa,1526,46.685863,10.58294569,0.1971,0,0.1894,0,0.2493,0,0.2909,0,0.181,0,0.2174933,2.494481e-05
2022-10-31 13:45:00,p1,pa,1526,46.685863,10.58294569,0.1966333,0.0003299817,0.1891067,0.0003604923,0.2486,0,0.2909,0,0.1809666,4.714125e-05,0.2174333,4.714125e-05
2022-10-31 14:00:00,p1,pa,1526,46.685863,10.58294569,0.1961667,0.0003299817,0.1886733,4.422241e-05,0.2486,0,0.2909,0,0.1803467,0.0001746099,0.2174133,3.399404e-05
2022-10-31 14:15:00,p1,pa,1526,46.685863,10.58294569,0.1957133,3.399404e-05,0.18868,4.000068e-05,0.2479933,0.0002379582,0.2909,0,0.1799267,0.0003492198,0.2174,0
2022-10-31 14:30:00,p1,pa,1526,46.685863,10.58294569,0.1950533,0.0001746136,0.18868,4.000068e-05,0.2479067,2.494481e-05,0.2909,0,0.1796,0,0.2174,0
2022-10-31 14:45:00,p1,pa,1526,46.685863,10.58294569,0.195,0,0.1883533,0.0003593858,0.2479,0,0.29068,0.0003124058,0.1795933,2.494481e-05,0.2174,0
2022-10-31 15:00:00,p1,pa,1526,46.685863,10.58294569,0.1949067,0.0002379532,0.1879933,2.494109e-05,0.2476733,0.000335591,0.29022,4.000664e-05,0.1796,0,0.2174,0
2022-10-31 15:15:00,p1,pa,1526,46.685863,10.58294569,0.19432,4.000068e-05,0.1879667,4.713422e-05,0.2472,0,0.2902133,3.39991e-05,0.17918,0.0003429271,0.2174,0
2022-10-31 15:30:00,p1,pa,1526,46.685863,10.58294569,0.1943,0,0.18798,3.999472e-05,0.2472267,4.42224e-05,0.2902133,3.39991e-05,0.1790733,0.0003043376,0.21712,0.0003429271
2022-10-31 15:45:00,p1,pa,1526,46.685863,10.58294569,0.19416,0.0002799988,0.18798,3.999472e-05,0.24692,0.0003429271,0.2902066,2.494852e-05,0.17956,4.899063e-05,0.2167067,2.494481e-05
2022-10-31 16:00:00,p1,pa,1526,46.685863,10.58294569,0.1935733,4.42224e-05,0.1879667,4.713422e-05,0.2465,0,0.29012,0.0002039541,0.1788,0,0.2167,0
2022-10-31 16:15:00,p1,pa,1526,46.685863,10.58294569,0.1933667,0.0003299817,0.1878333,0.0002521039,0.24636,0.0002799988,0.2896,0,0.1788066,2.494481e-05,0.2167,0
2022-10-31 16:30:00,p1,pa,1526,46.685863,10.58294569,0.1929,0,0.1872133,3.399404e-05,0.2458,0,0.2896,0,0.1783067,0.0003151002,0.2167,0
2022-10-31 16:45:00,p1,pa,1526,46.685863,10.58294569,0.1924267,0.000335591,0.1872133,3.399404e-05,0.2457133,0.0002217115,0.2896,0,0.1780533,0.0002217143,0.2167,0
2022-10-31 17:00:00,p1,pa,1526,46.685863,10.58294569,0.1920267,0.0003043441,0.1872333,4.714125e-05,0.2451733,4.421582e-05,0.2896,0,0.17748,4.000068e-05,0.2167,0
2022-10-31 17:15:00,p1,pa,1526,46.685863,10.58294569,0.1915867,3.399404e-05,0.18688,0.0003562757,0.2452,0,0.2896,0,0.17732,0.0002993311,0.2167,0
2022-10-31 17:30:00,p1,pa,1526,46.685863,10.58294569,0.19146,0.0002799988,0.1865933,2.494481e-05,0.2451067,0.0002379532,0.28946,0.0002800107,0.1768533,4.988961e-05,0.2167,0
2022-10-31 17:45:00,p1,pa,1526,46.685863,10.58294569,0.1909067,2.494481e-05,0.1865933,2.494481e-05,0.24458,4.000067e-05,0.2891333,0.0003299958,0.1768733,4.422241e-05,0.2160933,0.0002379533
2022-10-31 18:00:00,p1,pa,1526,46.685863,10.58294569,0.19092,4.000068e-05,0.1859467,0.0001746099,0.2446,0,0.2889,0,0.1769,0,0.216,0
2022-10-31 18:15:00,p1,pa,1526,46.685863,10.58294569,0.1909267,0.0001730761,0.1859,0,0.2446,0,0.2889,0,0.1769067,2.494481e-05,0.2160067,2.494481e-05
2022-10-31 18:30:00,p1,pa,1526,46.685863,10.58294569,0.19028,4.000068e-05,0.1859,0,0.2446,0,0.2889066,2.494852e-05,0.17694,4.899063e-05,0.2160267,4.422241e-05
2022-10-31 18:45:00,p1,pa,1526,46.685863,10.58294569,0.1903,0,0.1856733,0.000335591,0.24464,4.899063e-05,0.2889266,4.4229e-05,0.17698,4.000068e-05,0.2160067,2.494481e-05
2022-10-31 19:00:00,p1,pa,1526,46.685863,10.58294569,0.1903067,2.494481e-05,0.1852,0,0.24468,4.000068e-05,0.28888,0.0002315153,0.1769933,2.494481e-05,0.21604,4.899063e-05
2022-10-31 19:15:00,p1,pa,1526,46.685863,10.58294569,0.1899267,0.0003492198,0.18522,3.999472e-05,0.2440467,0.0001746099,0.2883,0,0.1769933,2.49448e-05,0.2160533,4.988961e-05
2022-10-31 19:30:00,p1,pa,1526,46.685863,10.58294569,0.18962,4.000068e-05,0.18526,4.898332e-05,0.244,0,0.2883,0,0.1764333,0.0002844086,0.2159533,0.0002777736
2022-10-31 19:45:00,p1,pa,1526,46.685863,10.58294569,0.18964,4.899063e-05,0.1852867,3.398897e-05,0.244,0,0.2883,0,0.1763,0,0.2154,0
2022-10-31 20:00:00,p1,pa,1526,46.685863,10.58294569,0.18964,4.899063e-05,0.1853,0,0.2440067,2.494481e-05,0.2883,0,0.1763,0,0.2154,0
2022-10-31 20:15:00,p1,pa,1526,46.685863,10.58294569,0.1893867,0.0003461593,0.1853,0,0.2440067,2.494481e-05,0.2883,0,0.1763,0,0.2154,0
2022-10-31 20:30:00,p1,pa,1526,46.685863,10.58294569,0.1889866,3.399404e-05,0.1852067,0.0002379532,0.2440267,4.422241e-05,0.2883,0,0.1763133,3.399404e-05,0.2154,0
2022-10-31 20:45:00,p1,pa,1526,46.685863,10.58294569,0.1889866,3.399404e-05,0.1846,0,0.2440533,4.988961e-05,0.2883,0,0.1763267,4.422241e-05,0.2154,0
2022-10-31 21:00:00,p1,pa,1526,46.685863,10.58294569,0.189,0,0.1846,0,0.24408,4.000068e-05,0.2883,0,0.1763467,4.988961e-05,0.2154,0
2022-10-31 21:15:00,p1,pa,1526,46.685863,10.58294569,0.189,0,0.1846,0,0.2437733,0.0003492273,0.2883067,2.494109e-05,0.17636,4.899062e-05,0.2154,0
2022-10-31 21:30:00,p1,pa,1526,46.685863,10.58294569,0.189,0,0.1846,0,0.2434,0,0.28834,4.898332e-05,0.17638,4.000067e-05,0.2154,0
2022-10-31 21:45:00,p1,pa,1526,46.685863,10.58294569,0.1890067,2.494481e-05,0.1846,0,0.2434,0,0.2883267,0.0001730754,0.1757933,0.0003065225,0.2154133,3.399404e-05
2022-10-31 22:00:00,p1,pa,1526,46.685863,10.58294569,0.1887267,0.0003492199,0.1846066,2.494481e-05,0.2434,0,0.2877,0,0.17564,4.898332e-05,0.2154067,2.494481e-05
2022-10-31 22:15:00,p1,pa,1526,46.685863,10.58294569,0.1883,0,0.18462,4.000068e-05,0.2434,0,0.2877,0,0.1757,0,0.2154133,3.399404e-05
2022-10-31 22:30:00,p1,pa,1526,46.685863,10.58294569,0.1883133,3.399404e-05,0.1839933,0.0002379533,0.2434,0,0.2877,0,0.1756867,3.398897e-05,0.2154267,4.422241e-05
2022-10-31 22:45:00,p1,pa,1526,46.685863,10.58294569,0.18832,4.000068e-05,0.1839066,2.494481e-05,0.2434,0,0.2877,0,0.1757,0,0.2154133,3.399404e-05
2022-10-31 23:00:00,p1,pa,1526,46.685863,10.58294569,0.1883133,3.399404e-05,0.1839066,2.494481e-05,0.2434,0,0.2877,0,0.1757,0,0.21546,4.899062e-05
2022-10-31 23:15:00,p1,pa,1526,46.685863,10.58294569,0.1883333,4.714125e-05,0.18394,4.899063e-05,0.2434,0,0.2877,0,0.1757,0,0.21548,4.000068e-05
2022-10-31 23:30:00,p1,pa,1526,46.685863,10.58294569,0.1883533,4.988961e-05,0.1839333,4.714125e-05,0.2434066,2.494481e-05,0.2877,0,0.1757,0,0.21548,4.000068e-05
2022-10-31 23:45:00,p1,pa,1526,46.685863,10.58294569,0.1883667,4.714125e-05,0.18396,4.899063e-05,0.2434066,2.494481e-05,0.2877,0,0.1757,0,0.2154733,4.422241e-05
2022-10-31 00:00:00,p2,pa,1549,46.684249288,10.5850561988,0.1691133,0.0003095569,0.1604933,7.717089e-05,0.1874066,2.494481e-05,0.16198,4.000068e-05,0.17106,4.899063e-05,0.1680867,3.399404e-05
2022-10-31 00:15:00,p2,pa,1549,46.684249288,10.5850561988,0.16864,0.0001781408,0.1604867,6.182517e-05,0.1874066,2.494481e-05,0.1619267,0.000173076,0.1711,0,0.1681,0
2022-10-31 00:30:00,p2,pa,1549,46.684249288,10.5850561988,0.1686,0,0.16046,7.118172e-05,0.18742,4.000068e-05,0.162,0,0.1710933,2.494481e-05,0.1681,0
2022-10-31 00:45:00,p2,pa,1549,46.684249288,10.5850561988,0.1686,0,0.1604267,6.798807e-05,0.1873733,0.0001842698,0.1613533,0.0005897629,0.1710933,2.494481e-05,0.1681,0
2022-10-31 01:00:00,p2,pa,1549,46.684249288,10.5850561988,0.1686,0,0.1604733,6.798808e-05,0.1867267,4.422241e-05,0.16064,4.898332e-05,0.1711,0,0.1681,0
2022-10-31 01:15:00,p2,pa,1549,46.684249288,10.5850561988,0.1686,0,0.1602733,0.0002792076,0.1867333,4.714125e-05,0.16064,4.898332e-05,0.1711,0,0.1681,0
2022-10-31 01:30:00,p2,pa,1549,46.684249288,10.5850561988,0.1686,0,0.1599133,0.0002801611,0.18676,4.899062e-05,0.1606267,4.421582e-05,0.1711,0,0.1681,0
2022-10-31 01:45:00,p2,pa,1549,46.684249288,10.5850561988,0.1686067,2.494481e-05,0.1597267,9.285142e-05,0.1867933,2.494481e-05,0.16066,4.898332e-05,0.1711067,2.494481e-05,0.16782,0.0003429271
2022-10-31 02:00:00,p2,pa,1549,46.684249288,10.5850561988,0.1686,0,0.15972,6.531475e-05,0.1869467,0.0003222135,0.1606333,4.713422e-05,0.1711,0,0.1674,0
2022-10-31 02:15:00,p2,pa,1549,46.684249288,10.5850561988,0.1686,0,0.1597133,4.988443e-05,0.1868067,0.0001913689,0.1606667,4.713422e-05,0.1711067,2.494481e-05,0.1674,0
2022-10-31 02:30:00,p2,pa,1549,46.684249288,10.5850561988,0.16862,4.000068e-05,0.15972,5.415531e-05,0.1868,0,0.1606533,4.988217e-05,0.1711,0,0.1674066,2.494481e-05
2022-10-31 02:45:00,p2,pa,1549,46.684249288,10.5850561988,0.16862,4.000068e-05,0.1596867,6.182153e-05,0.1867933,2.494481e-05,0.1606667,4.713422e-05,0.17112,4.000068e-05,0.1674,0
2022-10-31 03:00:00,p2,pa,1549,46.684249288,10.5850561988,0.16862,4.000067e-05,0.1596667,4.714125e-05,0.1867867,3.399404e-05,0.1606733,4.421582e-05,0.1711533,4.988961e-05,0.1674267,4.42224e-05
2022-10-31 03:15:00,p2,pa,1549,46.684249288,10.5850561988,0.1686333,4.714125e-05,0.1596733,7.716866e-05,0.1868,0,0.1606733,4.421582e-05,0.1711333,4.714125e-05,0.1674066,2.494481e-05
2022-10-31 03:30:00,p2,pa,1549,46.684249288,10.5850561988,0.1686333,4.714125e-05,0.1596667,4.714125e-05,0.1868,0,0.1605733,0.0002293948,0.1711467,4.988961e-05,0.1674333,4.714125e-05
2022-10-31 03:45:00,p2,pa,1549,46.684249288,10.5850561988,0.16864,4.899062e-05,0.1596467,6.182517e-05,0.1868,0,0.1605466,0.0002753575,0.1706,0.0003183343,0.1674667,4.714125e-05
2022-10-31 04:00:00,p2,pa,1549,46.684249288,10.5850561988,0.16818,0.0003290376,0.1596333,5.962949e-05,0.1868,0,0.1600467,0.0001746099,0.1704267,4.422241e-05,0.1674267,4.422241e-05
2022-10-31 04:15:00,p2,pa,1549,46.684249288,10.5850561988,0.1679666,4.714125e-05,0.1596533,7.180138e-05,0.1868,0,0.1601867,0.0003095503,0.1704466,4.988961e-05,0.1674533,4.988961e-05
2022-10-31 04:30:00,p2,pa,1549,46.684249288,10.5850561988,0.16798,4.000067e-05,0.1596067,6.798808e-05,0.1867467,0.0001746099,0.1599933,2.494481e-05,0.1704466,4.988961e-05,0.16748,4.000067e-05
2022-10-31 04:45:00,p2,pa,1549,46.684249288,10.5850561988,0.1679666,4.714125e-05,0.1596,7.303091e-05,0.1868,0,0.16,0,0.17044,4.899063e-05,0.16748,4.000068e-05
2022-10-31 05:00:00,p2,pa,1549,46.684249288,10.5850561988,0.16798,4.000068e-05,0.1595933,6.798808e-05,0.18628,0.0003145354,0.16,0,0.1704733,4.422241e-05,0.16748,4.000068e-05
2022-10-31 05:15:00,p2,pa,1549,46.684249288,10.5850561988,0.168,0,0.1595733,6.798808e-05,0.1861,0,0.16,0,0.17048,4.000067e-05,0.1672667,0.0003299817
2022-10-31 05:30:00,p2,pa,1549,46.684249288,10.5850561988,0.16798,4.000068e-05,0.1595733,6.798807e-05,0.1861,0,0.1599933,2.494481e-05,0.17048,4.000067e-05,0.1667933,2.494481e-05
2022-10-31 05:45:00,p2,pa,1549,46.684249288,10.5850561988,0.1679867,3.399404e-05,0.1595933,7.717088e-05,0.1861,0,0.16,0,0.1704733,4.42224e-05,0.1667933,2.494481e-05
2022-10-31 06:00:00,p2,pa,1549,46.684249288,10.5850561988,0.1679867,3.399404e-05,0.1593667,0.000319724,0.1861,0,0.16,0,0.1704933,2.494481e-05,0.1668,0
2022-10-31 06:15:00,p2,pa,1549,46.684249288,10.5850561988,0.168,0,0.15888,6.531475e-05,0.1861,0,0.16,0,0.1704867,3.399404e-05,0.1667933,2.494481e-05
2022-10-31 06:30:00,p2,pa,1549,46.684249288,10.5850561988,0.168,0,0.1588667,5.962282e-05,0.1861067,2.494109e-05,0.16,0,0.1704867,3.399404e-05,0.1668,0
2022-10-31 06:45:00,p2,pa,1549,46.684249288,10.5850561988,0.168,0,0.1588333,5.962282e-05,0.1861,0,0.16,0,0.1704867,3.399404e-05,0.1668,0
2022-10-31 07:00:00,p2,pa,1549,46.684249288,10.5850561988,0.1679933,2.494481e-05,0.1588667,7.88761e-05,0.1861,0,0.16,0,0.1704867,3.399404e-05,0.1668,0
2022-10-31 07:15:00,p2,pa,1549,46.684249288,10.5850561988,0.168,0,0.15886,4.898332e-05,0.1861067,2.494109e-05,0.1600067,2.494481e-05,0.1705,0,0.1668,0
2022-10-31 07:30:00,p2,pa,1549,46.684249288,10.5850561988,0.168,0,0.1588267,4.421582e-05,0.1861,0,0.1600067,2.494481e-05,0.1704933,2.494481e-05,0.1668,0
2022-10-31 07:45:00,p2,pa,1549,46.684249288,10.5850561988,0.168,0,0.1588467,6.181843e-05,0.1861067,2.494109e-05,0.16,0,0.1704933,2.494481e-05,0.1668,0
2022-10-31 08:00:00,p2,pa,1549,46.684249288,10.5850561988,0.168,0,0.1588067,7.716754e-05,0.1861067,2.494109e-05,0.1600067,2.494481e-05,0.1705,0,0.1668,0
2022-10-31 08:15:00,p2,pa,1549,46.684249288,10.5850561988,0.1680067,2.494481e-05,0.1588533,7.179677e-05,0.1861,0,0.16,0,0.1705,0,0.1668067,2.494109e-05
2022-10-31 08:30:00,p2,pa,1549,46.684249288,10.5850561988,0.168,0,0.1589533,8.844137e-05,0.1861067,2.494109e-05,0.16,0,0.1704933,2.494481e-05,0.1668,0
2022-10-31 08:45:00,p2,pa,1549,46.684249288,10.5850561988,0.1674467,0.0002777676,0.1589933,0.0001842702,0.1861,0,0.1600067,2.494481e-05,0.1705,0,0.1668067,2.494109e-05
2022-10-31 09:00:00,p2,pa,1549,46.684249288,10.5850561988,0.1673067,2.494481e-05,0.1584133,0.0002061285,0.1861133,3.398897e-05,0.1600067,2.494481e-05,0.1705,0,0.1668,0
2022-10-31 09:15:00,p2,pa,1549,46.684249288,10.5850561988,0.1673,0,0.1584267,0.0001569173,0.1861,0,0.1593867,0.0001707494,0.17048,4.000067e-05,0.1666133,0.0003095569
2022-10-31 09:30:00,p2,pa,1549,46.684249288,10.5850561988,0.1673,0,0.1585867,0.0001087319,0.1861,0,0.15934,4.899063e-05,0.1704733,4.422241e-05,0.1661,0
2022-10-31 09:45:00,p2,pa,1549,46.684249288,10.5850561988,0.1672933,2.494481e-05,0.1582333,0.0003552765,0.1859133,0.0003095569,0.1593333,4.714125e-05,0.1704333,4.714125e-05,0.1661,0
2022-10-31 10:00:00,p2,pa,1549,46.684249288,10.5850561988,0.1669933,0.0003511239,0.1577867,8.0555e-05,0.1853933,2.494481e-05,0.15934,4.899063e-05,0.1697933,0.0002379533,0.1661,0
2022-10-31 10:15:00,p2,pa,1549,46.684249288,10.5850561988,0.1665333,4.714125e-05,0.1575667,0.0003663628,0.1854067,2.494481e-05,0.15932,4.000068e-05,0.1696933,2.494481e-05,0.1660933,2.494481e-05
2022-10-31 10:30:00,p2,pa,1549,46.684249288,10.5850561988,0.1665067,2.494481e-05,0.1571333,0.0001192526,0.1853867,3.399404e-05,0.15934,4.899062e-05,0.16968,4.000068e-05,0.1660533,4.988961e-05
2022-10-31 10:45:00,p2,pa,1549,46.684249288,10.5850561988,0.1662667,0.0003299817,0.1571733,0.0001878526,0.1847,0,0.1591867,0.0003116966,0.16962,4.000068e-05,0.1660133,3.399404e-05
2022-10-31 11:00:00,p2,pa,1549,46.684249288,10.5850561988,0.1657867,3.399404e-05,0.1565733,0.0001181356,0.1846867,3.399404e-05,0.15868,4.000068e-05,0.1692066,0.000343445,0.166,0
2022-10-31 11:15:00,p2,pa,1549,46.684249288,10.5850561988,0.1657867,3.399404e-05,0.15642,0.0002948436,0.18424,0.0003517562,0.1586867,3.399404e-05,0.1688733,4.42224e-05,0.166,0
2022-10-31 11:30:00,p2,pa,1549,46.684249288,10.5850561988,0.16522,0.0003081128,0.1560067,9.977922e-05,0.18396,4.899063e-05,0.1586733,4.422241e-05,0.1688867,3.399404e-05,0.166,0
2022-10-31 11:45:00,p2,pa,1549,46.684249288,10.5850561988,0.1650133,3.398897e-05,0.15592,0.0002587153,0.1837,0.0003141109,0.1586667,4.714125e-05,0.1688066,2.494481e-05,0.1659667,4.713422e-05
2022-10-31 12:00:00,p2,pa,1549,46.684249288,10.5850561988,0.1643467,0.0001746136,0.1553867,0.0001087254,0.1832267,4.422241e-05,0.1580867,0.0002217092,0.16824,0.0002984395,0.1659733,4.421582e-05
2022-10-31 12:15:00,p2,pa,1549,46.684249288,10.5850561988,0.1641133,0.0003095503,0.1554666,9.427898e-05,0.1832066,2.494481e-05,0.158,0,0.1681,0,0.1659133,3.398897e-05
2022-10-31 12:30:00,p2,pa,1549,46.684249288,10.5850561988,0.1636,0,0.1547733,0.0001651963,0.18278,0.0003429271,0.158,0,0.1680667,4.714125e-05,0.1659067,2.494109e-05
2022-10-31 12:45:00,p2,pa,1549,46.684249288,10.5850561988,0.1635533,0.0001746099,0.1548333,0.0001135312,0.1825467,0.0001746099,0.158,0,0.1680533,4.988961e-05,0.1659,0
2022-10-31 13:00:00,p2,pa,1549,46.684249288,10.5850561988,0.1629,0,0.15454,0.0003401947,0.1822667,0.0003299887,0.158,0,0.1674933,0.0003213847,0.16586,0.0001781408
2022-10-31 13:15:00,p2,pa,1549,46.684249288,10.5850561988,0.16256,0.000351756,0.15402,0.0002454926,0.1818,0,0.1579067,0.0002379583,0.1673,0,0.1652,0
2022-10-31 13:30:00,p2,pa,1549,46.684249288,10.5850561988,0.16218,4.000068e-05,0.1535467,0.0001024126,0.1815,0.0003444792,0.1573,0,0.167,0.0003559014,0.1651933,2.494481e-05
2022-10-31 13:45:00,p2,pa,1549,46.684249288,10.5850561988,0.1616267,0.0003335989,0.1535667,0.0001135265,0.1811,0,0.1573,0,0.16654,4.899062e-05,0.1651733,4.422241e-05
2022-10-31 14:00:00,p2,pa,1549,46.684249288,10.5850561988,0.1614333,4.714125e-05,0.15354,7.117949e-05,0.1811,0,0.1573,0,0.1665267,4.422241e-05,0.16514,4.899062e-05
2022-10-31 14:15:00,p2,pa,1549,46.684249288,10.5850561988,0.1614267,4.422241e-05,0.15342,7.483441e-05,0.1809133,0.0003095503,0.1573,0,0.1665733,4.422241e-05,0.1651133,3.399404e-05
2022-10-31 14:30:00,p2,pa,1549,46.684249288,10.5850561988,0.1612533,0.0002918192,0.1538133,0.0001087299,0.1804,0,0.1573,0,0.1662533,0.0003323969,0.1651267,4.422241e-05
2022-10-31 14:45:00,p2,pa,1549,46.684249288,10.5850561988,0.1607267,4.422241e-05,0.1537133,0.0001586029,0.1804,0,0.1572933,2.494481e-05,0.16586,4.899063e-05,0.16516,4.899063e-05
2022-10-31 15:00:00,p2,pa,1549,46.684249288,10.5850561988,0.1607466,4.988961e-05,0.1535933,0.0001289238,0.1803533,0.0001746099,0.1572867,3.399404e-05,0.1658733,4.422241e-05,0.1648467,0.000353772
2022-10-31 15:15:00,p2,pa,1549,46.684249288,10.5850561988,0.16076,4.899062e-05,0.15358,0.000186902,0.1799333,0.0003299817,0.1573,0,0.16586,4.899062e-05,0.16442,4.000067e-05
2022-10-31 15:30:00,p2,pa,1549,46.684249288,10.5850561988,0.1607333,4.714125e-05,0.1535533,0.0003222136,0.1797,0,0.15706,0.0003261886,0.1654533,0.0003537793,0.16444,4.899063e-05
2022-10-31 15:45:00,p2,pa,1549,46.684249288,10.5850561988,0.16074,4.899062e-05,0.1531067,0.000106251,0.1797067,2.494481e-05,0.1566,0,0.1651533,4.988961e-05,0.1644467,4.988961e-05
2022-10-31 16:00:00,p2,pa,1549,46.684249288,10.5850561988,0.16022,0.0002761629,0.1530867,0.0001586077,0.179,0,0.1565933,2.494481e-05,0.1651333,4.714125e-05,0.1644666,4.714125e-05
2022-10-31 16:15:00,p2,pa,1549,46.684249288,10.5850561988,0.1600533,4.988961e-05,0.1530933,0.0001691839,0.179,3.651546e-05,0.1566,0,0.16516,4.899063e-05,0.1644333,4.714125e-05
2022-10-31 16:30:00,p2,pa,1549,46.684249288,10.5850561988,0.1601,0,0.15308,0.000116621,0.1789933,2.494481e-05,0.1566,0,0.1651533,4.988961e-05,0.1640933,0.000343445
2022-10-31 16:45:00,p2,pa,1549,46.684249288,10.5850561988,0.1600867,3.399404e-05,0.1528733,8.537442e-05,0.1789533,0.0001746136,0.1565933,2.494481e-05,0.1647133,0.0003461523,0.16372,4.000068e-05
2022-10-31 17:00:00,p2,pa,1549,46.684249288,10.5850561988,0.1600867,3.399404e-05,0.15272,8.326209e-05,0.1783,0,0.1566,0,0.1644867,3.399404e-05,0.1637533,4.988961e-05
2022-10-31 17:15:00,p2,pa,1549,46.684249288,10.5850561988,0.1594933,0.0002379533,0.1526333,4.714125e-05,0.1783067,2.494481e-05,0.1566,0,0.1645067,2.494481e-05,0.1637733,4.42224e-05
2022-10-31 17:30:00,p2,pa,1549,46.684249288,10.5850561988,0.1594067,2.494481e-05,0.1526867,4.988735e-05,0.1783133,3.399404e-05,0.1566,0,0.1645133,3.399404e-05,0.1637933,2.494481e-05
2022-10-31 17:45:00,p2,pa,1549,46.684249288,10.5850561988,0.1594133,3.399404e-05,0.1525667,5.962949e-05,0.1783333,4.714125e-05,0.1566,0,0.16454,4.899062e-05,0.1631933,0.0002379533
2022-10-31 18:00:00,p2,pa,1549,46.684249288,10.5850561988,0.15946,4.899062e-05,0.15256,6.110204e-05,0.1783466,4.988961e-05,0.1566,0,0.16458,4.000068e-05,0.1631,0
2022-10-31 18:15:00,p2,pa,1549,46.684249288,10.5850561988,0.15946,4.899063e-05,0.1524933,5.73498e-05,0.1783733,4.422241e-05,0.1566,0,0.1645933,2.494481e-05,0.1631067,2.494481e-05
2022-10-31 18:30:00,p2,pa,1549,46.684249288,10.5850561988,0.1594867,3.399404e-05,0.15252,5.416117e-05,0.1783867,3.399404e-05,0.1566,0,0.1646133,3.399404e-05,0.1631133,3.399404e-05
2022-10-31 18:45:00,p2,pa,1549,46.684249288,10.5850561988,0.15948,4.000068e-05,0.1524867,0.0001146996,0.1782,0.0003183278,0.1566,0,0.1646,0.000193218,0.1631333,4.714125e-05
2022-10-31 19:00:00,p2,pa,1549,46.684249288,10.5850561988,0.1591267,0.0003492198,0.1524733,4.422241e-05,0.17768,4.000068e-05,0.1566,0,0.1639467,4.988961e-05,0.1627067,0.000337576
2022-10-31 19:15:00,p2,pa,1549,46.684249288,10.5850561988,0.1588,0,0.1524533,8.0555e-05,0.1777,0,0.1566,0,0.1639533,4.988961e-05,0.1624533,4.988217e-05
2022-10-31 19:30:00,p2,pa,1549,46.684249288,10.5850561988,0.1588,0,0.1524133,6.182517e-05,0.1777,0,0.1566,0,0.1639867,3.399404e-05,0.1625,0
2022-10-31 19:45:00,p2,pa,1549,46.684249288,10.5850561988,0.15884,4.898332e-05,0.1523933,4.422241e-05,0.17776,0.0001743553,0.1566,0,0.164,0,0.1624933,2.494109e-05
2022-10-31 20:00:00,p2,pa,1549,46.684249288,10.5850561988,0.15882,3.999471e-05,0.1523933,6.798808e-05,0.1777533,0.0001746099,0.1566,0,0.164,0,0.1625,0
2022-10-31 20:15:00,p2,pa,1549,46.684249288,10.5850561988,0.1588133,3.398897e-05,0.1523333,7.88824e-05,0.17784,0.0002244983,0.1566,0,0.164,0,0.1625,0
2022-10-31 20:30:00,p2,pa,1549,46.684249288,10.5850561988,0.1588733,4.421582e-05,0.1523333,5.962949e-05,0.1777333,4.714125e-05,0.1566067,2.494481e-05,0.1640133,3.399404e-05,0.1625,0
2022-10-31 20:45:00,p2,pa,1549,46.684249288,10.5850561988,0.1588667,4.713422e-05,0.1519133,0.0003073885,0.1775067,0.0003335986,0.1566,0,0.16404,4.899063e-05,0.1620066,0.0002999244
2022-10-31 21:00:00,p2,pa,1549,46.684249288,10.5850561988,0.1588867,3.398897e-05,0.1516467,8.844482e-05,0.17708,4.000068e-05,0.1566067,2.494481e-05,0.1640667,4.714125e-05,0.16182,4.000068e-05
2022-10-31 21:15:00,p2,pa,1549,46.684249288,10.5850561988,0.1589,0,0.1516133,8.0555e-05,0.1770933,2.494481e-05,0.1566067,2.494481e-05,0.1640667,4.714125e-05,0.16182,4.000068e-05
2022-10-31 21:30:00,p2,pa,1549,46.684249288,10.5850561988,0.1589,0,0.1516066,6.798805e-05,0.1773667,0.0003279549,0.1566133,3.399404e-05,0.1640733,4.422241e-05,0.1618467,4.988961e-05
2022-10-31 21:45:00,p2,pa,1549,46.684249288,10.5850561988,0.1589,0,0.1516,5.164065e-05,0.1776267,0.0002669984,0.1566067,2.494481e-05,0.1640933,2.494481e-05,0.1618467,4.988961e-05
2022-10-31 22:00:00,p2,pa,1549,46.684249288,10.5850561988,0.1589,0,0.1515533,7.180341e-05,0.1775933,0.0002999244,0.1566067,2.49448e-05,0.1641,0,0.16188,4.000068e-05
2022-10-31 22:15:00,p2,pa,1549,46.684249288,10.5850561988,0.1589,0,0.1515733,6.798808e-05,0.1770867,3.399404e-05,0.1566133,3.399404e-05,0.1640933,2.494481e-05,0.1618867,3.399404e-05
2022-10-31 22:30:00,p2,pa,1549,46.684249288,10.5850561988,0.1589067,2.494481e-05,0.1514933,5.73498e-05,0.1771,0,0.1566067,2.494481e-05,0.1641,0,0.1618733,4.42224e-05
2022-10-31 22:45:00,p2,pa,1549,46.684249288,10.5850561988,0.1585333,0.000343833,0.1515667,6.992176e-05,0.1771,0,0.1566467,4.988961e-05,0.1641,0,0.1618933,2.494481e-05
2022-10-31 23:00:00,p2,pa,1549,46.684249288,10.5850561988,0.1582067,2.494481e-05,0.1515133,8.0555e-05,0.1771,0,0.1565133,0.0002604255,0.16402,0.0002256872,0.1619,0
2022-10-31 23:15:00,p2,pa,1549,46.684249288,10.5850561988,0.15822,4.000068e-05,0.1514667,5.962949e-05,0.1771,0,0.1559867,3.399404e-05,0.1635533,0.000291817,0.1618067,0.0002379532
2022-10-31 23:30:00,p2,pa,1549,46.684249288,10.5850561988,0.1582333,4.714125e-05,0.1514667,4.714125e-05,0.1771,0,0.156,0,0.1634,0,0.1612467,0.0001746099
2022-10-31 23:45:00,p2,pa,1549,46.684249288,10.5850561988,0.15824,4.899063e-05,0.1514533,6.182517e-05,0.1771,0,0.156,0,0.1634133,3.399404e-05,0.1612,0
2022-10-31 00:00:00,p3,pa,1577,46.6851443069,10.5857553648,0.1989,0.000442717,0.2184533,4.988961e-05,0.1518333,4.713422e-05,0.1938667,4.714125e-05,0.1336933,2.494481e-05,0.2057,0
2022-10-31 00:15:00,p3,pa,1577,46.6851443069,10.5857553648,0.1989933,0.000432767,0.2184733,4.422241e-05,0.1518333,4.713422e-05,0.1938933,2.494481e-05,0.1337,0,0.2057,0
2022-10-31 00:30:00,p3,pa,1577,46.6851443069,10.5857553648,0.2002,0.0004320492,0.2184867,3.399404e-05,0.1518267,4.421582e-05,0.1939,0,0.1336933,2.494481e-05,0.2057,0
2022-10-31 00:45:00,p3,pa,1577,46.6851443069,10.5857553648,0.1994533,0.000724676,0.2184933,2.494481e-05,0.15184,4.898332e-05,0.1939,0,0.1337,0,0.2056533,0.0001746099
2022-10-31 01:00:00,p3,pa,1577,46.6851443069,10.5857553648,0.1998333,0.0007947026,0.2185,0,0.1514533,0.0003403311,0.1932533,0.0001995547,0.1337067,2.494481e-05,0.205,0
2022-10-31 01:15:00,p3,pa,1577,46.6851443069,10.5857553648,0.1996933,0.000842588,0.2185,0,0.1511133,3.399404e-05,0.1932,0,0.1337,0,0.2050133,3.399404e-05
2022-10-31 01:30:00,p3,pa,1577,46.6851443069,10.5857553648,0.1984333,0.0006084563,0.2185,0,0.15114,4.899063e-05,0.1932067,2.494109e-05,0.1337,0,0.205,0
2022-10-31 01:45:00,p3,pa,1577,46.6851443069,10.5857553648,0.1988067,0.0006697897,0.2185,0,0.1511467,4.988961e-05,0.19322,3.999472e-05,0.1337067,2.494481e-05,0.2050133,3.399404e-05
2022-10-31 02:00:00,p3,pa,1577,46.6851443069,10.5857553648,0.1996933,0.0002379532,0.2185,0,0.15114,4.899063e-05,0.1932467,4.988217e-05,0.1337133,3.399404e-05,0.2050067,2.494481e-05
2022-10-31 02:15:00,p3,pa,1577,46.6851443069,10.5857553648,0.1995533,0.0001746099,0.2185,0,0.1511733,4.422241e-05,0.1932533,4.988217e-05,0.1337333,4.714125e-05,0.2050467,4.988961e-05
2022-10-31 02:30:00,p3,pa,1577,46.6851443069,10.5857553648,0.19876,0.0009286509,0.2185,0,0.15118,4.000067e-05,0.19328,3.999472e-05,0.13366,0.0001496651,0.20506,4.899063e-05
2022-10-31 02:45:00,p3,pa,1577,46.6851443069,10.5857553648,0.19914,0.0009386473,0.21822,0.0003429271,0.1511667,4.714125e-05,0.1932933,2.494109e-05,0.1331733,0.0002489079,0.2050533,4.988961e-05
2022-10-31 03:00:00,p3,pa,1577,46.6851443069,10.5857553648,0.1990733,0.0007270609,0.2178067,2.494109e-05,0.1511933,2.494481e-05,0.19316,0.0002799988,0.1330267,4.422241e-05,0.2050667,4.714125e-05
2022-10-31 03:15:00,p3,pa,1577,46.6851443069,10.5857553648,0.19932,0.0003429271,0.2178067,2.494109e-05,0.15118,4.000068e-05,0.1926,0,0.1330467,4.988961e-05,0.2050933,2.494481e-05
2022-10-31 03:30:00,p3,pa,1577,46.6851443069,10.5857553648,0.19874,0.0003136866,0.2178133,3.398897e-05,0.15118,4.000068e-05,0.1926,0,0.13308,4.000067e-05,0.2051,0
2022-10-31 03:45:00,p3,pa,1577,46.6851443069,10.5857553648,0.19862,0.0007884124,0.21782,3.999472e-05,0.1511667,4.714125e-05,0.1926,0,0.1330867,3.399404e-05,0.2051,0
2022-10-31 04:00:00,p3,pa,1577,46.6851443069,10.5857553648,0.1999867,0.0006631879,0.2178267,4.421582e-05,0.15118,4.000068e-05,0.1926267,4.42224e-05,0.1330867,3.399404e-05,0.2051,0
2022-10-31 04:15:00,p3,pa,1577,46.6851443069,10.5857553648,0.19924,0.0007050263,0.2178333,4.713422e-05,0.1512,0,0.19264,4.899062e-05,0.1330867,3.399404e-05,0.2051,0
2022-10-31 04:30:00,p3,pa,1577,46.6851443069,10.5857553648,0.1984133,0.0002963473,0.2178667,4.713422e-05,0.1512,0,0.1926667,4.714125e-05,0.1331,0,0.2051,0
2022-10-31 04:45:00,p3,pa,1577,46.6851443069,10.5857553648,0.19874,0.0005840061,0.21788,3.999472e-05,0.1512,0,0.1926933,2.494481e-05,0.1330933,2.494481e-05,0.2051,0
2022-10-31 05:00:00,p3,pa,1577,46.6851443069,10.5857553648,0.1981467,0.0002753571,0.2178667,4.713422e-05,0.1512,0,0.19268,4.000068e-05,0.1330933,2.494481e-05,0.2051,0
2022-10-31 05:15:00,p3,pa,1577,46.6851443069,10.5857553648,0.1982,0.0004926097,0.21788,3.999471e-05,0.1512067,2.494481e-05,0.1926067,0.0002379532,0.1330467,0.0001746099,0.2051,0
2022-10-31 05:30:00,p3,pa,1577,46.6851443069,10.5857553648,0.1989267,0.0003086877,0.2179,0,0.1512,0,0.192,0,0.133,0.0002366421,0.2050533,0.0001746099
2022-10-31 05:45:00,p3,pa,1577,46.6851443069,10.5857553648,0.1989667,4.714125e-05,0.2179,0,0.1512,0,0.192,0,0.1330933,2.494481e-05,0.2044,0
2022-10-31 06:00:00,p3,pa,1577,46.6851443069,10.5857553648,0.1987,0.0003425381,0.21748,0.0003429271,0.1512,0,0.192,0,0.1331067,2.494481e-05,0.2044,0
2022-10-31 06:15:00,p3,pa,1577,46.6851443069,10.5857553648,0.19842,0.0002761629,0.2172,0,0.1512,0,0.192,0,0.1325067,0.0002351349,0.2044,0
2022-10-31 06:30:00,p3,pa,1577,46.6851443069,10.5857553648,0.1981133,0.0003095503,0.2172,0,0.1512,0,0.192,0,0.13242,3.999472e-05,0.2044,0
2022-10-31 06:45:00,p3,pa,1577,46.6851443069,10.5857553648,0.1981933,0.0006826066,0.2172,0,0.1512,0,0.1920333,4.714125e-05,0.1324267,4.421582e-05,0.2044,0
2022-10-31 07:00:00,p3,pa,1577,46.6851443069,10.5857553648,0.1993466,0.000340325,0.2172,0,0.1512,0,0.1920267,4.422241e-05,0.13242,3.999472e-05,0.2044133,3.399404e-05
2022-10-31 07:15:00,p3,pa,1577,46.6851443069,10.5857553648,0.1991933,0.0004823071,0.2172,0,0.1512,0,0.1920533,4.988961e-05,0.1324133,3.398897e-05,0.2044,0
2022-10-31 07:30:00,p3,pa,1577,46.6851443069,10.5857553648,0.1986267,0.0005026133,0.2172,0,0.1512,0,0.19208,4.000068e-05,0.13244,4.898332e-05,0.2044133,3.399404e-05
2022-10-31 07:45:00,p3,pa,1577,46.6851443069,10.5857553648,0.1983867,0.0002217092,0.2172,0,0.1512067,2.494481e-05,0.1920467,4.988961e-05,0.1324333,4.713422e-05,0.20442,4.000068e-05
2022-10-31 08:00:00,p3,pa,1577,46.6851443069,10.5857553648,0.1982067,0.0002379532,0.2172,0,0.1511933,2.494481e-05,0.19198,0.0002315157,0.13242,3.999472e-05,0.2044133,3.399404e-05
2022-10-31 08:15:00,p3,pa,1577,46.6851443069,10.5857553648,0.1983,0,0.2172,0,0.1512,0,0.1914867,0.0002418438,0.13244,4.898332e-05,0.2044133,3.399404e-05
2022-10-31 08:30:00,p3,pa,1577,46.6851443069,10.5857553648,0.1982933,2.494481e-05,0.2172,0,0.1512,0,0.19182,0.0003429271,0.1323933,0.0001651931,0.20442,4.000068e-05
2022-10-31 08:45:00,p3,pa,1577,46.6851443069,10.5857553648,0.1982933,2.494481e-05,0.2172,0,0.1511933,2.494481e-05,0.1914,0,0.1324333,4.713422e-05,0.2044067,2.494481e-05
2022-10-31 09:00:00,p3,pa,1577,46.6851443069,10.5857553648,0.1982533,0.0001746099,0.2172,0,0.1511667,4.714125e-05,0.1913867,3.399404e-05,0.1324267,4.421582e-05,0.20442,4.000068e-05
2022-10-31 09:15:00,p3,pa,1577,46.6851443069,10.5857553648,0.1982533,0.0002418435,0.2172,0,0.1511333,4.714125e-05,0.1914,0,0.1324067,2.494109e-05,0.20442,4.000068e-05
2022-10-31 09:30:00,p3,pa,1577,46.6851443069,10.5857553648,0.1987067,0.0005870424,0.2165133,3.399404e-05,0.1497333,0.0002624678,0.1914067,2.494109e-05,0.13306,4.899063e-05,0.2044133,3.399404e-05
2022-10-31 09:45:00,p3,pa,1577,46.6851443069,10.5857553648,0.1989467,0.0001746099,0.21652,4.000068e-05,0.14786,0.0006129717,0.1914067,2.494109e-05,0.1326533,0.000366726,0.2044067,2.494481e-05
2022-10-31 10:00:00,p3,pa,1577,46.6851443069,10.5857553648,0.1985267,0.0003492198,0.2165,0,0.1481,0,0.1914,0,0.1322933,2.494481e-05,0.2044,0
2022-10-31 10:15:00,p3,pa,1577,46.6851443069,10.5857553648,0.19862,0.0003429271,0.2165,0,0.14806,4.899063e-05,0.1914,0,0.1323667,0.0002118686,0.2044,0
2022-10-31 10:30:00,p3,pa,1577,46.6851443069,10.5857553648,0.1987533,0.0002418439,0.2165,0,0.1483133,0.000359381,0.19138,4.000068e-05,0.1328067,0.0002379532,0.2044,0
2022-10-31 10:45:00,p3,pa,1577,46.6851443069,10.5857553648,0.1988467,0.0001746099,0.2165,0,0.1483133,0.0003499826,0.1913,0,0.1328333,0.0001738447,0.2044,0
2022-10-31 11:00:00,p3,pa,1577,46.6851443069,10.5857553648,0.1987067,0.0002379532,0.2164733,4.422241e-05,0.1486133,0.0001707494,0.1913,0,0.1327867,0.0002334275,0.2039,0.0003425384
2022-10-31 11:15:00,p3,pa,1577,46.6851443069,10.5857553648,0.19868,0.0001869041,0.21642,4.000067e-05,0.1479467,0.0001746099,0.1912933,2.494481e-05,0.1322067,0.0002542083,0.2036333,4.714125e-05
2022-10-31 11:30:00,p3,pa,1577,46.6851443069,10.5857553648,0.1983733,0.0003492198,0.2164,0,0.1478933,2.494481e-05,0.1912133,3.399404e-05,0.1321,0,0.2036067,2.494481e-05
2022-10-31 11:45:00,p3,pa,1577,46.6851443069,10.5857553648,0.19856,0.0002799988,0.2164,0,0.14748,0.0003562757,0.1918,0.0002366421,0.1322333,0.0002674973,0.2036,0
2022-10-31 12:00:00,p3,pa,1577,46.6851443069,10.5857553648,0.198,0,0.2164,0,0.14712,4.000068e-05,0.19146,0.0003738081,0.1320533,4.988961e-05,0.2036,0
2022-10-31 12:15:00,p3,pa,1577,46.6851443069,10.5857553648,0.19802,0.0001869041,0.2164,0,0.1464533,0.0001746098,0.1917533,0.0001746099,0.1320333,4.714125e-05,0.2033667,0.0003299817
2022-10-31 12:30:00,p3,pa,1577,46.6851443069,10.5857553648,0.1981266,0.0003193037,0.2163733,4.422241e-05,0.14598,0.0003429344,0.19176,4.899063e-05,0.13148,0.0002809497,0.2029,0
2022-10-31 12:45:00,p3,pa,1577,46.6851443069,10.5857553648,0.1979133,3.399404e-05,0.2163133,3.399404e-05,0.1452667,0.0003552764,0.1917,0,0.1313533,4.988961e-05,0.2028933,2.494481e-05
2022-10-31 13:00:00,p3,pa,1577,46.6851443069,10.5857553648,0.1979,0,0.2157867,0.0003095503,0.1449666,4.714125e-05,0.1916933,2.494481e-05,0.13132,4.000068e-05,0.2028667,4.714125e-05
2022-10-31 13:15:00,p3,pa,1577,46.6851443069,10.5857553648,0.1979,0,0.2156,0,0.14464,0.0003342638,0.19162,4.000068e-05,0.13126,4.899063e-05,0.2027533,0.0002604314
2022-10-31 13:30:00,p3,pa,1577,46.6851443069,10.5857553648,0.1979,0.0002556028,0.2156,0,0.1438267,0.0003492198,0.1915867,3.399404e-05,0.13096,0.0003517562,0.2021133,3.399404e-05
2022-10-31 13:45:00,p3,pa,1577,46.6851443069,10.5857553648,0.19786,4.899063e-05,0.2156,0,0.1430333,0.0003299817,0.1915466,4.988961e-05,0.1303,0.0003286345,0.2021,0
2022-10-31 14:00:00,p3,pa,1577,46.6851443069,10.5857553648,0.1977733,0.0001842698,0.21558,4.000068e-05,0.1420733,0.0002999278,0.1915,0,0.1297067,0.0003065206,0.2021,0
2022-10-31 14:15:00,p3,pa,1577,46.6851443069,10.5857553648,0.1976,0.0003141109,0.2155733,4.422241e-05,0.14144,4.899063e-05,0.1914933,2.494109e-05,0.1292333,4.714125e-05,0.2021,0
2022-10-31 14:30:00,p3,pa,1577,46.6851443069,10.5857553648,0.1971667,4.714125e-05,0.2155333,4.714125e-05,0.14084,0.0002628048,0.1914333,4.713422e-05,0.12858,4.000068e-05,0.2021,0
2022-10-31 14:45:00,p3,pa,1577,46.6851443069,10.5857553648,0.1971133,3.399404e-05,0.2151133,0.0003461521,0.1406467,0.0002578538,0.1914133,3.398897e-05,0.12856,4.899062e-05,0.2018667,0.0003299817
2022-10-31 15:00:00,p3,pa,1577,46.6851443069,10.5857553648,0.1969933,0.0002839394,0.2148333,4.714125e-05,0.1400267,0.0001730761,0.1914067,2.494109e-05,0.12836,0.0003261886,0.2014,0
2022-10-31 15:15:00,p3,pa,1577,46.6851443069,10.5857553648,0.1971,0,0.2148133,3.399404e-05,0.1393933,2.494481e-05,0.1914067,2.494109e-05,0.1279067,2.494481e-05,0.2014,0
2022-10-31 15:30:00,p3,pa,1577,46.6851443069,10.5857553648,0.1969733,0.0002719464,0.2148066,2.494481e-05,0.1393133,0.0001961856,0.1914,0,0.1282133,0.0003242751,0.2014,0
2022-10-31 15:45:00,p3,pa,1577,46.6851443069,10.5857553648,0.1971,0,0.2148066,2.494481e-05,0.1386266,4.421582e-05,0.1914,0,0.12788,4.000068e-05,0.2014,0
2022-10-31 16:00:00,p3,pa,1577,46.6851443069,10.5857553648,0.1967733,0.0003492198,0.2143067,0.0003151002,0.1383,0.0003502383,0.1914,0,0.1277133,0.0002777677,0.2014,0
2022-10-31 16:15:00,p3,pa,1577,46.6851443069,10.5857553648,0.1964,0,0.2141,0,0.1376467,0.0003537719,0.19138,4.000068e-05,0.1271933,2.494481e-05,0.2014,0
2022-10-31 16:30:00,p3,pa,1577,46.6851443069,10.5857553648,0.1965867,0.0003095503,0.2141,0,0.1371533,0.0003116972,0.19138,4.000068e-05,0.1268333,0.0003571539,0.2013933,2.494481e-05
2022-10-31 16:45:00,p3,pa,1577,46.6851443069,10.5857553648,0.1963533,0.0001746099,0.2141,0,0.1366067,2.494481e-05,0.1913667,4.714125e-05,0.12632,0.000314535,0.20084,0.0002799988
2022-10-31 17:00:00,p3,pa,1577,46.6851443069,10.5857553648,0.19612,0.0003429271,0.2141066,2.494481e-05,0.1364,0.0003425381,0.1913467,4.988961e-05,0.1259,0,0.2007,0
2022-10-31 17:15:00,p3,pa,1577,46.6851443069,10.5857553648,0.1957,0,0.2141133,3.399404e-05,0.1359867,3.399404e-05,0.19136,4.899062e-05,0.1259267,4.422241e-05,0.2007,0
2022-10-31 17:30:00,p3,pa,1577,46.6851443069,10.5857553648,0.1957533,4.988961e-05,0.21362,0.0002925752,0.1360133,3.398897e-05,0.19124,0.000289372,0.1259267,0.0001730761,0.2007,0
2022-10-31 17:45:00,p3,pa,1577,46.6851443069,10.5857553648,0.1955133,0.0003383678,0.2134733,4.421582e-05,0.1366733,0.0002489102,0.19084,0.0002800048,0.1259467,0.0001746099,0.20072,4.000068e-05
2022-10-31 18:00:00,p3,pa,1577,46.6851443069,10.5857553648,0.1951067,2.494481e-05,0.2134867,3.398897e-05,0.1367867,3.399404e-05,0.1907133,3.399404e-05,0.12556,0.0003282261,0.20072,4.000068e-05
2022-10-31 18:15:00,p3,pa,1577,46.6851443069,10.5857553648,0.19514,4.899063e-05,0.2134067,0.0002379532,0.1368,3.651273e-05,0.19076,4.899062e-05,0.1253667,4.714125e-05,0.2007667,4.714125e-05
2022-10-31 18:30:00,p3,pa,1577,46.6851443069,10.5857553648,0.19484,0.0003479449,0.2128,0,0.1368133,3.398897e-05,0.1907933,2.494481e-05,0.12538,4.000068e-05,0.2007933,2.494481e-05
2022-10-31 18:45:00,p3,pa,1577,46.6851443069,10.5857553648,0.1945,0.0002556028,0.2128,0,0.13686,4.898332e-05,0.19082,4.000068e-05,0.1254,0,0.2008,0
2022-10-31 19:00:00,p3,pa,1577,46.6851443069,10.5857553648,0.1945067,2.494481e-05,0.2128,0,0.1368533,4.988217e-05,0.1901133,3.399404e-05,0.1253667,0.0001534799,0.2008,0
2022-10-31 19:15:00,p3,pa,1577,46.6851443069,10.5857553648,0.1944933,0.0002885965,0.2128,0,0.13688,3.999471e-05,0.1901867,3.399404e-05,0.1251133,0.0003222175,0.2008,0
2022-10-31 19:30:00,p3,pa,1577,46.6851443069,10.5857553648,0.19418,0.0003429271,0.2128467,4.988961e-05,0.1369,0,0.1902,0,0.1247467,4.988589e-05,0.2008,0
2022-10-31 19:45:00,p3,pa,1577,46.6851443069,10.5857553648,0.1941333,0.0003299817,0.2126267,0.0003193033,0.1368933,2.494109e-05,0.1902133,3.399404e-05,0.1247733,4.421912e-05,0.2008,0
2022-10-31 20:00:00,p3,pa,1577,46.6851443069,10.5857553648,0.1945067,0.0003492198,0.2121733,4.42224e-05,0.1368933,2.494109e-05,0.1899667,0.0003438332,0.1247933,2.494295e-05,0.2008,0
2022-10-31 20:15:00,p3,pa,1577,46.6851443069,10.5857553648,0.1939,0.000442717,0.2122,0,0.13694,4.899062e-05,0.1895867,3.399404e-05,0.1248067,2.494481e-05,0.2008267,4.422241e-05
2022-10-31 20:30:00,p3,pa,1577,46.6851443069,10.5857553648,0.1943667,0.0009096969,0.2122,0,0.1369333,4.714125e-05,0.1896,0,0.1248,0,0.2008333,4.714125e-05
2022-10-31 20:45:00,p3,pa,1577,46.6851443069,10.5857553648,0.19356,0.0003342667,0.2122,0,0.13698,4.000068e-05,0.18962,4.000068e-05,0.1248,0,0.2009,0
2022-10-31 21:00:00,p3,pa,1577,46.6851443069,10.5857553648,0.19336,0.0002550829,0.2122,0,0.1369667,4.714125e-05,0.18966,4.899062e-05,0.12432,0.0003229024,0.2005067,0.000343445
2022-10-31 21:15:00,p3,pa,1577,46.6851443069,10.5857553648,0.1935267,0.000335597,0.2122067,2.494481e-05,0.137,0,0.1897,0,0.1241467,4.988961e-05,0.2002,0
2022-10-31 21:30:00,p3,pa,1577,46.6851443069,10.5857553648,0.19338,0.0002256872,0.2122267,4.422241e-05,0.1369867,3.399404e-05,0.1891866,0.0003095568,0.12414,4.899062e-05,0.2002,0
2022-10-31 21:45:00,p3,pa,1577,46.6851443069,10.5857553648,0.194,0.0007668146,0.2115267,4.42224e-05,0.13698,4.000068e-05,0.189,0,0.1241733,4.422241e-05,0.2002,0
2022-10-31 22:00:00,p3,pa,1577,46.6851443069,10.5857553648,0.19428,0.0005599993,0.2115667,4.714125e-05,0.137,0,0.1890467,4.988961e-05,0.1241867,3.399404e-05,0.2002,0
2022-10-31 22:15:00,p3,pa,1577,46.6851443069,10.5857553648,0.1942333,0.0003299817,0.2115667,4.714125e-05,0.137,0,0.1890733,4.42224e-05,0.12418,4.000068e-05,0.2002,0
2022-10-31 22:30:00,p3,pa,1577,46.6851443069,10.5857553648,0.19414,0.0002799988,0.2115933,2.494481e-05,0.1370067,2.494481e-05,0.1890867,3.399404e-05,0.1242,0,0.2002,0
2022-10-31 22:45:00,p3,pa,1577,46.6851443069,10.5857553648,0.194,0,0.2116,0,0.137,0,0.1891,0,0.1242,0,0.2002,0
2022-10-31 23:00:00,p3,pa,1577,46.6851443069,10.5857553648,0.1936733,0.0003492273,0.2116,0,0.1370133,3.399404e-05,0.1891,0,0.1241933,2.494481e-05,0.2002,0
2022-10-31 23:15:00,p3,pa,1577,46.6851443069,10.5857553648,0.19386,0.0009965296,0.2116,0,0.137,5.164064e-05,0.1891067,2.494481e-05,0.12356,0.0001743571,0.2002,0
2022-10-31 23:30:00,p3,pa,1577,46.6851443069,10.5857553648,0.1938133,0.0004759122,0.2116,0,0.137,0,0.1891067,2.494481e-05,0.12352,4.000067e-05,0.2002,0
2022-10-31 23:45:00,p3,pa,1577,46.6851443069,10.5857553648,0.1946667,0.0004685654,0.2116,0,0.13702,4.000068e-05,0.1891467,4.988961e-05,0.1235267,4.422241e-05,0.2002,0
