S1A_IW_GRDH_1SDV_20220104T170713_20220104T170738_041314_04E951_4CA1_VV,S1A_IW_GRDH_1SDV_20220108T052658_20220108T052723_041365_04EB00_40A2_VV,S1A_IW_GRDH_1SDV_20220108T052723_20220108T052748_041365_04EB00_165A_VV,S1A_IW_GRDH_1SDV_20220109T171533_20220109T171558_041387_04EBB7_B101_VV,S1A_IW_GRDH_1SDV_20220116T170712_20220116T170737_041489_04EF08_45F6_VV,S1A_IW_GRDH_1SDV_20220120T052657_20220120T052722_041540_04F0B2_3FEB_VV,S1A_IW_GRDH_1SDV_20220120T052722_20220120T052747_041540_04F0B2_AC67_VV,S1A_IW_GRDH_1SDV_20220121T171533_20220121T171558_041562_04F172_0268_VV,S1A_IW_GRDH_1SDV_20220128T170712_20220128T170737_041664_04F4F6_FFD4_VV,S1A_IW_GRDH_1SDV_20220201T052656_20220201T052721_041715_04F6B0_B21C_VV,S1A_IW_GRDH_1SDV_20220201T052721_20220201T052746_041715_04F6B0_C0EA_VV,S1A_IW_GRDH_1SDV_20220202T171532_20220202T171557_041737_04F770_71EF_VV,S1A_IW_GRDH_1SDV_20220209T170711_20220209T170736_041839_04FB16_3441_VV,S1A_IW_GRDH_1SDV_20220213T052656_20220213T052721_041890_04FCC8_71D7_VV,S1A_IW_GRDH_1SDV_20220213T052721_20220213T052746_041890_04FCC8_6DA8_VV,S1A_IW_GRDH_1SDV_20220214T171532_20220214T171557_041912_04FD8C_9925_VV,S1A_IW_GRDH_1SDV_20220221T170711_20220221T170736_042014_050129_F2E4_VV,S1A_IW_GRDH_1SDV_20220225T052656_20220225T052721_042065_0502D5_FA0F_VV,S1A_IW_GRDH_1SDV_20220225T052721_20220225T052746_042065_0502D5_DBBA_VV,S1A_IW_GRDH_1SDV_20220226T171532_20220226T171557_042087_050391_B719_VV,S1A_IW_GRDH_1SDV_20220305T170711_20220305T170736_042189_050719_8B0A_VV,S1A_IW_GRDH_1SDV_20220309T052656_20220309T052721_042240_0508CF_9F14_VV,S1A_IW_GRDH_1SDV_20220309T052721_20220309T052746_042240_0508CF_1F63_VV,S1A_IW_GRDH_1SDV_20220310T171532_20220310T171557_042262_05097D_8433_VV,S1A_IW_GRDH_1SDV_20220317T170711_20220317T170736_042364_050D07_C583_VV,S1A_IW_GRDH_1SDV_20220321T052656_20220321T052721_042415_050EB8_063B_VV,S1A_IW_GRDH_1SDV_20220321T052721_20220321T052746_042415_050EB8_6135_VV,S1A_IW_GRDH_1SDV_20220322T171532_20220322T171557_042437_050F75_A314_VV,S1A_IW_GRDH_1SDV_20220329T170711_20220329T170736_042539_0512FB_E712_VV,S1A_IW_GRDH_1SDV_20220402T052657_20220402T052722_042590_0514A4_AA9E_VV,S1A_IW_GRDH_1SDV_20220402T052722_20220402T052747_042590_0514A4_9DA3_VV,S1A_IW_GRDH_1SDV_20220403T171532_20220403T171557_042612_051565_51E7_VV,S1A_IW_GRDH_1SDV_20220410T170712_20220410T170737_042714_0518DD_0B5A_VV,S1A_IW_GRDH_1SDV_20220415T171533_20220415T171558_042787_051B4B_85D0_VV,S1A_IW_GRDH_1SDV_20220422T170712_20220422T170737_042889_051EB3_183F_VV,S1A_IW_GRDH_1SDV_20220426T052658_20220426T052723_042940_05204A_DAE8_VV,S1A_IW_GRDH_1SDV_20220426T052723_20220426T052748_042940_05204A_3BEA_VV,S1A_IW_GRDH_1SDV_20220427T171533_20220427T171558_042962_052109_B6C9_VV,S1A_IW_GRDH_1SDV_20220504T170712_20220504T170737_043064_05247C_AB77_VV,S1A_IW_GRDH_1SDV_20220508T052658_20220508T052723_043115_052620_2A56_VV,S1A_IW_GRDH_1SDV_20220508T052723_20220508T052748_043115_052620_7761_VV,S1A_IW_GRDH_1SDV_20220509T171534_20220509T171559_043137_0526DF_2A6B_VV,S1A_IW_GRDH_1SDV_20220516T170714_20220516T170739_043239_0529F7_DE4A_VV,S1A_IW_GRDH_1SDV_20220520T052659_20220520T052724_043290_052B73_0125_VV,S1A_IW_GRDH_1SDV_20220520T052724_20220520T052749_043290_052B73_22A5_VV,S1A_IW_GRDH_1SDV_20220521T171535_20220521T171600_043312_052C17_9CFA_VV,S1A_IW_GRDH_1SDV_20220528T170714_20220528T170739_043414_052F24_82D7_VV,S1A_IW_GRDH_1SDV_20220601T052700_20220601T052725_043465_0530A1_8232_VV,S1A_IW_GRDH_1SDV_20220601T052725_20220601T052750_043465_0530A1_476B_VV,S1A_IW_GRDH_1SDV_20220602T171536_20220602T171601_043487_05313E_E0C1_VV,S1A_IW_GRDH_1SDV_20220613T052701_20220613T052726_043640_0535D2_CE84_VV,S1A_IW_GRDH_1SDV_20220613T052726_20220613T052751_043640_0535D2_8BC2_VV,S1A_IW_GRDH_1SDV_20220614T171536_20220614T171601_043662_053678_3FE9_VV,S1A_IW_GRDH_1SDV_20220621T170716_20220621T170741_043764_053992_6333_VV,S1A_IW_GRDH_1SDV_20220625T052701_20220625T052726_043815_053B13_FB9F_VV,S1A_IW_GRDH_1SDV_20220625T052726_20220625T052751_043815_053B13_5CC1_VV,S1A_IW_GRDH_1SDV_20220626T171537_20220626T171602_043837_053BBA_4EEE_VV,S1A_IW_GRDH_1SDV_20220703T170717_20220703T170742_043939_053EC1_C54A_VV,S1A_IW_GRDH_1SDV_20220707T052702_20220707T052727_043990_054042_D257_VV,S1A_IW_GRDH_1SDV_20220707T052727_20220707T052752_043990_054042_F600_VV,S1A_IW_GRDH_1SDV_20220708T171538_20220708T171603_044012_0540E8_D907_VV,S1A_IW_GRDH_1SDV_20220715T170718_20220715T170743_044114_0543FE_CAB1_VV,S1A_IW_GRDH_1SDV_20220719T052703_20220719T052728_044165_054588_EA39_VV,S1A_IW_GRDH_1SDV_20220719T052728_20220719T052753_044165_054588_53BB_VV,S1A_IW_GRDH_1SDV_20220720T171539_20220720T171604_044187_05462D_84B2_VV,S1A_IW_GRDH_1SDV_20220727T170718_20220727T170743_044289_054937_ADCF_VV,S1A_IW_GRDH_1SDV_20220731T052704_20220731T052729_044340_054AAA_1B48_VV,S1A_IW_GRDH_1SDV_20220731T052729_20220731T052754_044340_054AAA_146D_VV,S1A_IW_GRDH_1SDV_20220801T171539_20220801T171604_044362_054B51_5F8F_VV,S1A_IW_GRDH_1SDV_20220808T170719_20220808T170744_044464_054E50_D8BE_VV,S1A_IW_GRDH_1SDV_20220812T052704_20220812T052729_044515_054FF1_C59E_VV,S1A_IW_GRDH_1SDV_20220812T052729_20220812T052754_044515_054FF1_4315_VV,S1A_IW_GRDH_1SDV_20220813T171540_20220813T171605_044537_0550B5_FABE_VV,S1A_IW_GRDH_1SDV_20220820T170720_20220820T170745_044639_055432_8B7E_VV,S1A_IW_GRDH_1SDV_20220825T171541_20220825T171606_044712_05569A_1342_VV,S1A_IW_GRDH_1SDV_20220901T170720_20220901T170745_044814_055A19_AD07_VV,S1A_IW_GRDH_1SDV_20220905T052706_20220905T052731_044865_055BC8_3A1A_VV,S1A_IW_GRDH_1SDV_20220905T052731_20220905T052756_044865_055BC8_1160_VV,S1A_IW_GRDH_1SDV_20220906T171542_20220906T171607_044887_055C8B_F03E_VV,S1A_IW_GRDH_1SDV_20220913T170721_20220913T170746_044989_055FF8_7417_VV,S1A_IW_GRDH_1SDV_20220917T052706_20220917T052731_045040_0561A9_F2BC_VV,S1A_IW_GRDH_1SDV_20220917T052731_20220917T052756_045040_0561A9_43D7_VV,S1A_IW_GRDH_1SDV_20220918T171541_20220918T171606_045062_056267_F750_VV,S1A_IW_GRDH_1SDV_20220925T170721_20220925T170746_045164_0565E1_2009_VV,S1A_IW_GRDH_1SDV_20220929T052706_20220929T052731_045215_05677E_5B2E_VV,S1A_IW_GRDH_1SDV_20220929T052731_20220929T052756_045215_05677E_F39D_VV,S1A_IW_GRDH_1SDV_20220930T171542_20220930T171607_045237_056843_637A_VV,S1A_IW_GRDH_1SDV_20221007T170721_20221007T170746_045339_056BBA_428D_VV,S1A_IW_GRDH_1SDV_20221011T052706_20221011T052731_045390_056D69_29BF_VV,S1A_IW_GRDH_1SDV_20221011T052731_20221011T052756_045390_056D69_134F_VV,S1A_IW_GRDH_1SDV_20221012T171542_20221012T171607_045412_056E2B_6FBE_VV,S1A_IW_GRDH_1SDV_20221019T170721_20221019T170746_045514_057116_E59E_VV,S1A_IW_GRDH_1SDV_20221023T052706_20221023T052731_045565_057294_68D9_VV,S1A_IW_GRDH_1SDV_20221023T052731_20221023T052756_045565_057294_BDBC_VV,S1A_IW_GRDH_1SDV_20221024T171542_20221024T171607_045587_057357_E910_VV,S1A_IW_GRDH_1SDV_20221031T170721_20221031T170746_045689_0576D7_DD53_VV,S1A_IW_GRDH_1SDV_20221104T052706_20221104T052731_045740_057878_2160_VV,S1A_IW_GRDH_1SDV_20221104T052731_20221104T052756_045740_057878_FC73_VV,S1A_IW_GRDH_1SDV_20221105T171542_20221105T171607_045762_05793E_E53F_VV,S1A_IW_GRDH_1SDV_20221112T170721_20221112T170746_045864_057CBE_38A4_VV,S1A_IW_GRDH_1SDV_20221116T052706_20221116T052731_045915_057E6A_8F31_VV,S1A_IW_GRDH_1SDV_20221116T052731_20221116T052756_045915_057E6A_A063_VV,S1A_IW_GRDH_1SDV_20221117T171541_20221117T171606_045937_057F23_81A3_VV,S1A_IW_GRDH_1SDV_20221124T170721_20221124T170746_046039_0582A3_C30A_VV,S1A_IW_GRDH_1SDV_20221128T052706_20221128T052731_046090_058452_4D67_VV,S1A_IW_GRDH_1SDV_20221128T052731_20221128T052756_046090_058452_9A7C_VV,S1A_IW_GRDH_1SDV_20221129T171541_20221129T171606_046112_058516_1899_VV,S1A_IW_GRDH_1SDV_20221206T170720_20221206T170745_046214_05889F_CD89_VV,S1A_IW_GRDH_1SDV_20221210T052705_20221210T052730_046265_058A4F_B10C_VV,S1A_IW_GRDH_1SDV_20221210T052730_20221210T052755_046265_058A4F_EC57_VV,S1A_IW_GRDH_1SDV_20221211T171541_20221211T171606_046287_058B0F_A90A_VV,S1A_IW_GRDH_1SDV_20221218T170719_20221218T170744_046389_058E9C_2164_VV,S1A_IW_GRDH_1SDV_20221222T052704_20221222T052729_046440_059046_880F_VV,S1A_IW_GRDH_1SDV_20221222T052729_20221222T052754_046440_059046_BBFC_VV,S1A_IW_GRDH_1SDV_20221223T171540_20221223T171605_046462_059108_2A73_VV,S1A_IW_GRDH_1SDV_20221230T170719_20221230T170744_046564_059481_54B4_VV,S1A_IW_GRDH_1SDV_20230103T052704_20230103T052729_046615_059639_AC89_VV,S1A_IW_GRDH_1SDV_20230103T052729_20230103T052754_046615_059639_A401_VV,S1A_IW_GRDH_1SDV_20230104T171539_20230104T171604_046637_0596FA_E1D8_VV,S1A_IW_GRDH_1SDV_20230111T170718_20230111T170743_046739_059A6C_6B5D_VV,S1A_IW_GRDH_1SDV_20230115T052703_20230115T052728_046790_059C18_0437_VV,S1A_IW_GRDH_1SDV_20230115T052728_20230115T052753_046790_059C18_3F26_VV,S1A_IW_GRDH_1SDV_20230116T171538_20230116T171603_046812_059CDB_9B72_VV,S1A_IW_GRDH_1SDV_20230123T170718_20230123T170743_046914_05A054_ED7D_VV,S1A_IW_GRDH_1SDV_20230127T052703_20230127T052728_046965_05A203_8DE6_VV,S1A_IW_GRDH_1SDV_20230127T052728_20230127T052753_046965_05A203_1E81_VV,S1A_IW_GRDH_1SDV_20230128T171539_20230128T171604_046987_05A2C2_5680_VV,S1A_IW_GRDH_1SDV_20230204T170717_20230204T170742_047089_05A629_4D8D_VV,S1A_IW_GRDH_1SDV_20230208T052702_20230208T052727_047140_05A7DD_501A_VV,S1A_IW_GRDH_1SDV_20230208T052727_20230208T052752_047140_05A7DD_A22E_VV,S1A_IW_GRDH_1SDV_20230209T171538_20230209T171603_047162_05A897_4CD0_VV,S1A_IW_GRDH_1SDV_20230216T170717_20230216T170742_047264_05AC0C_51F5_VV,S1A_IW_GRDH_1SDV_20230220T052702_20230220T052727_047315_05ADC6_CB9E_VV,S1A_IW_GRDH_1SDV_20230220T052727_20230220T052752_047315_05ADC6_9AD9_VV,S1A_IW_GRDH_1SDV_20230221T171537_20230221T171602_047337_05AE8C_65D8_VV,S1A_IW_GRDH_1SDV_20230228T170717_20230228T170742_047439_05B200_5B02_VV,S1A_IW_GRDH_1SDV_20230304T052702_20230304T052727_047490_05B3B1_89D0_VV,S1A_IW_GRDH_1SDV_20230304T052727_20230304T052752_047490_05B3B1_201F_VV,S1A_IW_GRDH_1SDV_20230305T171538_20230305T171603_047512_05B476_51C2_VV,S1A_IW_GRDH_1SDV_20230312T170717_20230312T170742_047614_05B7EA_25DE_VV,S1A_IW_GRDH_1SDV_20230316T052701_20230316T052726_047665_05B99A_879C_VV,S1A_IW_GRDH_1SDV_20230316T052726_20230316T052751_047665_05B99A_2F26_VV,S1A_IW_GRDH_1SDV_20230317T171537_20230317T171602_047687_05BA62_E373_VV,S1A_IW_GRDH_1SDV_20230324T170717_20230324T170742_047789_05BDCF_DDC0_VV,S1A_IW_GRDH_1SDV_20230328T052702_20230328T052727_047840_05BF83_D28F_VV,S1A_IW_GRDH_1SDV_20230328T052727_20230328T052752_047840_05BF83_BBA9_VV,S1A_IW_GRDH_1SDV_20230329T171538_20230329T171603_047862_05C048_7DBF_VV,S1A_IW_GRDH_1SDV_20230405T170717_20230405T170742_047964_05C3B7_77A6_VV,S1A_IW_GRDH_1SDV_20230409T052703_20230409T052728_048015_05C56B_6F70_VV,S1A_IW_GRDH_1SDV_20230409T052728_20230409T052753_048015_05C56B_6180_VV,S1A_IW_GRDH_1SDV_20230410T171539_20230410T171604_048037_05C630_C38D_VV,S1A_IW_GRDH_1SDV_20230417T170718_20230417T170743_048139_05C9A1_526D_VV,S1A_IW_GRDH_1SDV_20230421T052702_20230421T052727_048190_05CB44_8D2C_VV,S1A_IW_GRDH_1SDV_20230421T052727_20230421T052752_048190_05CB44_8EFC_VV,S1A_IW_GRDH_1SDV_20230422T171539_20230422T171604_048212_05CC09_24C9_VV,S1A_IW_GRDH_1SDV_20230429T170718_20230429T170743_048314_05CF81_AA04_VV,S1A_IW_GRDH_1SDV_20230503T052703_20230503T052728_048365_05D12D_A085_VV,S1A_IW_GRDH_1SDV_20230503T052728_20230503T052753_048365_05D12D_2EB3_VV,S1A_IW_GRDH_1SDV_20230504T171539_20230504T171604_048387_05D1E8_3EDC_VV,S1A_IW_GRDH_1SDV_20230511T170719_20230511T170744_048489_05D52B_F45D_VV,S1A_IW_GRDH_1SDV_20230515T052704_20230515T052729_048540_05D6AC_12FB_VV,S1A_IW_GRDH_1SDV_20230515T052729_20230515T052754_048540_05D6AC_72B5_VV,S1A_IW_GRDH_1SDV_20230516T171540_20230516T171605_048562_05D752_60F8_VV,S1A_IW_GRDH_1SDV_20230523T170719_20230523T170744_048664_05DA5B_DC3D_VV,system:index,Altitude_a,Latitude,Land_use,Aspect,Longitude,Station_na,Altitude
-10.544179074636022,,-18.305826670648578,-10.659226107928369,-8.765878112899667,,-16.020332584169644,-9.965360967698139,-12.433261960307576,,-11.625224136821489,-9.838844882234056,-10.063075873922426,,-17.80773628084363,-11.314406494465794,-10.042687265321536,,-15.149146068929012,-13.636510927628953,-14.266316426226616,,-16.855275510647953,-12.119343258303184,-12.979284645532303,,-13.31213176496174,-14.26996957047756,-9.709798333212008,,-14.09002219755081,-12.206775169544049,-9.454559275307709,-11.14208172063776,-9.279813698372013,,-12.562167508229091,-8.874484202429045,-9.0025208173762,,-11.127572604950142,-9.811049601381152,-9.21509902423196,,-9.82777930531284,-10.041215739259087,-12.347532428713814,,-12.533207594009959,-13.458427247122389,,-11.510473596600317,-11.542048448580752,-9.739980357972131,,-11.967601559919812,-12.045466635157567,-9.277185591671985,,-14.147087833741072,-13.585456875711913,-9.437692457885765,,-12.47357076316714,-7.115544209943662,-8.868908929882897,,-12.126313937731364,-8.883879174902527,-8.091782030370025,,-11.108669196911283,-9.929412928610258,-8.472886938780666,-9.059104714719247,-8.37905846795133,,-13.2924051131948,-10.643348101967796,-6.07805635476041,,-13.653296848079057,-11.3494465089948,-5.179435005976201,,-14.334806144302227,-9.616522433293923,-10.04250787189319,,-14.367750512212467,-9.840649572310829,-11.823292834659851,,-9.9394812000457,-8.124549930892277,-10.416610923234115,,-12.899242945241037,-12.588946385327926,-6.971038488925341,,-11.80669629525491,-10.86416131775029,-8.872855948151287,,-14.400839732534346,-10.195900981408174,-6.8812304398809445,,-15.657603510294251,-9.561999879115579,-10.761832154104356,,-14.754935187933881,-9.870224352046062,-8.149117981252742,,-15.814232295125748,-12.036373740509788,-7.375583563460277,,-12.893725285310556,-9.543529206565251,-10.928496365985836,,-12.895042519482793,-11.218032376649006,-6.296689163251275,,-15.960507447673018,-11.250156506305602,-8.044994818613379,,-14.217950915120134,-11.15774523777963,-12.123600249377615,,-14.302915863034016,-9.38900992052209,-11.165000519105794,,-16.305442706991162,-11.5696167209438,-8.803527766864484,,-15.512594996176333,-9.737140523853025,-11.482131194061974,,-12.999297419799309,-10.53675615386223,-11.247453079626561,,-13.429137401200526,-9.401815042454727,-11.400099545094966,,-12.825733250659306,-13.838634172022505,-10.61465915148029,,-14.493286526771222,-10.823864411462388,-8.483347642202627,0,1000,46.66121887,Meadow,South,10.59024912,B1,990
-9.6825231405496,,-19.180799190102334,-11.412357752225585,-9.360952976128972,,-20.0088856411875,-15.853951454840601,-12.217586261835374,,-18.189462080816284,-16.28991708180533,-7.36577791718341,,-16.581762002002353,-10.151210465225727,-7.709602601894755,,-15.286873280216952,-12.933274095409457,-11.489217368251087,,-17.364624801051278,-14.104057789773076,-12.12647787421803,,-17.785932289633365,-12.31292097887279,-9.89124353188793,,-14.407959595860898,-14.999044639545925,-12.08620719552835,-16.600563833189568,-14.79968651208779,,-14.022162101490812,-14.060846516454157,-11.245654316008933,,-11.599699792457605,-11.222593049647474,-7.853720415443552,,-11.162288675386847,-11.489381505395237,-11.824922930757964,,-12.217302123741439,-16.07373909018983,,-11.435778551801405,-11.692017125264307,-8.018622744865088,,-14.680913460766881,-8.861198399390242,-9.816223529804978,,-15.192501553958472,-11.60272015404733,-12.652163274173684,,-16.86138779436579,-10.20493184954367,-10.180312084913279,,-14.462236090147353,-11.3430968137573,-10.217298010084711,,-14.585536404279049,-11.98957237498294,-10.482349826296284,-11.458260126418246,-11.131530290186651,,-10.08434183181631,-8.01070520490455,-8.299799777708998,,-12.837660061936283,-10.472468855538853,-7.596102748762153,,-14.316915038428437,-10.281635586521613,-9.719342586159266,,-14.35244906100787,-9.464047536582994,-9.17944357286771,,-16.261231282654848,-8.354487959094278,-8.126893196113885,,-12.780589777449832,-8.64877017377072,-8.338532485713316,,-13.34788153135552,-10.616562556703446,-11.176757023406388,,-15.51031060325059,-12.389590158826735,-9.218480598678585,,-19.009564018780086,-13.976692304201919,-12.314778186225176,,-18.205970845221202,-15.275662669835786,-7.724768856184783,,-15.43162270420572,-12.572822038014841,-9.484311834108954,,-14.245943194627078,-11.595251206069753,-10.217993386391655,,-15.645696841760708,-13.029711738701229,-10.722438438660832,,-19.124021823606803,-11.442698769945023,-8.395234017647034,,-15.370107777834864,-10.964325677971406,-8.54038404158403,,-17.648236624875913,-11.123693126671188,-12.278360917584262,,-16.464007952941962,-11.47504247547856,-13.374577849840346,,-16.59941537590279,-12.755201787944571,-9.12309052582554,,-18.34098264827614,-13.042291798898358,-11.963218059210307,,-13.57728949640374,-13.33030893702167,-13.181030717419844,,-12.71798835801125,-13.179247713611774,-10.636999554337802,,-12.839596245817404,-11.884207384651074,-9.318030808824252,1,1500,46.6862577,Meadow,South,10.5798452,B2,1490
-12.137629511111665,,-14.44124846592179,-14.587184383083898,-12.258465588037364,,-12.717697048281666,-16.24854010478533,-10.35652396945089,,-12.361525508782476,-15.435253703482905,-11.138889078210244,,-13.453423470596961,-15.484511025874932,-15.475110388114912,,-14.822206584627953,-11.454315823536067,-11.560350678752268,,-11.78620381181502,-18.769070879549204,-10.979326294129319,,-13.143791555539405,-13.827337244135151,-11.498946817530982,,-14.031733299820939,-14.855160967261384,-11.274899257840596,-14.449989325806506,-13.774038640453485,,-15.19703370720576,-15.415377811346984,-11.27395286226979,,-14.817786037879458,-14.75263508443323,-12.271938574179721,,-11.586103795557698,-14.023059195244054,-11.690422301067091,,-12.901528656658163,-17.194143798304523,,-13.456184228503638,-12.417883927956606,-14.593638122302366,,-7.842051623026961,-16.1652683095844,-13.901528491810645,,-14.868300387612532,-15.367093367357542,-11.523869901848244,,-10.282984701152758,-14.407019097805014,-11.01037475020984,,-12.278126356433186,-14.67827735923849,-13.185968332108747,,-15.6714005514274,-13.458258281008298,-12.913301834546347,-16.77527125789617,-13.591371578782308,,-13.17170119136144,-14.994738889365557,-10.914916511402016,,-15.078212214738084,-15.737048829988398,-10.492492163822451,,-13.270999856812733,-13.01843959184469,-12.688143916796797,,-15.89763189076739,-16.49658546145423,-12.043013776269992,,-12.185642016341145,-12.993312164975674,-14.442370540778779,,-14.116215024531474,-12.840617716749733,-10.01484661815808,,-9.235543943918609,-15.46279539854165,-16.09913870234464,,-13.976480095906886,-15.634991802250092,-13.405528943442373,,-14.5279474645245,-16.397651744577143,-13.915715882796908,,-15.281008363066821,-14.406832093753746,-12.424847425039241,,-14.493481843815445,-14.823018439753458,-14.385699479881762,,-14.578255668576412,-15.379558592329506,-13.388059808613928,,-14.670822062336999,-14.582653131953931,-14.34825957866093,,-18.412088782512825,-14.44594205386993,-14.090183182927191,,-16.05793078952726,-14.617360176459421,-13.184410978299992,,-14.14553854958173,-13.690558481854003,-12.580134195212327,,-14.505440674359422,-12.520705206391687,-11.79453261709513,,-15.993779227001916,-13.524828927237227,-13.828807137630509,,-15.477831494727788,-14.250554698074653,-9.528663290472634,,-12.81686877541631,-13.307683448467637,-12.601119619291998,,-11.203042766763598,-15.399725476239741,-13.371469695988923,,-15.19891912714691,-13.808831785545472,-11.94933517080549,2,2000,46.69173286,Meadow,Flat,10.59188535,B3,1930
-14.790371955352894,-7.870446279187872,,-18.068573164418694,-15.823787132999772,-10.840524784711182,,-15.653802669879607,-13.380474537245249,-8.613704991623091,,-19.05897112166184,-14.850781905448027,-7.090093405683085,,-16.960700539356075,-14.71096817922367,-8.471389275677389,,-16.91062525241005,-14.191924049239757,-10.519425012423673,,-13.484975434981411,-14.5692484407338,-9.342406944443564,,-16.476273163098373,-12.134739729262549,-8.222381112179669,,-16.29285336729895,-15.262079337295326,-16.064141768149124,-15.876523138829713,-3.8266792149432955,,-15.398694309123076,-12.649780828358066,-6.991619523742029,,-12.7589661061654,-12.883055021421328,-8.745986945935018,,-11.501751570982869,-14.925665725881727,-8.79498293121079,,-12.664927333820996,-6.099320842393446,,-15.45416263481102,-14.156641626291087,-6.9001310348934535,,-12.937687009380724,-13.881270012635829,-8.380709597071789,,-13.773765511401113,-14.811586401824709,-9.264784540302934,,-15.401389545230666,-12.3014040876272,-2.298632684684777,,-14.54377144608793,-12.331217826229043,-5.842748338935207,,-12.839062426052678,-13.471950405643165,-13.914289597506805,-13.95836989426008,-7.745042080164475,,-15.636361402518862,-14.813070057507527,-7.023648128035722,,-16.2354238446251,-11.783414663688774,-4.999797024559714,,-16.06709540007256,-15.588136576273703,-5.855497300564241,,-14.282639952288143,-14.646994717556968,-6.556536717708239,,-14.656974578846675,-12.87437801810567,-5.733241633733639,,-16.406709769606273,-15.083045855890107,-6.518398169468929,,-17.01078439661065,-15.552055876195322,-7.518699444550592,,-16.537861428728537,-16.46185870446615,-8.64159046211369,,-16.989579206105407,-14.366949576079115,-8.530570421706207,,-16.45860443368227,-15.451534935107835,-7.424087591529121,,-15.41073301121597,-16.79443481215395,-8.492089061562709,,-18.672694060838648,-17.752367237777744,-6.901068732011427,,-16.898513365198184,-15.676849093250544,-7.004707382406961,,-20.17996536290036,-17.414749457928234,-5.978799666551367,,-13.458242855554648,-15.879281687046738,-7.67423026069226,,-18.00754856613335,-16.700810754959072,-6.880456990125962,,-16.27021556999675,-13.787153211325808,-10.477618183238013,,-11.059620724980153,-13.74169458058596,-7.552297267220711,,-15.526371115140442,-15.016844058718164,-7.2726391571416364,,-15.339635276771364,-11.176342099709085,-8.336535934579222,,-20.759941204438622,-15.593075433419614,-10.58186253536568,,-13.440255724379336,-12.686605932561442,3,1800,46.71328209,Meadow,South,10.6412642,M1,1839
-10.371234974192953,-16.98734434738149,,-13.689673015906223,-9.474298448981655,-17.10589372580483,,-13.666077645161927,-11.249360013329277,-14.53162177371063,,-14.109993768240514,-11.621404027975972,-13.747600236509856,,-13.812111761720058,-11.257075655862545,-17.70960031041608,,-13.506568103229055,-10.743765775482434,-17.430657705862178,,-11.536688572450139,-11.815946285353826,-16.549026265450138,,-10.966455809961605,-15.472404389910102,-21.152447045183568,,-16.71213173146638,-10.763117610142645,-15.624544945626546,-13.501594455832219,-18.32560538866935,,-12.212204815617012,-9.205012373545756,-12.968731483748163,,-9.922481125068048,-4.876244235712223,-14.908560971543421,,-12.142526048769195,-12.127580448448004,-16.37537145649371,,-13.482545145226384,-12.589523164266287,,-8.313520190573312,-16.469419997686675,-13.748015145134367,,-12.313501098603139,-10.370421947380308,-15.62701347788334,,-13.875634419859963,-6.828673072211319,-16.471077985404857,,-8.5088608817644,-6.5169213836876665,-14.032394485362689,,-13.17068409296579,-8.544399297807482,-14.585175541781023,,-11.103761333698454,-9.240864835781771,-15.246733623358823,-8.753278347585308,-17.334508935867213,,-10.069834763022245,-7.127477809156982,-18.021250295566517,,-12.567651347045866,-9.757874570963137,-14.291279982429119,,-9.594720629090652,-10.173298374130633,-14.405837403242412,,-7.364834163165578,-10.636342019712405,-16.22026127686105,,-8.028967385961865,-9.39547912890535,-16.49341691852598,,-10.048702703848654,-8.928075033277711,-13.801200679591581,,-7.683761095796486,-10.544928447859014,-17.43162930813193,,-12.456588678941651,-12.940101617723483,-16.304767635895782,,-13.458111562050677,-7.053231961615772,-17.836486229760183,,-11.919698191315089,-9.305693920394285,-18.332203577850553,,-11.755026972623757,-14.326973384570696,-16.916567809252953,,-12.036421835202658,-13.598189703181705,-17.68548750620896,,-11.971528385523113,-14.515333047380558,-17.96408908082075,,-12.981375987267574,-12.214337844533116,-14.089516045296707,,-13.453016423409178,-12.361334621053699,-17.344006206220367,,-11.834370320731844,-9.99594517397448,-16.40311842735565,,-15.897597920443857,-14.193983316982983,-15.301697001522339,,-12.862222175175022,-8.839248186604715,-14.61246930886762,,-16.807504708947977,-14.276479442142737,-14.278443147285673,,-16.994183152864718,-11.920714243960798,-16.26117382551888,,-9.210116299821419,-10.68673699789846,-13.934796731171403,,-10.516949147990914,-7.162133399543155,4,2200,46.71110568,Pasture,Flat,10.69164718,M2,2180
-5.930875338949639,-11.476869262924076,,-15.568357813060455,-6.514185954859714,-13.970558211740883,,-18.70400786192832,-10.43401099810408,-12.000617043395344,,-12.317279697633424,-4.615698648962015,-11.363545336890029,,-14.115210427721792,-5.577676041403015,-12.355879893633336,,-15.268467290432696,-2.5724535351545224,-11.673063799445476,,-19.473193563981003,-4.707915302437465,-11.552885244278844,,-17.52591260129092,-9.564921215353824,-11.405320652339924,,-18.035948411284107,-9.47797214460407,-16.27386327051762,-8.050155082444345,-12.295245374796892,,-13.653739242908216,-9.63172568198173,-12.029855891958663,,-15.570026817192142,-5.466505654555423,-10.935995607748193,,-14.69445562612213,-7.774842413920561,-11.789140330922542,,-14.607658262650965,-15.029114439599171,,-13.559563220476276,-8.732935634041729,-10.429788936051485,,-11.817922280434733,-6.17120935997481,-13.24830890871181,,-14.153568366530935,-1.447748189364178,-11.418466885730245,,-15.59653644786116,-5.783150913302286,-13.9151674706898,,-15.774437702700126,-1.0635786967527325,-12.843824947859705,,-13.356538971593446,-9.746154206856318,-14.262176367700217,-10.90410399740706,-11.640506161038072,,-13.491222844656939,-3.111918715805575,-14.943820307300296,,-13.156213000638488,-11.715460526609194,-14.567153869657915,,-15.78189937526312,-4.207690851731123,-11.68307476462344,,-14.082962554091676,-11.6914128477248,-9.937751720305833,,-13.967589605670632,-6.726739450834307,-12.824394705963387,,-13.63068153303983,-8.896438005567134,-14.13205254825974,,-16.80968769503514,-9.907336252952412,-12.272314490365998,,-18.04400804905803,-12.332683946141294,-14.05343212421011,,-17.895401462166422,-1.9041108215834688,-12.832881306010968,,-19.5013694795015,-8.05922805741438,-11.701442309940953,,-16.44594212887434,-10.11683815411123,-13.162901726984895,,-15.923645142009562,-13.407783531318147,-12.778780031188077,,-17.79667277676644,-7.671789861030335,-9.742422863325936,,-19.449137644504656,-11.342551084210816,-8.407400406686431,,-17.23291871201817,0.19350149430340569,-13.078447544431535,,-17.092068452171848,-4.746002258541361,-10.64408588666115,,-17.41613245170074,-12.189962114264745,-13.306743821482993,,-14.051049409574457,-11.192084338307417,-9.325183086882657,,-19.418515869830152,-6.265064980148571,-17.712241086824406,,-18.888891372600824,-13.539054852539547,-16.255747894992066,,-14.907903264685627,-13.683325275792726,-12.75952987482338,,-14.695846846670591,-1.5808079503527372,5,2300,46.76683822,Pasture,Flat,10.70120078,M3,2332
-10.719393498057265,-14.248428417688393,,-15.937280332917954,-11.910304676833823,-15.75956794272565,,-15.332613239838741,-12.755722346592853,-17.468687805783965,,-13.8305792491163,-10.047073435669244,-16.154801630499826,,-11.954672381518199,-11.580680924172702,-17.411925503620157,,-13.616985437965614,-14.913604027735216,-15.478836497136184,,-14.277968709637378,-15.66304608343331,-14.705359331757164,,-14.549336264022902,-14.071850172984208,-14.490516156225153,,-12.74316032274026,-14.199616770641182,-14.283808982264851,-14.647452739236828,-12.267241410817038,,-13.476253642012638,-9.223994404559768,-13.83179689579788,,-13.060551686291843,-8.952970987535078,-12.299369076469937,,-14.965992038552447,-12.645918015527934,-13.384630900465783,,-13.784601996754333,-12.254322885567483,,-12.995980111018923,-13.727243314258871,-11.25388937030829,,-13.637381881178488,-13.210398391358844,-13.516976106441609,,-13.722938112270466,-12.4222026597078,-13.477692245256627,,-10.421389194519907,-10.513099797397913,-13.163468161399125,,-14.492447537377826,-11.58836365384381,-14.684283270702085,,-15.170992413600228,-11.854358366918484,-15.81285294865734,-11.159540489876887,-16.261411867173972,,-13.196975323890625,-12.51455624838674,-15.81965551176394,,-11.19015854725152,-10.099070984051444,-15.601280386923202,,-13.548296045712426,-13.18732941060073,-13.996742770589885,,-13.269842445940725,-12.846298838507941,-12.569892958726337,,-10.48772556962282,-14.146227799300767,-13.221908162488926,,-10.494941066000436,-11.769387766703064,-15.558574255369578,,-11.748624868567557,-12.680941117903208,-16.8040146769942,,-11.473199194606776,-12.13731959169722,-15.133954552869726,,-16.11372087520416,-11.647953156858467,-16.26146590718298,,-10.029743252289286,-9.40616275155557,-15.531486215367238,,-14.643359616283327,-11.516671948613732,-15.55082208166227,,-12.684794693424696,-14.837010786809788,-16.90580429370792,,-14.861763620652162,-11.844842206927106,-18.354820536601235,,-15.154170142258918,-11.512470279866939,-16.978284882718373,,-14.497831630721736,-14.26534346437512,-16.705251353182376,,-14.557223280575473,-15.37825952482208,-14.951052955301158,,-12.738239399480252,-15.102401659536,-18.283981754875427,,-11.751006755308602,-13.056656773309957,-17.461786507549164,,-12.904223207766378,-14.362600299694376,-16.41752363120281,,-14.682712650080314,-9.57360757086286,-11.354675109247355,,-10.838034797520574,-7.591159378036646,-14.18437298077032,,-12.32653769303403,-11.477894582303138,6,1800,46.70135815,Pasture,South,10.61585587,M5,1823
-9.81953955927604,,-15.701424667410187,-9.768922162338804,-9.534672214238032,,-16.34995978432649,-13.507732307448677,-10.626557088696169,,-20.270136965912954,-10.709858788429665,-10.832956008467933,,-18.215298856921713,-11.86666315334152,-9.225088423593242,,-15.590496574268595,-10.712002998054464,-11.223440828913539,,-21.89968271333107,-12.320963576289387,-11.94489612912047,,-19.767607765788583,-5.239152300337438,-11.627123686103811,,-15.358640516420767,-9.390539706350422,-13.979092798790374,-9.096515689384168,-12.825221907034203,,-11.615882473546248,-5.377834774414511,-8.162281637086803,,-11.368394514696512,-11.78485318167986,-7.686895457319731,,-14.970314083519051,-8.261886938907132,-13.503546039439236,,-11.994013810039384,-11.613381648278507,,-13.234909066012172,-7.629581935200953,-12.364485481409302,,-10.686877233042196,-13.073919543332636,-15.508239055097675,,-16.561200799282208,-12.590787999674454,-9.970390160082372,,-15.422839859353205,-9.917361351746429,-12.306353257871166,,-14.26036627845495,-10.024893521917264,-9.755654595593535,,-13.927634632877588,-8.631943844145697,-11.943313013025193,-12.470349502906256,-14.230332662847871,,-13.135271187596667,-10.011738245002391,-11.797773848702613,,-15.869682240147384,-10.935189677603063,-11.959278923302039,,-15.225780156444802,-11.457275638304647,-10.311165500515278,,-15.605761582978246,-6.51334701755656,-9.179204642311854,,-14.763781481358437,-6.5504407517682095,-9.46054077054181,,-14.835894802940228,-9.909959366469128,-8.299521532557655,,-15.389395986200437,-11.618225047461632,-11.682052276962057,,-16.01324185089591,-11.52109354562729,-10.38947800116352,,-14.257292926819625,-10.766287558922706,-14.052727003929128,,-15.189786668362812,-10.86397102244084,-10.858757727751186,,-14.928446332120053,-9.481837050969508,-9.066035301729656,,-17.811960189079624,-9.176029346524563,-12.515368350039147,,-18.48205099444109,-9.86306084772443,-12.2595599973601,,-17.587632291668477,-11.193676612802435,-8.598300861027662,,-15.727858465717297,-7.90949062254739,-12.80760759194061,,-19.819441317278,-11.43969883509331,-14.696222748232113,,-18.026917008092344,-13.085460589370117,-12.30138732223034,,-20.668820218354305,-7.557219806388643,-11.456697723269373,,-20.485711419059875,-9.856082240667392,-12.856386216954753,,-11.97495854117465,-9.501659913555017,-11.164156878545304,,-14.910039547589538,-9.538923714057727,-11.239637410291552,,-17.714744860190823,-12.766811078616556,-11.61924764911658,7,1500,46.68700896,Meadow,South,10.57969321,I1,1490
-10.44509730212825,,-18.401386008454672,-14.203074109523403,-13.03016127033956,,-21.596573339700065,-12.884821362480949,-13.789901069512979,,-17.509276128834944,-14.086298379782669,-8.174898206846985,,-18.3640328868565,-11.65793240935425,-7.829851808291886,,-17.56283296900071,-12.00097096161387,-14.128791921823268,,-21.303663482193052,-14.193300893153175,-11.382700118898466,,-20.21235363975622,-14.822175645783167,-12.140896257930311,,-19.45577389881081,-13.385480289156215,-11.74299148540889,-13.78566446611355,-14.100606399894883,,-14.590796028969507,-12.589507598452151,-5.4631980313493,,-13.81496853744773,-11.168613441552719,-12.056192944002671,,-14.785950073352405,-12.917701776043337,-14.623517874325753,,-13.694446451079683,-10.300600273479624,,-11.079347184727514,-10.66666533960808,-12.461065846258613,,-12.838853706680633,-11.333593382966328,-7.247021332870725,,-18.713494593037716,-13.997561518443147,-9.233205270772109,,-13.594524991258485,-7.5155756369053055,-10.178731149271236,,-15.770418110153106,-11.16929530238015,-7.395362416905669,,-13.464263660774256,-11.573899639503324,-6.688490389465368,-10.626534661227108,-9.728304777694273,,-12.381106887300747,-10.092419181210126,-12.445963710090647,,-15.713138927903557,-13.3559786739725,-8.452948049977575,,-14.266627975625346,-12.394157107047182,-13.889534087951072,,-12.3076656774489,-9.697394917623054,-10.978738066989122,,-13.77020367618465,-9.38375382603025,-8.450644542690535,,-14.145685216122148,-10.49991635233586,-9.160242001648081,,-13.242859893938972,-9.660562486976144,-8.912984178864422,,-17.851433747315927,-10.21187014639242,-10.01760112510155,,-15.741860545698332,-9.396715778056416,-6.0620615038385495,,-16.03731125952081,-10.993891141295544,-9.424800261547757,,-19.854934833016507,-10.159310884058833,-10.86881548800568,,-20.709531780887946,-12.160177354913102,-11.087024031372707,,-18.87041764204011,-10.202268856362952,-7.142101735891799,,-20.638228530520422,-10.567839108133661,-6.9569938855582905,,-16.49639591188182,-10.3002992924443,-9.274822476095597,,-19.50811642795958,-12.024680314123568,-11.800248971346825,,-16.11932166332595,-10.124425110942173,-11.80630243703827,,-16.52806227032852,-8.711332598029758,-9.294695891271727,,-16.178234476319346,-12.275023031314177,-9.850983823448852,,-13.402779646961092,-13.215084591888953,-10.325945231359256,,-14.927688997694633,-12.883170345970441,-8.378407547464867,,-14.46779782080446,-12.436349215188905,-9.740794475410523,8,1400,46.6840937,Meadow,South,10.58166556,I3,1430
-1.4295966457070477,,-17.189269254921268,-7.343223896787238,-2.4757776575714296,,-20.168755250479954,-8.318574324144638,-4.467081126632837,,-21.22062304160274,-9.36310690717529,-0.2437043813852284,,-19.984607862220223,-6.09481439562952,-3.657782470059701,,-19.578152453757117,-9.612022094357389,-2.3385483351196235,,-21.639884521663127,-11.074106426117439,-5.281903045594268,,-20.211187044694444,-8.886984802625154,-9.525434949856622,,-17.453647487509294,-7.898569846640146,-5.714242468520343,-9.447314557774867,-9.225879742698822,,-15.779183610187351,-6.614861677736489,-4.276240288598485,,-15.123569254029013,-5.690906591133903,-1.8754253134787175,,-15.362430653995752,-7.1127621518855975,-9.580942839340734,,-16.07287442288242,-7.87861225629689,,-16.57794538527987,-7.269571743164539,-8.662348626604208,,-17.834763707062397,-7.818568391147666,-5.3698355734838525,,-16.225818743281923,-8.35225555848908,-7.337149604012687,,-14.687402888772795,-6.907711951649931,-7.301705796041653,,-15.315599768091275,-9.820061381040027,-5.473329745734734,,-16.625783544355205,-10.28943426356214,-5.9275812376898775,-11.414645933701888,-6.512351406673797,,-15.284534939084596,-11.365341764159156,-6.914863063088812,,-14.677741020342951,-9.885309780250159,-4.305746100828054,,-17.441827220867083,-9.174502636089443,-6.909627039417234,,-16.64107592573302,-8.544258592363095,-7.965453204096692,,-15.48673123676684,-5.493639139648915,-5.870024716887416,,-15.45390959098102,-8.188730961541083,-5.800008290341855,,-15.502771544873873,-9.322817803452436,-4.62283524526302,,-19.09836021703337,-7.054595783769027,-3.3033930321493647,,-16.028625438052423,-10.089112124271171,-5.024766027963298,,-19.363875848289645,-7.007149123234618,-3.709495814464057,,-16.69772190189295,-7.302366431128869,-3.538297887118299,,-20.03783212476631,-9.133158622382547,-5.478328626271789,,-23.021120104188885,-10.799424813863766,-3.235575350713816,,-22.49575198686081,-11.416838915942263,-4.224677739142881,,-16.646371362013102,-10.450210669825404,-6.032874767428147,,-19.16973689287741,-8.086969916047847,-6.723467231505671,,-17.5348430932707,-8.998258969669683,-7.8604067498577415,,-19.763767473755408,-9.548988812089995,-5.9995085873625005,,-18.40509952172073,-9.873817297674709,-5.904358340638391,,-14.166314444317605,-9.196783943217897,-3.4708384935217733,,-17.772138414342585,-8.984157888302153,-1.9481884481552352,,-14.949093102568714,-6.809762045284393,-6.012136722846829,9,1500,46.685863,Pasture,South,10.58294569,P1,1526
-7.1286593434744,,-14.13179155776863,-8.469124643072236,-5.266171744935516,,-17.147846998636616,-9.59371271805389,-10.122364126610234,,-17.887620161023577,-10.58397962126544,-5.434222944130502,,-18.45949869599004,-9.105901490733311,-5.487965387780279,,-18.429997302122437,-8.860860850192388,-9.612782087469608,,-16.147053340349938,-11.408737746853745,-10.141184610700948,,-15.873973431809818,-13.416196805066747,-10.908608932093495,,-14.845824070269153,-7.663792815566905,-8.066193464392413,-10.036932725588542,-11.304969940160953,,-14.339950290380754,-11.142122548475122,-4.7193895404142765,,-13.790354116298735,-8.176779270157686,-5.178463415923822,,-12.971749967350142,-10.849063913789838,-7.802140241372627,,-13.95339324111972,-8.978251382119387,,-13.271607371881288,-11.023083833885714,-10.295152555921778,,-14.581424534063224,-8.709531176359981,-10.245718653962992,,-15.969639960883864,-9.078314485254312,-9.510378365586533,,-15.827969118730591,-7.397668636556787,-5.317142195117731,,-13.09451938986997,-8.959705350342992,-9.016298353679804,,-15.838466713041,-11.915868229383385,-7.139867322170957,-10.6576291794613,-9.785716432554906,,-17.544783719827194,-11.047135503753031,-9.604462259050573,,-16.512395543293916,-9.767060850465132,-7.1145926820846785,,-15.386693639954707,-8.600217531492952,-9.604459304982447,,-17.464070984372274,-9.451167949030456,-10.10542499254909,,-14.563543315347081,-5.2118318923975515,-5.260487021169037,,-15.332108431277396,-5.840106880177273,-3.327431533735389,,-14.6114189077194,-6.58814961852353,-4.224783191959164,,-16.13206054118533,-7.526133271616963,-1.3103631211830447,,-17.22745572711306,-9.967420375942844,-6.233659624788629,,-17.903131840710266,-8.9187510632723,-2.2346339052531854,,-17.727286383528263,-10.442646957242962,-4.692500753461824,,-17.931712943677006,-11.797134610049367,-6.850036220820071,,-17.255791171629888,-10.003050373354728,-8.01494426124463,,-18.170213335577202,-12.153205012946195,-6.8608173273693405,,-15.921481293483131,-10.837433222237811,-10.957484481020456,,-20.670151396277745,-12.4330426794983,-9.708775464681038,,-15.869683802765099,-8.43379555176704,-8.962414151039166,,-18.59034785859955,-5.431744875310534,-8.629945618390256,,-15.870949395205876,-11.101103710286832,-7.880367654647595,,-17.86865873590353,-10.651174026720316,-5.894888573594605,,-17.258273124092348,-10.692267588408964,-2.060382836660512,,-13.682101711685455,-7.392575267208722,-4.251437194874109,10,1500,46.68424929,Pasture,South,10.5850562,P2,1549
-6.650236795118918,,-18.97491940244483,-11.987121984418788,-4.9937644252844455,,-16.83140807985577,-14.009549709894507,-8.068034655195461,,-17.446547154047803,-12.258761685504012,-6.382010599229583,,-19.438886235356495,-13.08295000026109,-5.819239939965174,,-14.950130829253727,-14.187874215641973,-5.200325076788927,,-18.314287494271582,-13.239179735210229,-5.13996507743271,,-16.70780197862775,-10.87178393060086,-8.108933035389878,,-13.89735150723996,-10.613556266649887,-6.734275718186915,-11.640087909204436,-6.049878602105553,,-13.056997896680775,-11.288806520153727,-9.116092912701552,,-13.126079220207973,-10.480585292467001,-3.6858510859128826,,-19.32588584447054,-12.60322684321141,-9.559227261841814,,-20.322322424816427,-11.959361227398286,,-18.877990004033876,-10.72109734740013,-9.411025051229858,,-16.617048739931352,-11.197458421254108,-9.742210934065401,,-17.53959089456883,-13.273968140858543,-4.712036714505291,,-16.708296664925037,-11.129589188780857,-7.1125630974450065,,-14.11926362635296,-11.769477248665925,-6.69711286462337,,-15.38216096638286,-10.596320018797524,-8.333586479001486,-13.210307924187815,-9.765081704619934,,-18.495537768498888,-11.924027884489707,-4.391367844796113,,-20.079446023061614,-12.257447634862872,-8.390017120990047,,-16.488678345324526,-13.736859779350436,-5.9081105680874515,,-16.681178654505622,-11.862952204262296,-6.928067100049194,,-14.809654685323164,-7.464609059904573,-3.492841137495321,,-14.822657923946995,-9.93004937281629,-5.592339817295483,,-16.160335051961766,-10.970509218653143,-2.3626239032506873,,-17.452397825460245,-8.8585833278622,-6.58841483001515,,-16.928785262239394,-13.108550699044851,-5.636144843671098,,-17.22155970838901,-8.725333244279376,-5.69434623314185,,-19.585451070789446,-10.457706322027558,-5.84666753260608,,-19.6504618425616,-11.721098686572603,-10.451016874954677,,-18.477901039306804,-12.43365578697476,-5.959610534752599,,-20.224225101564457,-15.054297922156243,-4.139172198403599,,-17.767527758461252,-14.147462418108713,-5.3374185959562634,,-19.784377161403476,-13.756978713463617,-9.55875310251652,,-16.38985773877359,-7.4333256108386525,-4.103641397103868,,-21.621269546052307,-9.899065086071884,-7.558194140559054,,-18.233434294365026,-15.690439701131535,-2.1702971483356466,,-18.20105706318069,-10.64411028147977,-7.147888945668317,,-16.763176933318146,-9.276859587131662,-4.974812458665591,,-14.404425414331365,-9.572661437752684,-7.370120769520073,11,1600,46.68514431,Pasture,South,10.58575536,P3,1577
0.574766853973821,,-17.459943114161067,-2.1596502367626638,-3.5040661023304356,,-14.718528735379063,-4.810989064852328,-2.788780370962893,,-19.355956465198037,-4.186432827654616,-1.2606634237049765,,-16.311411319361927,-1.205504273826334,-0.4354778321949837,,-16.82723678367705,-0.7802296602245585,1.799077383910449,,-17.24728930699686,-3.2631644170948233,2.0426871090328187,,-14.707463773716118,-4.010992311844009,-0.7466078970636876,,-14.101752398197922,0.3069542031414858,1.0300258998817906,-1.5218461978794857,-1.6419104789257621,,-14.62673121821088,-1.1925641310670756,4.071803728681614,,-11.710034507727762,1.029363415270301,-3.7730241374920763,,-16.841431502056402,-4.038288436428055,-1.5939900521827488,,-15.393518897015044,-0.04353950165783334,,-15.325664576758193,-3.5519644592375412,-2.5346613367500885,,-17.62923587869728,-1.5487190371860389,-0.12792733146442076,,-19.35748867381116,-2.3855543423146695,-1.9504033051677183,,-16.3770740043119,1.352638660160508,-0.9213617580727615,,-18.02227571969178,0.11055523596149966,-1.5960287840345986,,-14.746530589261265,-1.380335416326643,-0.6939266593040561,-2.9025901783988193,-0.2642617406794725,,-17.105069579587806,-3.311667618090577,-0.7618269868221145,,-17.464727458102868,-2.2193502748962284,-1.1645099691413294,,-17.090154832887375,-2.7065316656513385,-0.4915248020262466,,-17.37993729922054,-0.3020222401231295,-1.2388197753402064,,-14.958671649256576,-2.255820874566276,-1.8102465547224105,,-14.5950635952955,-3.2402312906079933,2.5653710726063346,,-16.532241521008558,-3.93729578378281,0.31055568609533407,,-15.870372346833335,-3.625975545756208,-0.7061943593956328,,-17.196930134366347,-5.580952268247664,-1.7001845957309756,,-16.43530548459971,0.10717390063228861,-0.06854598081692541,,-15.490201283559555,-1.4936180246621953,-0.03359133078248217,,-17.722044617025652,-3.2782898016073627,-3.340909741874889,,-16.591976250715327,-1.6196043245735703,-3.181938011998997,,-15.90213656981469,-3.368132561093719,3.6200019703640773,,-14.998104597236534,-0.8469210487109418,1.6573082637444752,,-15.688504358412139,1.0303685387681187,0.4853733754915692,,-18.74489963483387,0.5905224164448166,3.392206340041413,,-19.47794495834181,-2.0366289070386907,-2.78933535347823,,-13.991610027040394,-1.7387426751792137,-1.5230182911102108,,-18.084898014679908,-2.152217487481482,0.484952048257789,,-14.729012429944806,-0.8223385070999001,-3.837746106945174,,-17.346040308508158,-1.4060811460283023,-2.6956295361072264,12,1800,46.68895823,Forest,North,10.63043102,XS6,1778
-13.889093552764946,-12.873635779772304,,-17.508426012464067,-15.16037573551802,-13.040804666200591,,-17.91779251813531,-19.190755571764512,-13.637614414198548,,-19.9592972630568,-12.987530525751495,-9.467888614926975,,-17.458068965840695,-14.624380226860227,-10.592045172135515,,-16.764952507132104,-13.665624584838238,-11.593451004043935,,-15.932776489851438,-17.67333956798225,-16.196728898163474,,-17.848225423519906,-16.941138773414004,-6.347037041732433,,-19.331852123488133,-18.540116882820776,-15.03786016327528,-15.149475425165962,-7.05175959335461,,-15.40557301128662,-13.63171969588533,-8.650616760519295,,-11.492984053787259,-15.576973646446826,-12.112657947265546,,-15.396078929497488,-14.223007612121254,-10.860689542907743,,-12.91000906984807,-7.750395928970363,,-15.526747687091442,-9.615627915697832,-5.718274303274276,,-12.001416221440131,-15.49503711979522,-9.240827343823605,,-11.540612011624237,-15.778768893646633,-10.324831675029163,,-15.539033335282621,-15.084364391954491,-10.733102039852117,,-12.906993683693708,-15.451437580349548,-11.055406172187718,,-15.572344597336578,-12.474243959322287,-14.847252788897638,-13.194397766503647,-10.94151631526917,,-14.037402702336852,-12.995611175879862,-9.00250435829222,,-16.536047313941605,-13.377512164147063,-8.511010836986996,,-15.926265031026933,-12.105496325705307,-8.17082677823885,,-14.372395403242397,-16.490138202220162,-7.381925086686589,,-12.626722858336723,-15.244451157610914,-10.106954257331546,,-15.665434331269461,-13.910165610578652,-9.888544965590162,,-16.16969512188656,-17.302480922452254,-12.155934610968785,,-17.47839696300752,-13.431006779215892,-10.968675151810686,,-15.902117677794557,-15.907799692323936,-11.516883010593721,,-15.625870185398746,-15.527762341361228,-10.78947506892737,,-16.918082171627436,-15.723449299590527,-11.599163869663753,,-16.12941707298031,-15.049532895068518,-12.99788462434062,,-18.540909100947943,-15.692620430889487,-11.535301828964744,,-19.913567507303767,-18.883117313641197,-14.551717108104471,,-16.5552142960675,-17.434987710968297,-15.23522795230982,,-18.86756839614517,-18.57830410367969,-10.146302906218342,,-20.057430014120044,-15.003352614790867,-15.306447279698451,,-14.321650701924668,-14.711685294409369,-16.805227844862813,,-15.979754531178756,-19.70929155950455,-11.962678059221577,,-15.419289935098767,-14.32817895514378,-7.032669320982128,,-14.742368613825267,-12.781342986671921,-12.759291959189088,,-15.455202796963857,-14.774737478242239,13,1600,46.6988975,Meadow,South,10.61923275,S2,1635
-9.946538333438955,-14.19885092662728,,-11.60722371842487,-9.127638437242288,-13.826967407742679,,-10.476158857880804,-8.075128459136604,-16.264661277244834,,-15.994981468646543,-10.236944025839579,-13.533569712346182,,-14.787905378617864,-12.729375928012905,-13.512640705237986,,-14.487897148666011,-11.292082582833032,-15.182236901620858,,-12.11529239289411,-11.685772999507268,-17.600758895703915,,-11.52232322995185,-12.68482171233082,-14.295040750606024,,-15.348430066720569,-8.706239477382724,-11.599305560097035,-13.829855077384805,-17.304340416321907,,-11.810079649603848,-13.347340183432943,-15.150370955618385,,-13.328367500823944,-10.714021259998729,-11.599202214473294,,-10.496146991502723,-11.761287564995332,-13.485585115207169,,-9.637247361750065,-13.284669552011168,,-9.428573578298863,-11.689113540340006,-15.086226567097755,,-10.135699419712873,-9.960502400932485,-13.83541432267082,,-10.754659025177723,-10.795318835682009,-16.48086942042195,,-11.68469455359843,-10.086209910509519,-14.148191499848476,,-11.46889549779428,-11.032201694212525,-16.936770489825367,,-11.566442457573672,-8.639733514644375,-12.12617138929466,-10.915504147049987,-11.653729692847293,,-11.541796011018494,-9.24061842717196,-15.168234030976354,,-11.432708235394589,-12.50480874193441,-13.634694075282178,,-11.361232119415892,-11.794736101530251,-13.111615977508945,,-12.338993880009571,-13.91438721875536,-16.163487945957684,,-10.2123060695045,-10.822345389204846,-15.504229353536285,,-12.719057266067342,-10.032603399374837,-11.808406534822197,,-10.289512777658675,-10.965667648470012,-17.305389422947954,,-13.580462952155267,-11.164924779380733,-17.41086025341931,,-13.672328603906163,-12.060251171816143,-14.684336554288251,,-11.693262727705466,-10.236828526432102,-18.011257018539133,,-12.161699689906566,-11.34381192023895,-13.100615136606963,,-10.109803999030241,-13.847636652050417,-13.442698917174248,,-13.047167415110767,-10.891744633243954,-15.159028084874993,,-11.273656098432516,-10.417259168450332,-17.22180759834748,,-15.544315608703432,-14.273253581237304,-11.760278042402614,,-7.116116825776625,-13.257646732340238,-14.359581352194565,,-13.186596080354649,-12.062185205481404,-15.535441016022205,,-12.784726365734153,-11.481478508411895,-14.115095667221917,,-13.769922694326961,-12.045823449971792,-17.554018434338143,,-12.215656698938487,-12.071046683929351,-22.230086567712675,,-11.6661586794453,-13.582466920015712,-16.928390035011507,,-13.54624810935698,-12.288023920306639,14,2700,46.76671,Pasture,Flat,10.71079,S3,2680
-17.14688232871257,-9.39521027752524,,-18.25186239706301,-15.938109846220614,-8.83802776770725,,-18.11875284314816,-15.768821146472234,-5.597365411978838,,-19.171742873664922,-19.60680857133649,-7.005340258433473,,-16.881134816231288,-14.006767616453786,-5.61967351349415,,-17.05032152062431,-16.33500738199767,-7.048621520387152,,-16.00117001036149,-22.712886760308383,-5.629934628451521,,-19.02132608563363,-21.08432964138174,-5.0041960819941265,,-16.46671402872328,-15.169846820411086,-17.63283416993449,-13.646146736798821,-6.150986775897593,,-16.347525366268787,-15.859778421119529,-7.782023781804991,,-17.061433251103487,-12.987328388190067,-3.559544126202569,,-16.953981608554308,-13.917289763666732,-5.098188866121841,,-18.807177535870515,-4.515456964866363,,-17.255314300252028,-11.946290376905434,-5.133223618263608,,-16.787987365680795,-15.174411834453547,-7.56231738090519,,-14.393900164273985,-19.03628029947757,-6.654878183223209,,-15.231403629442951,-16.607095771674466,-8.97658785285063,,-15.343053664449133,-19.79584816638635,-8.791535695648259,,-20.605025924151008,-12.752075477136897,-14.147226985329247,-13.751559589177784,-8.322208818816042,,-14.635944209543277,-16.70806732059333,-9.484820754226401,,-17.151176335882063,-13.110997979935812,-10.31392743664018,,-15.987311876172454,-18.816682522270956,-8.793876851292897,,-16.773992532610315,-16.10665469745807,-6.415104915206131,,-14.707763193239135,-15.794290033414505,-8.38504785971107,,-15.564503153838507,-14.326129552821525,-8.552559676268176,,-17.027095622537747,-13.91472113986058,-9.730483139503564,,-19.297271727484993,-16.122011986683717,-8.498057891865175,,-11.428620701308962,-15.298660359084987,-8.727715739394121,,-16.33162150606442,-16.763051011879163,-9.228122641965518,,-16.85021983864686,-17.792251556699416,-9.330727621115594,,-17.919743704294003,-15.08111258782625,-9.04362306320867,,-19.694937632916446,-14.958917946857575,-6.873910119503346,,-19.793380296779677,-19.133082759036693,-6.665675063423838,,-16.10366975996094,-16.775970058275014,-7.742162917090026,,-17.243161662156588,-17.18788255232109,-7.278225445286417,,-14.249831043298668,-16.164657826531613,-6.91923363131565,,-17.24321826097496,-12.376097285603242,-5.014489820198155,,-16.49267194826556,-16.346030704022944,-7.788495937111679,,-16.44672231426958,-13.492671478040585,-5.229670944474549,,-15.683054955141154,-15.819623072748435,-8.654590484778748,,-16.29251782911192,-14.998712686241875,15,2400,46.706995,Pasture,South,10.602312,S4,2353
-8.870296214811955,-9.91136742049949,,-10.898624246633728,-6.105025611563511,-6.121531082886069,,-10.283893440185885,-5.307854319674135,-10.877519781778894,,-8.649405531045995,-7.365781445620609,-10.995116953563164,,-10.060082732836232,-10.422222161592467,-10.989189640334212,,-11.312668656495612,-9.085562328094065,-9.331511517284984,,-10.89239471008481,-13.091983447211286,-10.623163261316503,,-14.597952789533684,-16.23146247347507,-13.501250256301807,,-13.201439097856634,-12.729552152789678,-11.00283983300853,-8.99674802070344,-7.663548317313364,,-10.09194654308394,-9.615624954025066,-10.339955839455584,,-15.192926476465956,-8.623396922340893,-7.807733741676533,,-10.610807169400651,-9.203704937110526,-11.165577284472306,,-10.622984731925051,-6.030575647417472,,-12.832140535120914,-10.989055142695033,-8.943888798048905,,-12.08027993037867,-9.081870629532729,-7.827903595162718,,-8.16404529397227,-6.292165645250001,-8.032165758223037,,-9.77950058143223,-7.2597912122260855,-9.421138966558527,,-9.80511698558806,-6.6057491294904755,-11.586667484211109,,-9.21898308819138,-11.160860467165312,-10.854130467719202,-7.332135781030277,-11.023689157353832,,-7.6679419365738735,-8.198389053436664,-11.768305375523916,,-11.293074338135664,-9.444036494786598,-7.987318922732138,,-7.542879406984536,-10.675347601155387,-8.13686757211228,,-8.877565125325479,-7.93828200948013,-12.50938609099945,,-9.500429939032673,-12.266137158337255,-13.795741636996347,,-11.033517186798026,-10.898050827523395,-9.56891529687498,,-10.467689940467427,-11.343709188082425,-12.633945411296246,,-12.074738983725972,-9.945666189454837,-9.210835553622363,,-9.8466481386817,-9.85513606126449,-10.824236817263948,,-13.15320504363209,-11.982527713676578,-12.191784617860007,,-8.016163791985614,-10.950386220542455,-11.20688529268596,,-9.05215863677281,-11.25960993539361,-10.502280449116878,,-8.955072160344814,-7.9235366726384715,-12.039301246979065,,-6.9888370909172695,-9.67496579046178,-9.16584600121589,,-9.974138056867922,-9.463191597018987,-10.505505466619155,,-10.94128321520214,-13.541888157213176,-12.798968616829304,,-12.512265398644374,-10.665339095355552,-16.726711354909032,,-11.874949534137247,-11.48492783805164,-9.91387496287104,,-10.924128881787441,-11.774947415608983,-8.86971550656986,,-9.326290153024754,-8.2941049923031,-7.988029835150792,,-9.4400122195016,-10.328288363548708,-7.588181347406464,,-11.373256659528636,-8.02574713301146,16,2000,46.74048467,Pasture,Flat,10.69699228,M4,1986
-10.492687155317867,-9.67197131163189,,-13.338084070197587,-12.630171061372454,-8.360818445542783,,-10.553345122653546,-11.649182399123601,-5.084265905174719,,-10.674254518956282,-10.182474662964163,-9.457374935004454,,-16.270640217458606,-11.431199083857393,-6.674307682110081,,-11.67494204280076,-11.648471959658695,-6.9780555924988965,,-12.716826563060593,-14.712855528307365,-8.217468110029534,,-16.307532153795073,-15.066000433299365,-8.072913021625798,,-12.801524706043299,-10.344125049269593,-12.16102267589415,-10.722346344793657,-7.90220173177481,,-8.560439942217235,-11.058789461479265,-8.644346586847222,,-10.112127972144236,-10.961038975917381,-7.70306230043433,,-10.335813001761924,-10.592594040379106,-9.048907449742805,,-10.861821501466702,-7.081632705542418,,-10.399710242463126,-9.827650555601942,-8.070601183896953,,-13.062000736592836,-10.514783240795577,-8.771669837283255,,-14.108543075972973,-9.099850592360614,-11.845906723149609,,-13.183943510584177,-6.439839535856487,-9.218374918397043,,-15.906617873904583,-8.338499378907565,-7.432331952295478,,-11.48934457399694,-10.35719597892427,-15.423053595667163,-13.39156137204535,-6.93175328748577,,-12.07818535396366,-11.034904118697433,-9.290182130256929,,-12.546209847484278,-10.093742511037384,-8.621288140211528,,-12.626439383520442,-9.86408119751162,-9.797438576886389,,-12.061186744399976,-13.230468643702471,-5.4733183351780585,,-11.552730255587825,-13.940150513754766,-5.694336147864791,,-13.211557012109594,-10.349480277956616,-10.458597708739957,,-14.312371436085336,-14.375180027853297,-10.481578997253527,,-12.41666421930331,-12.661416200793905,-9.452902363725698,,-13.387251559042863,-10.844579023274692,-9.069657926633553,,-15.26685418795297,-14.89835994912912,-9.512888850203767,,-15.031805419441504,-15.522092790623027,-7.90251873300647,,-14.149285352002481,-12.93035687895538,-8.687629669376353,,-13.103489681323964,-16.57486840377073,-6.181181876562972,,-13.978961762324637,-15.58935406376115,-9.767284116703825,,-17.505610193595157,-12.683110246468942,-10.131980314414593,,-14.811327744928125,-11.13275147928202,-7.542192180940851,,-15.490374257290371,-12.671834209287278,-10.279121488460119,,-15.808660833474537,-12.105849436496056,-7.809314171961579,,-12.63010020875525,-12.25702049756929,-6.79945271185995,,-13.915228047694672,-12.07845531246264,-8.585070386162846,,-13.125117269487227,-11.152340725332966,-9.101214473238933,,-14.305928366313998,-12.76853443204121,17,2000,46.74219931,Bare soil,Flat,10.69901896,M4s,2010
-2.528803407585372,-16.347520830926186,,-3.750835733577353,-0.29456660567051324,-16.245563075905327,,-6.361153108969978,-3.3887793831766717,-16.90327032615206,,-5.377395890695293,-4.133689647289595,-17.050399450518498,,-7.469537225074424,-1.1082284857038982,-15.356157152258671,,-6.0965832211245665,0.8199975140114584,-16.03347745290011,,-7.070127160030975,-5.804438280059805,-16.391987148685697,,-5.004093661016835,-6.446439347027817,-17.70386013385628,,-1.2473414759689312,-1.5582930461860964,-6.1602151588086755,-5.005207311524904,-17.138368975813,,-7.300330606612702,-5.034642465144293,-15.175541851908465,,-3.176431729271656,0.9716064110234711,-15.384218221697154,,-3.6334943679786673,-4.058383036770166,-13.746742935392398,,-2.702858566146365,-15.342023686389421,,-0.9543678144616297,-0.8120772286226734,-13.01404299760971,,-3.9625670072777384,-4.077706433833431,-13.724937978360089,,-6.669809617119577,-2.3821298293684414,-15.733167858227851,,-3.8741883098160135,-3.2518273452797937,-14.478309274500653,,-6.1041446656009635,-3.1964835349586975,-16.157628905734672,,-4.789094580110413,-1.6309678621272847,-3.3740710225533173,-4.604464879912603,-14.5788680830068,,-6.110533329757662,-3.763840368439441,-14.863794023710607,,-2.9490486996733187,-0.14843495041514254,-16.642422516088708,,-5.958049707244287,-2.2682283866183344,-15.632970617249935,,-3.723212486373134,-2.9096512862813713,-14.609372174228088,,-1.0929718650609288,-2.9250856295832732,-12.839575090871833,,-7.149465105344291,-4.275034413917288,-18.161212768717125,,-6.381805519489545,-3.3994202868776284,-16.893096999330428,,-3.8936157583054776,-1.7437618413126659,-16.3167396209079,,-6.438576467157558,-2.786037004741999,-13.517622298744133,,-6.4864882549388705,-4.491393726872216,-15.586719143132866,,-5.203971545484631,-4.709345197973408,-16.415953297298866,,-8.223171972708268,-2.2360406463059608,-15.233488396434968,,-6.685511724386481,-6.46445291111052,-13.634257725397687,,-5.646310102413663,-4.494818339453691,-17.71146349073845,,-3.9334222766395524,-1.5335876536914193,-15.747897207192082,,-6.201386121266665,-3.756234052062463,-13.83508253126884,,-4.743913887046337,-4.246428770358099,-14.317521852639493,,-5.65460575754773,-1.9051964896135274,-14.272834667885805,,-7.252643154847612,-4.422146650743226,-17.22313518105065,,-4.190856095723309,-5.029664762102337,-14.210085346732624,,-6.193038117662271,-1.2180848901244743,-15.393415272414464,,-2.6854214552374085,0.42701350987365577,18,2400,46.695578,Forest,North,10.648088,F6,2360
-14.309103541835754,-8.734235665284702,,-15.130396006259208,-12.902577110578983,-5.774529488074675,,-15.515063479392584,-13.163957231365783,-7.977825194007654,,-12.486916295192202,-12.547307101260598,-4.87148921678159,,-12.288642102980678,-15.932877644961474,-3.496250773532124,,-13.092783746752863,-13.441781799380202,-5.107813450512473,,-14.575699225642005,-15.201820609754757,-7.480524988706785,,-13.086559675626283,-12.73191200917786,-6.262384827072597,,-12.37205236071507,-13.839419338021548,-10.597729688965094,-11.482736176513582,-5.980805535206479,,-15.05250479276598,-13.276463673711017,-4.623004860498551,,-14.555406510928188,-10.019898695504878,-7.24373831858288,,-12.554317394681032,-11.030681472969793,-5.883780594212534,,-11.870646069922678,-6.298255999276698,,-17.144260767432748,-9.21714478370827,-4.335072337865269,,-13.849935436528924,-10.007761007574764,-2.566462175478881,,-9.498917467222117,-11.523917238878676,-4.963928218167578,,-13.226279642962957,-10.49511730970641,-6.988514239623019,,-13.28782069138777,-12.725144738015517,-6.490732522539643,,-13.976440484840222,-12.615663300248134,-11.355686568825634,-13.379811790590583,-7.2874605518323285,,-13.094310561431872,-13.278809185672955,-3.5760219426046387,,-14.470158823986306,-13.319115213719286,-6.285529097842933,,-14.028747550845072,-11.560515209122812,-7.864867657096365,,-15.182914552062819,-11.999033484413086,-5.82739800021704,,-15.043540415660711,-10.249590638428227,-6.033734622428014,,-14.8274816867097,-12.009808257966972,-4.804513278916367,,-11.843538517682813,-15.903164104624846,-6.277504013204524,,-16.075698329511045,-14.290194530508911,-3.7297901448648996,,-14.633230872657856,-20.196747579203553,-5.020594888261305,,-13.714638068055972,-9.44965713990224,-7.059991889897887,,-13.073736328164621,-10.509534742328006,-5.985115310204037,,-16.496993833500774,-14.478463083854894,-9.20634284424559,,-14.930878243210524,-11.952893427889823,-3.447988381671465,,-15.146873556341356,-13.344040399939507,-6.714862487279367,,-12.90110486527575,-12.42320542304509,-7.163973073858463,,-14.39174569060826,-12.967381459598837,-8.589769782714269,,-12.084205966470122,-10.926092404596188,-7.631744756837594,,-10.297145101134785,-15.444676623922014,-6.6893665721766435,,-13.486451593144775,-10.452562220638601,-2.4506023045985024,,-11.026493667493536,-10.783761625362462,-3.241836438784617,,-11.209907295652117,-11.224724605395346,-4.287744613978189,,-14.921393391852618,-10.964593958089889,19,2100,46.73886,Forest,South,10.68865,F5,2090
-3.7072653721614426,-17.204607526258453,,-5.866178827717125,-4.7700892414558975,-18.54986215711748,,-5.760373581037684,-3.9333098994555993,-17.06028367573651,,-8.395831553763815,0.28607785079822345,-14.83518594491005,,-6.8315266389182945,-3.8098105782918963,-16.58235227602796,,-5.768418287641085,-3.280399389598791,-18.3527421373044,,-2.7136570276008753,-6.858697894775024,-17.87471429517483,,-5.83166965161357,-4.5904620118649655,-11.358394974284865,,-7.262422743124716,-0.7220119190892914,-5.224288041901264,-3.774365955011734,-17.063286533541717,,-3.524123751405996,-4.950876001178334,-14.725943004402044,,-6.732282394086045,-0.6702655162305905,-13.573923093764549,,-5.483485609305806,-2.0999427076872537,-15.66574890761184,,-3.5159392723578287,-15.621054168909174,,-8.760879259246174,-4.409833878809844,-15.461720698599198,,-6.453995556530147,-4.811533003589878,-15.811675097273872,,-4.342378306840937,-2.6269718693495276,-16.548857069643677,,-4.3198955378868344,-6.217406624233275,-11.562497015195659,,-6.365846630582762,-2.0532350316564725,-12.053626804492906,,-6.323113915378294,-2.4932871539240677,-5.053360243780341,-3.446437728904237,-13.31706209409839,,-10.535324040878077,-1.6053046608351027,-14.497288865241657,,-7.105906687417869,-2.8585702358981804,-16.18367455639392,,-5.789326581976642,-5.2365643439218825,-16.01270533643945,,-5.675432896508381,-2.661740728596264,-15.260339044638977,,-7.752358656129007,-2.396553799203682,-15.495582445447646,,-6.77282730357369,-3.371183756277058,-14.046670730519583,,-5.266985575303775,-4.891637092840131,-13.752772169860012,,-9.209775329888855,-5.513841242150512,-16.928189045253422,,-3.9383755232964934,-7.2024512548802235,-14.270720378060872,,-4.646286506418255,-6.375796117886554,-13.349980416995763,,-4.257709049938333,-6.443575305930802,-14.991348215452083,,-8.759391278109065,-4.427480022979306,-16.05630284493221,,-8.455133070466575,-6.6365025035061365,-17.19330527878369,,-8.60538160929088,-7.100633840564132,-14.60071743587724,,-6.070784735070438,-2.8673922044349847,-15.510171356876016,,-7.007208251301532,-3.7669362369996047,-18.05677248928785,,-4.53586677665436,-4.124965128773562,-16.47567054151179,,-3.7561107994779457,-2.004249820470115,-17.07086994594369,,-5.722778279900017,-1.5361980690583812,-14.626750936436466,,-8.281550406907618,-2.966288225165153,-15.602731676460559,,-3.5217223503218724,-0.7256430691483539,-17.251014503251053,,-9.08040990957444,-3.878799030608209,20,2000,46.69865,Forest,North,10.64211,F4,2027
-14.195883705730566,-5.2088036286497355,,-15.739432336189626,-11.603551870814375,-4.572418064038264,,-12.331735907584768,-12.232010043855512,-6.673854837659768,,-15.82515418102008,-11.05913879575872,-3.906049274328662,,-15.353318896364463,-11.438072350824484,-5.122447888475109,,-15.792008545488514,-14.730947070895182,-4.927661222889446,,-13.931302007689768,-10.772445759962636,-5.718848998442585,,-13.668313911662736,-11.014869119632614,-4.931063951998167,,-12.726854361538042,-13.062880027860643,-10.279484154947916,-14.389938589955074,-2.4376280658639833,,-16.083541511135714,-12.570035930312793,-2.3247822776786826,,-12.588620145621146,-12.145806823845131,-3.3360615169854624,,-13.150559081944662,-16.85527002068076,-3.4528101911740445,,-13.600912093800003,-4.9995142254554805,,-13.02900356885951,-14.030714084019829,-3.311991426577936,,-16.50964673871171,-12.880639880108912,-3.2811950199252764,,-11.666956087948135,-14.35420535202539,-6.515398393927159,,-13.140474425412712,-14.987786211965444,-4.174231863842274,,-9.498745923604853,-16.771688928932782,-1.9764808078111809,,-14.785242015989567,-13.667615919327487,-13.20079162025922,-11.782708266216941,-3.286681617692322,,-11.243546933623305,-13.464552849354089,-3.3085819663413316,,-14.369205931583204,-13.789117061744061,-7.083670367811358,,-14.073126231361574,-15.069069914033902,-3.11849168116461,,-17.096482264681534,-14.228518660480919,-2.937830842453997,,-15.785780323866165,-10.959391714391229,-4.478097489295377,,-11.347079011826562,-12.576249945436587,-2.9360425595192075,,-12.138405332936664,-14.755690552744138,-4.094000117921153,,-14.413845121544336,-12.892870761776125,-5.207838327499892,,-15.028174561022158,-15.570609646985083,-4.812588156818615,,-11.50902924296416,-14.582081075096923,-3.2633021575346937,,-16.902729139518826,-13.25185450648444,-6.7438432819637395,,-14.92986322920903,-14.298585374271102,-4.127014391548501,,-13.968548925029747,-15.655235626837493,-6.162387649526583,,-13.954090859824325,-13.976978498667059,-6.57547494859834,,-12.95976855736181,-16.898507820300562,-4.5033082869050585,,-14.697680867206184,-12.312881296554288,-3.9435529631820936,,-12.577054924185642,-9.319973747777995,-5.0126603004374095,,-12.122618429694219,-12.314221326540038,-4.968133833497639,,-14.608041566584788,-17.405480499282522,-6.051888115020426,,-14.792489230534562,-10.973305091815401,-4.641188305484843,,-15.01731454594397,-15.296277322847123,-4.065358827373292,,-14.089459625421059,-12.63234374434112,21,2000,46.69759,Forest,South,10.60724,F3,1985
-15.554617525551427,-4.263623773370743,,-14.481109094515928,-12.616087613326627,-4.360129164448956,,-17.215831888813316,-12.782210229156398,-1.259696685634237,,-15.832753467211631,-15.586967453366798,-1.9888287749511957,,-12.932157504311029,-13.401001679873412,-1.653609512624055,,-13.967416563468486,-13.87022069351769,-2.8659616963669956,,-15.543061689907866,-12.832727861329506,-2.4374474727176922,,-15.196254824874577,-11.29050826608122,1.1201033713005202,,-18.28534938353197,-15.18338229926181,-15.106640145989171,-12.923858027297277,-0.16526771021735243,,-17.756502382611828,-14.721473442907643,1.4561181425343064,,-16.70903178565224,-13.157279599522887,-0.05222106309157781,,-17.527991612225232,-14.743764659612982,0.5794865700968559,,-14.62726411126608,1.2899230900448826,,-15.23780171002973,-13.53803202673979,0.3659427606786049,,-11.118448428555624,-11.000055439546806,0.7807201480918202,,-16.203439722971172,-16.397755505094842,-0.3709529525932621,,-16.81680951871723,-15.876511870262789,-2.0567775357437923,,-14.776745572002348,-15.459696364213933,-1.9161393506423419,,-14.723623635177393,-13.84775986146851,-13.144170293107784,-13.794722052167494,-0.39626035095834145,,-17.008157171967365,-15.51934843161141,1.5616820886272316,,-15.689282289506865,-11.583097759317301,0.47023274846535895,,-17.45462334692251,-16.47143370982177,-0.6601953958461787,,-20.427306152038106,-13.663716154427089,1.4566756872334385,,-16.496718692676115,-11.885928446549832,0.891867886244882,,-16.038305653786814,-11.583392678254514,0.2122670145086461,,-16.726312777825324,-14.03075460249205,0.861814032100945,,-16.30237222230694,-11.288795200637605,-1.0629815099916942,,-14.236092877833205,-16.6585093150162,2.0370551885547337,,-15.83289601311569,-13.570598320426402,-0.3028592678170072,,-13.148499256462605,-12.232823743176045,-1.2410679960539968,,-16.355180444886063,-14.367293637667748,-2.444568893285341,,-18.235632026132983,-13.01002647999513,-4.694120883996003,,-14.077605319849534,-10.699940074759713,-0.8266582336684348,,-13.191532270760833,-18.043141407277147,-1.3894511920444599,,-16.846946198394946,-12.655344586626512,-2.5988243978085728,,-12.842334191985572,-12.408078374164369,0.4877329783800112,,-16.456525469244646,-14.902421075027947,-1.9315479072650479,,-16.71243338597548,-16.035743950934666,-3.4411727343225094,,-16.119681490649683,-15.21833089186595,2.028546210646631,,-14.599926490793463,-9.814219377484896,-0.5919394858775101,,-17.16002359969117,-13.385308845997884,22,1700,46.69435,Forest,South,10.61268,F2,1710
-3.437990004595648,,-14.526988422777674,-5.807861100812576,-6.311506327509893,,-11.465204047048857,-5.17680820429387,-3.511140731849858,,-15.84765186395446,-7.013939165518392,-2.8757567794393424,,-11.934543683874496,-7.1854077429642835,-1.8827082293868216,,-13.022632310875936,-5.638440348143662,-2.811296776110186,,-11.47188297936221,-9.356973947677552,-3.055326419259341,,-12.6125938795264,-3.981912334567324,-1.4858841734271666,,-13.500324313819792,-7.953282785032463,-3.614636129077071,-4.461078503111799,-2.767584299925256,,-12.095966092784941,-5.194962563103496,-4.4752046701455575,,-11.238714160320711,-3.922301437026452,-0.4857163223219947,,-12.003207981578285,-4.466365455635652,-5.459244580350231,,-11.709735659294537,-5.840728226145067,,-13.750221498845995,-2.9824810644832986,-1.611516235659942,,-12.967121628912036,-4.251631836766825,-3.051859029164948,,-14.610582511584028,-3.0052747745709563,-3.8216307433947043,,-12.129846409487975,-7.137028805783475,-6.081660638105032,,-11.279979297143726,-5.887027068322893,-5.820931144152869,,-15.408180908540093,-2.42193002046844,-5.149912416720708,-2.8553677751960582,-3.001824881859746,,-11.642817185569891,-6.913961494620095,-5.472809911202051,,-10.584731451704574,-6.78979938062311,-2.178299496096875,,-14.906848536896586,-9.48792988131525,-7.299109083365854,,-12.906573465907009,-7.843776153032534,-6.137288690353047,,-12.760991555293481,-4.538652343690571,-2.4104585257322904,,-11.386587899281759,-8.534166544098108,-4.88722729686467,,-9.653754556393213,-7.980005240057664,-1.1939453853374111,,-10.4725319894245,-7.9213659349936805,-7.294708888409098,,-13.420949781152196,-8.04458968792962,-5.022595202332301,,-15.021244282614422,-7.281673417950685,-5.069147991419136,,-13.333677079956349,-8.129109007185551,-6.302169625948634,,-12.30031831826798,-6.083705663370668,-4.06310884824692,,-14.182533143275943,-7.062452746485012,-6.489727662493721,,-13.872293901530558,-8.0958810114509,-2.7425903998271646,,-15.590825698840224,-5.284439945831857,-2.242564470853857,,-11.725396503227675,-4.367880816510699,-0.8806818734827155,,-11.823178603132105,-5.922945442980794,-7.2824428135496175,,-13.598873290429502,-3.2969618879162073,-6.0544069886178296,,-14.65741805155936,-5.313379261181997,-5.650755238214019,,-13.289972530680124,-4.719346951730021,-5.717695821415944,,-12.815652074085932,-4.7535980984847095,-2.831278728786244,,-12.08227882808092,-2.932015638653345,-5.538723866057947,23,1200,46.67776,Forest,South,10.577797,F1,1154
